ID,Fuel_type,Granted_power_MW,latitude,longitude,year,Fuel_consumed_plant_GJ
2025,Oil_thermal,0.5456,-3.05445119,-69.002235,2017,169069.1795
2029,Oil_thermal,0.232,-12.9999983,-60.94480395,2017,54022.84932
2033,Oil_thermal,3.18,-3.70101671,-65.33081093,2017,985410.5402
2037,Oil_thermal,1.92,-3.41817574,-68.28735283,2017,594964.8545
2049,Oil_thermal,5.35,-7.20250574,-59.88690518,2017,1657844.777
2053,Oil_thermal,7.67,-5.12066596,-60.38043633,2017,2376760.643
2061,Oil_thermal,1.52,-4.36615749,-70.18798928,2017,471013.8431
2065,Oil_thermal,7.94,-3.57942916,-59.13275442,2017,2460427.575
2069,Oil_thermal,0.9,-4.04549803,-59.37053558,2017,278889.7755
2073,Oil_thermal,1.222,-1.89737215,-50.21113971,2017,378670.3397
2077,Oil_thermal,0.72,-7.35277998,-50.4075014,2017,223111.8204
2081,Oil_thermal,5.26,-0.97274561,-62.9256602,2017,1629955.799
2085,Oil_thermal,0.44,-9.29167023,-50.04608449,2017,136346.1125
2089,Oil_thermal,2.982,-2.8063048,-57.06650043,2017,924054.7896
2093,Oil_thermal,0.3088,-8.52174068,-46.74677434,2017,95690.18076
2097,Oil_thermal,5.12,-4.37498902,-70.02734843,2017,1586572.945
2101,Oil_thermal,6.52,-3.89780895,-61.37472681,2017,2020401.485
2105,Oil_thermal,0.75,-3.07833887,-68.06277772,2017,232408.1463
2109,Oil_thermal,2.76,-2.96885845,-57.58803746,2017,855261.9783
2113,Oil_thermal,7.641,-8.76805555,-67.31888888,2017,2367774.194
2117,Oil_thermal,0.224,-12.43831043,-64.22856358,2017,52159.99245
2121,Oil_thermal,5.6,-4.38972222,-59.59611111,2017,1735314.159
2129,Oil_thermal,4.1,-2.46083334,-57.10277778,2017,1270497.866
2137,Oil_thermal,169.08,-7.23073189,-35.889979,2017,82028709.97
2141,Oil_thermal,0.55,-3.30562507,-60.61374745,2017,170432.6406
2145,Oil_thermal,3.38,-6.53444444,-64.38361111,2017,1047386.046
2149,Oil_thermal,5.456,-4.87722222,-66.89638889,2017,1690691.795
2153,Oil_thermal,2.42,-3.19739694,-59.82631389,2017,749903.6187
2157,Oil_thermal,17.52,-3.81888888,-60.36805553,2017,5429054.297
2161,Oil_thermal,0.8544,-3.30496317,-60.61485602,2017,264759.3602
2165,Oil_thermal,32.6,-21.54869966,-47.77251455,2017,7591141.758
2169,Oil_thermal,138.172,-22.35628767,-46.96053455,2017,32174332.49
2173,Oil_thermal,19.31,-4.09055556,-63.14694444,2017,5983735.073
2181,Oil_thermal,10.946,-13.11489866,-60.51859055,2017,2548853.917
2185,Oil_thermal,74.4,-29.93900967,-51.70853455,2017,29536362.09
2189,Oil_thermal,3.38,-7.44083333,-70.02972222,2017,1047386.046
2193,Oil_thermal,0.55,-4.37212137,-70.19218565,2017,170432.6406
2197,Oil_thermal,0.06,-11.04799138,-45.19299114,2017,29108.83959
2205,Oil_thermal,6.12,-2.52452989,-66.03914881,2017,1896450.474
2213,Oil_thermal,1.28,-7.5460003,-72.58400008,2017,396643.2363
2217,Oil_thermal,13.25,-7.51577731,-63.02464789,2017,4105877.251
2221,Oil_thermal,1.11,-0.12600966,-67.07953455,2017,343964.0565
2229,Oil_thermal,0.438,-2.93090559,-69.69636525,2017,135726.3574
2233,Oil_thermal,2.68,-7.05472225,-71.691389,2017,830471.776
2237,Oil_thermal,29.7,-3.13416702,-58.44610748,2017,9203362.593
2241,Oil_thermal,1.76,-6.43944471,-68.24611134,2017,545384.4499
2245,Oil_thermal,0.324,-15.24616694,-40.24738111,2017,157187.7338
2249,Oil_thermal,0.434,-3.59795366,-60.80803455,2017,134486.8473
2253,Oil_thermal,0.28,-1.8219442,-66.60888918,2017,86765.70794
2265,Oil_thermal,1.22,-3.47388902,-66.06694405,2017,378050.5846
2269,Oil_thermal,6.54,-2.74226188,-66.76832294,2017,2026599.036
2273,Oil_thermal,6.3,-7.26583333,-64.79361111,2017,1952228.429
2277,Oil_thermal,1.425,-1.88010513,-66.99727264,2017,441575.4779
2281,Oil_thermal,0.3,-0.79492201,-47.59874769,2017,92963.25851
2285,Oil_thermal,15.55,-3.29128766,-60.60747855,2017,4818595.566
2289,Oil_thermal,6.02,-3.43210867,-60.45940728,2017,1865462.721
2293,Oil_thermal,6.45,-5.81487451,-61.29264516,2017,1998710.058
2297,Oil_thermal,3.9,-1.83504968,-65.60700876,2017,1208522.361
2301,Oil_thermal,9.68,-3.39555556,-57.71611111,2017,2999614.475
2305,Oil_thermal,1.825,-21.43982535,-47.34580139,2017,424964.2242
2309,Oil_thermal,0.372,-2.4570353,-57.28118077,2017,115274.4406
2313,Oil_thermal,0.42,-1.88432068,-48.76789855,2017,130148.5619
2317,Oil_thermal,4.2,-1.52733889,-52.576835,2017,1301485.619
2321,Oil_thermal,8,-0.92305556,-52.43305556,2017,2479020.227
2325,Oil_thermal,0.1,-3.86277772,-62.48166664,2017,30987.75284
2329,Oil_thermal,4.68,-2.18916664,-56.71444444,2017,1450226.833
2337,Oil_thermal,3.597,-9.84350966,-57.80192344,2017,837587.0216
2341,Oil_thermal,0.048,-11.71992506,-61.77320562,2017,11177.14124
2345,Oil_thermal,3.2,-10.41010773,-65.33184863,2017,745142.7493
2349,Oil_thermal,2.683,-13.02200966,-57.06453455,2017,624755.6239
2353,Oil_thermal,2.502,-9.96795411,-57.45553455,2017,582608.4871
2357,Oil_thermal,9.164,-3.89972222,-59.09222222,2017,2839717.67
2361,Oil_thermal,5.2,-2.62369772,-60.9553335,2017,1611363.148
2365,Oil_thermal,5.08,-3.38638889,-59.27388889,2017,1574177.844
2369,Oil_thermal,9.125,-7.03489855,-55.394979,2017,2827632.446
2373,Oil_thermal,4.42,-3.22027778,-59.02194444,2017,1369658.675
2377,Oil_thermal,175.56,-16.80600967,-49.914979,2017,40880394.08
2381,Oil_thermal,1.2,-3.0000541,-47.35538198,2017,371853.034
2385,Oil_thermal,29.55,-2.63292277,-56.74383495,2017,9156880.963
2389,Oil_thermal,5.28,-7.70598852,-66.99989767,2017,1636153.35
2393,Oil_thermal,0.818,-2.79666635,-57.27972179,2017,253479.8182
2397,Oil_thermal,13,-11.68323166,-61.17497855,2017,3027142.419
2401,Oil_thermal,390,-23.69628767,-46.66859055,2017,90814272.57
2405,Oil_thermal,0.048,-6.75281556,-37.74468611,2017,11177.14124
2409,Oil_thermal,15.3,-1.76200966,-55.85653455,2017,4741126.184
2413,Oil_thermal,2.3,-2.4210648,-48.15092695,2017,712718.3153
2417,Oil_thermal,71.9,-29.8698262,-51.17719592,2017,28543876.81
2437,Oil_thermal,2.344,-12.93517633,-51.81275678,2017,545817.0639
2441,Oil_thermal,6,-23.87383333,-46.42641667,2017,1397142.655
2445,Oil_thermal,2.67,-2.57139445,-57.86943436,2017,827373.0008
2453,Oil_thermal,2.84,-0.42055555,-65.03527779,2017,880052.1806
2461,Oil_thermal,20.02,-4.25350966,-69.92914555,2017,6203748.118
2465,Oil_thermal,3.78,-5.61739866,-63.17831255,2017,1171337.057
2469,Oil_thermal,16.482,-3.35045366,-64.66081255,2017,5107401.423
2473,Oil_thermal,4.2,-2.88781371,-67.79418371,2017,1301485.619
2477,Oil_thermal,4.7592,-3.84517633,-32.41720121,2017,2308913.157
2481,Oil_thermal,0.95,-3.69305555,-61.06444444,2017,294383.652
2489,Oil_thermal,4.94,-2.53073166,-57.75109055,2017,1530794.99
2497,Oil_thermal,5.65,-2.61391578,-56.66644576,2017,1750808.035
2501,Oil_thermal,0.308,-1.39136033,-69.42428279,2017,95442.27874
2505,Oil_thermal,1.355,-3.53235922,-64.41015251,2017,419884.0509
2509,Oil_thermal,0.429,-2.78900966,-57.06053455,2017,132937.4597
2513,Oil_thermal,0.686,-3.27694444,-60.93305555,2017,212575.9845
2517,Oil_thermal,1.112,-8.84045411,-49.72192344,2017,344583.8115
2521,Oil_thermal,5.02,-3.10591691,-67.94644389,2017,1555585.192
2525,Oil_thermal,0.016,-1.395,-61.78416667,2017,4958.040454
2529,Oil_thermal,2.2,-29.75628744,-51.13775678,2017,873387.0511
2533,Oil_thermal,0.2592,-1.52733889,-52.576835,2017,80320.25535
2537,Oil_thermal,4.12,-3.46406418,-68.94884092,2017,1276695.417
2545,Oil_thermal,0.789,-2.95045366,-58.05247855,2017,244493.3699
2549,Oil_thermal,225.1,-20.12500967,-40.29853455,2017,52416135.27
2553,Oil_thermal,8.988,-23.20766388,-46.82340351,2017,2092919.697
2557,Oil_thermal,5.1,-2.74968043,-58.02233714,2017,1580375.395
2565,Oil_thermal,8.78,-0.12944444,-67.08972222,2017,2720724.699
2573,Oil_thermal,2.76,-3.12184266,-58.14775655,2017,855261.9783
2577,Oil_thermal,8.2,-6.66055601,-69.8761111,2017,2540995.733
2581,Oil_thermal,5.1,-2.98601703,-65.15742708,2017,1580375.395
2585,Oil_thermal,0.72,-1.79795411,-50.70581233,2017,223111.8204
2597,Oil_thermal,2.68,-2.83777326,-58.20971967,2017,830471.776
2601,Oil_thermal,0.72,-0.12600966,-67.07953455,2017,223111.8204
2609,Oil_thermal,5,-23.48914378,-46.43968359,2017,1164285.546
2629,Oil_thermal,7.59,-3.13359877,-58.48522924,2017,2351970.44
2633,Oil_thermal,4.85,-1.50598776,-48.62601361,2017,1502906.013
2637,Oil_thermal,3.05,-22.78079297,-45.16880095,2017,710214.1829
2645,Oil_thermal,0.2,-2.67617447,-56.62643685,2017,61975.50567
2649,Oil_thermal,0.08,-3.19739694,-59.82631389,2017,24790.20227
2653,Oil_thermal,0.418,-3.54722222,-58.92972222,2017,129528.8069
2657,Oil_thermal,0.96,-3.83173471,-55.49931418,2017,297482.4272
2661,Oil_thermal,0.2,-2.94657294,-48.95325214,2017,61975.50567
2665,Oil_thermal,18.02,-23.66000967,-46.52853455,2017,4196085.107
2673,Oil_thermal,0.424,-5.13694389,-72.81111111,2017,131388.072
2677,Oil_thermal,24.4,-19.74400967,-47.92253455,2017,5681713.463
2681,Oil_thermal,0.996,-19.96660049,-43.83431831,2017,231925.6807
2685,Oil_thermal,6.4,-3.14777805,-59.95305611,2017,1983216.182
2689,Oil_thermal,23.75,-12.76607635,-60.13894002,2017,5530356.342
2697,Oil_thermal,10.7,-24.72636111,-48.105,2017,2491571.068
2701,Oil_thermal,64,-8.79444444,-63.81555556,2017,14902854.99
2709,Oil_thermal,0.324,-3.41611816,-61.3647506,2017,100400.3192
2713,Oil_thermal,0.6552,-4.29691577,-69.53766101,2017,203031.7566
2733,Oil_thermal,1.8,-3.74515298,-47.49884055,2017,557779.5511
2737,Oil_thermal,0.75,-2.76184266,-57.74997855,2017,232408.1463
2765,Oil_thermal,8.25,3.83843478,-51.82664566,2017,2556489.609
2785,Oil_thermal,9.624,-23.64600967,-46.71025655,2017,2241016.819
2793,Oil_thermal,0.44,-22.78500967,-50.20853455,2017,102457.128
2797,Oil_thermal,0.472,-22.73922442,-50.20863749,2017,109908.5555
2813,Oil_thermal,0.04,-0.97280105,-62.92566966,2017,12395.10113
2829,Oil_thermal,3.75,-22.16474423,-49.95874051,2017,873214.1593
2833,Oil_thermal,0.144,-22.66199977,-50.41199989,2017,33531.42372
2841,Oil_thermal,1.5,-3.70776888,-38.58011483,2017,727720.9898
2853,Oil_thermal,4.5,-3.67150804,-40.34515899,2017,2183162.97
2857,Oil_thermal,11.45,-22.97989867,-43.42081255,2017,2666213.9
2865,Oil_thermal,1.6,-21.79036,-48.17444,2017,372571.3747
2869,Oil_thermal,1.6,-12.29792347,-38.96633375,2017,776235.7225
2881,Oil_thermal,0.72,-23.15399151,-46.93675746,2017,167657.1186
2885,Oil_thermal,1.08,-15.59200966,-56.08753455,2017,251485.6779
2889,Oil_thermal,4.76,-23.54400967,-46.62653455,2017,1108399.84
2893,Oil_thermal,0.8,-22.85795579,-47.22002043,2017,186285.6873
2897,Oil_thermal,2,-22.77400967,-47.28653455,2017,465714.2183
2945,Oil_thermal,4,-23.54400967,-46.62653455,2017,931428.4366
2949,Oil_thermal,3.75,-21.14624595,-47.82860155,2017,873214.1593
2953,Oil_thermal,4.48,-22.87665194,-43.227875,2017,1043199.849
2961,Oil_thermal,2,-22.92787,-47.12746,2017,465714.2183
2967,Oil_thermal,0.9,-26.10040806,-49.797685,2017,357294.7027
2971,Oil_thermal,23,-19.6275,-46.98611111,2017,5355713.511
2979,Oil_thermal,14.76,-3.73274187,-38.64339191,2017,7160774.54
2983,Oil_thermal,11.48,-4.34840551,-38.86096552,2017,5569491.309
2987,Oil_thermal,13.12,-7.23243966,-39.47796455,2017,6365132.924
2991,Oil_thermal,11.48,-4.55308691,-37.77001242,2017,5569491.309
2995,Oil_thermal,14.76,-6.37591626,-39.29668971,2017,7160774.54
2999,Oil_thermal,14.76,-3.58275732,-38.87382734,2017,7160774.54
3003,Oil_thermal,14.76,-7.20942363,-39.30611274,2017,7160774.54
3007,Oil_thermal,13.12,-4.86128766,-42.78164555,2017,6365132.924
3011,Oil_thermal,13.12,-5.34184266,-42.80692355,2017,6365132.924
3015,Oil_thermal,13.12,-4.84239866,-42.18359055,2017,6365132.924
3019,Oil_thermal,13.12,-5.03611816,-42.44527091,2017,6365132.924
3023,Oil_thermal,1.598,-10.83323189,-61.45442344,2017,372105.6604
3027,Oil_thermal,136.2,-9.39737611,-40.49999889,2017,66077065.88
3043,Oil_thermal,57.22,-19.96626178,-44.09553798,2017,13324083.79
3047,Oil_thermal,0.223,-12.96700966,-38.50153455,2017,108187.8538
3051,Oil_thermal,2.175,-23.48640133,-46.74389289,2017,506464.2124
3055,Oil_thermal,1.0704,-23.51666589,-46.91567289,2017,249250.2496
3059,Oil_thermal,44.44,-16.39639274,-48.93035943,2017,10348169.93
3063,Oil_thermal,31.8,-12.66534901,-38.33517137,2017,15427684.98
3067,Oil_thermal,3.84,-23.60087338,-48.09491741,2017,894171.2992
3071,Oil_thermal,53.576,-16.58166695,-49.25749997,2017,12475552.48
3075,Oil_thermal,53.12,-5.87062078,-35.29331233,2017,25771025.99
3079,Oil_thermal,12.895,-14.23926827,-41.72330298,2017,6255974.776
3087,Oil_thermal,1.296,-21.46899111,-47.00717111,2017,301782.8135
3091,Oil_thermal,0.725,-21.59200967,-46.87953455,2017,168821.4041
3095,Oil_thermal,2,-22.70944337,-47.01242972,2017,465714.2183
3103,Oil_thermal,36,-14.34323166,-48.43081255,2017,8382855.93
3111,Oil_thermal,1.342,-22.70678194,-46.98234305,2017,312494.2405
3123,Oil_thermal,0.696,-22.701,-46.764,2017,162068.548
3131,Oil_thermal,1.44,-21.36000967,-46.93053455,2017,335314.2372
3135,Oil_thermal,0.696,-22.74377111,-46.89780194,2017,162068.548
3139,Oil_thermal,4.924,-23.69000967,-46.55553455,2017,1146588.405
3143,Oil_thermal,4.4504,-10.84875389,-37.12849611,2017,2159099.662
3151,Oil_thermal,6.4,-22.82104145,-47.19009321,2017,1490285.499
3155,Oil_thermal,3.898,-22.75992195,-47.15438611,2017,907677.0115
3159,Oil_thermal,1.36,-21.21171815,-47.81516992,2017,316685.6685
3163,Oil_thermal,0.824,-21.13799358,-47.99003332,2017,191874.2579
3167,Oil_thermal,1.296,-23.52900967,-46.78253455,2017,301782.8135
3171,Oil_thermal,3,-21.25344611,-50.64263889,2017,698571.3275
3175,Oil_thermal,0.9,-20.88199986,-49.56999982,2017,209571.3982
3179,Oil_thermal,0.36,-21.46899111,-47.00717112,2017,83828.5593
3183,Oil_thermal,1.6,-22.89900967,-43.19853455,2017,372571.3747
3187,Oil_thermal,0.6,-22.32512194,-49.08300111,2017,139714.2655
3191,Oil_thermal,2.04,-21.25100967,-48.31253455,2017,475028.5027
3195,Oil_thermal,0.9,-22.93222222,-48.46499999,2017,209571.3982
3203,Oil_thermal,3.5,-22.10614611,-50.17602806,2017,814999.882
3207,Oil_thermal,1.056,-22.23212805,-48.71887389,2017,245897.1073
3211,Oil_thermal,1.45,-22.315,-49.061,2017,337642.8083
3215,Oil_thermal,1.172,-20.53000967,-49.30453455,2017,272908.5319
3223,Oil_thermal,3.688,-16.00442078,-49.78671233,2017,858777.0186
3227,Oil_thermal,2,-23.00834127,-44.35506151,2017,465714.2183
3231,Oil_thermal,3.688,-16.40200967,-49.20953455,2017,858777.0186
3235,Oil_thermal,0.369,-16.32882611,-48.95721806,2017,85924.27328
3239,Oil_thermal,0.725,-22.32512194,-49.08300111,2017,168821.4041
3243,Oil_thermal,0.352,-23.49060984,-46.84341668,2017,81965.70242
3247,Oil_thermal,0.3688,-17.73031883,-49.08887156,2017,85877.70186
3251,Oil_thermal,0.36,-22.73266016,-48.57284175,2017,83828.5593
3255,Oil_thermal,0.62,-21.184835,-47.80547611,2017,144371.4077
3259,Oil_thermal,0.142,-22.32512194,-49.08300111,2017,33065.7095
3263,Oil_thermal,0.725,-21.20547611,-50.43922611,2017,168821.4041
3267,Oil_thermal,0.564,-23.54400967,-46.62653455,2017,131331.4096
3271,Oil_thermal,0.48,-23.50179628,-46.82215025,2017,111771.4124
3275,Oil_thermal,1.45,-23.54400967,-46.62653455,2017,337642.8083
3279,Oil_thermal,4.8,-22.46900716,-48.98803336,2017,1117714.124
3283,Oil_thermal,0.2,-19.864738,-44.60538,2017,46571.42183
3291,Oil_thermal,0.184,-21.88796909,-42.70403336,2017,42845.70808
3295,Oil_thermal,11.48,-22.70327398,-47.62459851,2017,2673199.613
3299,Oil_thermal,0.288,-21.16502482,-47.7947477,2017,67062.84744
3303,Oil_thermal,0.64,-23.4801378,-46.52712351,2017,149028.5499
3307,Oil_thermal,0.648,-21.18551389,-47.80895556,2017,150891.4067
3311,Oil_thermal,0.144,-22.29100121,-49.55301195,2017,33531.42372
3315,Oil_thermal,0.252,-22.21000967,-49.93653455,2017,58679.99151
3319,Oil_thermal,1.15,-23.6588269,-46.70334205,2017,267785.6755
3323,Oil_thermal,0.324,-22.21322844,-49.96762605,2017,75445.70337
3327,Oil_thermal,3.75,-22.90734194,-47.06015611,2017,873214.1593
3331,Oil_thermal,0.68,-22.32512194,-49.08300111,2017,158342.8342
3335,Oil_thermal,1.3112,-23.60663208,-46.69634612,2017,305322.2415
3339,Oil_thermal,1.62,-23.68200967,-46.61353455,2017,377228.5168
3343,Oil_thermal,0.64,-12.78710046,-38.40329097,2017,310494.289
3347,Oil_thermal,0.648,-23.47689805,-46.35160306,2017,150891.4067
3351,Oil_thermal,3.2,-2.69500966,-59.69053455,2017,991608.0908
3355,Oil_thermal,0.972,-21.99404889,-47.42517306,2017,226337.1101
3363,Oil_thermal,5.475,-23.54400967,-46.62653455,2017,1274892.673
3371,Oil_thermal,0.9,-23.53766244,-46.70962344,2017,209571.3982
3375,Oil_thermal,0.72,-13.01477195,-38.48806111,2017,349306.0751
3379,Oil_thermal,0.16,-23.26544194,-47.29975,2017,37257.13747
3383,Oil_thermal,2.23,-23.69000967,-46.55553455,2017,519271.3534
3387,Oil_thermal,0.691,-23.54400967,-46.62653455,2017,160904.2624
3391,Oil_thermal,1.05,-4.49381966,-69.44123455,2017,325371.4048
3395,Oil_thermal,0.6,-21.79036,-48.17444,2017,139714.2655
3399,Oil_thermal,2,-8.28300966,-35.02553455,2017,970294.6531
3403,Oil_thermal,0.208,-22.21493306,-49.95164611,2017,48434.2787
3407,Oil_thermal,0.74,-23.49800967,-47.44853455,2017,172314.2608
3411,Oil_thermal,0.04,-23.49090709,-46.58830961,2017,9314.284366
3415,Oil_thermal,1.267,-23.43620688,-46.39120175,2017,295029.9573
3419,Oil_thermal,2,-27.00400967,-51.14253455,2017,793988.2283
3423,Oil_thermal,0.72,-9.29323189,-50.092479,2017,223111.8204
3427,Oil_thermal,0.32,-23.46850611,-46.53108389,2017,74514.27493
3435,Oil_thermal,1.44,-4.45133806,-43.88608,2017,446223.6409
3439,Oil_thermal,3.6,-22.90200967,-47.05153455,2017,838285.593
3447,Oil_thermal,0.64,-23.22826667,-45.91116944,2017,149028.5499
3451,Oil_thermal,0.264,-23.47459513,-46.47537426,2017,61474.27682
3455,Oil_thermal,1.666,-20.79323966,-49.34864455,2017,387939.9439
3459,Oil_thermal,14.8,-18.16600967,-47.93253455,2017,3446285.216
3467,Oil_thermal,0.04,-21.99200967,-47.41653455,2017,9314.284366
3475,Oil_thermal,4.92,-4.27200966,-55.97453455,2017,1524597.44
3479,Oil_thermal,93.0368,-3.10916667,-59.93944444,2017,28830013.63
3483,Oil_thermal,0.208,-21.93075278,-50.51347222,2017,48434.2787
3487,Oil_thermal,0.352,-22.77744411,-45.15442092,2017,81965.70242
3491,Oil_thermal,0.576,-20.55323189,-48.55853455,2017,134125.6949
3495,Oil_thermal,1.08,-3.77370966,-38.53213455,2017,523959.1127
3499,Oil_thermal,0.216,-3.77249999,-38.53666666,2017,104791.8225
3503,Oil_thermal,0.024,-3.73648694,-38.66401806,2017,11643.53584
3507,Oil_thermal,0.024,-3.61882966,-39.50631455,2017,11643.53584
3511,Oil_thermal,0.128,-4.25371288,-69.93996964,2017,39664.32363
3515,Oil_thermal,1.008,-3.03238871,-60.04556857,2017,312356.5486
3519,Oil_thermal,0.032,-5.91200966,-35.25353455,2017,15524.71445
3523,Oil_thermal,0.72,-5.91200966,-35.25353455,2017,349306.0751
3527,Oil_thermal,0.064,-5.90829529,-35.24910041,2017,31049.4289
3531,Oil_thermal,0.044,-21.17800003,-47.81000001,2017,10245.7128
3535,Oil_thermal,0.972,-23.52900967,-46.78253455,2017,226337.1101
3539,Oil_thermal,0.144,-3.38067101,-64.72489846,2017,44622.36409
3543,Oil_thermal,0.35,-1.45888901,-61.63305556,2017,108457.1349
3547,Oil_thermal,1.115,-23.45045278,-46.48895833,2017,259635.6767
3551,Oil_thermal,2.494,-23.64610427,-46.72130838,2017,580745.6302
3555,Oil_thermal,1.8,-23.54400967,-46.62653455,2017,419142.7965
3559,Oil_thermal,0.128,-31.71775545,-52.32939429,2017,50815.24661
3563,Oil_thermal,0.72,-27.66628933,-48.54275849,2017,285835.7622
3567,Oil_thermal,0.307,-23.50689022,-46.62681789,2017,71487.13251
3571,Oil_thermal,0.312,-19.01098025,-57.66784027,2017,72651.41806
3575,Oil_thermal,0.588,-26.22306982,-48.79955747,2017,233432.5391
3579,Oil_thermal,0.018,-21.58410193,-45.46897959,2017,4191.427965
3583,Oil_thermal,0.541,-23.50890194,-46.87465305,2017,125975.6961
3587,Oil_thermal,0.13,-22.55184243,-55.70358151,2017,30271.42419
3591,Oil_thermal,0.044,-22.1259999,-51.38899998,2017,10245.7128
3595,Oil_thermal,0.048,-22.315,-49.061,2017,11177.14124
3599,Oil_thermal,0.065,-21.83450167,-46.56289289,2017,15135.7121
3603,Oil_thermal,1.25,-22.79765,-43.35168056,2017,291071.3864
3607,Oil_thermal,0.084,-23.22832783,-45.8615712,2017,19559.99717
3611,Oil_thermal,0.678,-20.45779368,-54.66855982,2017,157877.12
3615,Oil_thermal,0.4,-25.59441271,-54.48882214,2017,158797.6457
3619,Oil_thermal,0.876,-23.33111332,-51.13717383,2017,347766.844
3623,Oil_thermal,2.273,-23.62740607,-46.65579564,2017,529284.2091
3627,Oil_thermal,0.184,-23.54400967,-46.62653455,2017,42845.70808
3631,Oil_thermal,0.12,-23.49800967,-47.44853455,2017,27942.8531
3635,Oil_thermal,0.797,-8.71375169,-63.89986455,2017,185587.116
3651,Oil_thermal,1.28,-23.61086111,-46.69668056,2017,298057.0997
3655,Oil_thermal,0.96,-23.51040573,-46.61167482,2017,223542.8248
3659,Oil_thermal,1.448,-9.26356712,-60.31520132,2017,337177.0941
3663,Oil_thermal,0.032,-23.50712355,-46.66365955,2017,7451.427493
3667,Oil_thermal,3.865,-23.00781136,-47.13716498,2017,899992.7269
3675,Oil_thermal,0.984,-25.53213991,-49.17351327,2017,390642.2083
3679,Oil_thermal,2.704,-29.99304407,-51.16833331,2017,1073472.085
3683,Oil_thermal,0.054,-31.38481244,-54.10293178,2017,21437.68216
3687,Oil_thermal,0.608,-26.87956562,-48.64989171,2017,241372.4214
3691,Oil_thermal,0.744,-27.5995412,-48.54515277,2017,295363.6209
3695,Oil_thermal,0.0176,-20.89769596,-51.57032781,2017,4098.285121
3699,Oil_thermal,0.0176,-22.41251194,-47.56353305,2017,4098.285121
3703,Oil_thermal,0.024,-23.93373695,-46.33137111,2017,5588.57062
3707,Oil_thermal,0.012,-22.95689611,-46.54233305,2017,2794.28531
3711,Oil_thermal,0.011,-23.26544194,-47.29975,2017,2561.428201
3715,Oil_thermal,0.184,-22.71688411,-46.77276242,2017,42845.70808
3719,Oil_thermal,0.144,-23.301575,-48.052685,2017,33531.42372
3723,Oil_thermal,0.144,-23.09800967,-48.60653455,2017,33531.42372
3727,Oil_thermal,0.092,-23.35200967,-47.84753455,2017,21422.85404
3731,Oil_thermal,0.092,-23.58787306,-48.04614305,2017,21422.85404
3735,Oil_thermal,0.092,-24.09068056,-49.22723611,2017,21422.85404
3739,Oil_thermal,0.136,-22.871,-49.163,2017,31668.56685
3743,Oil_thermal,0.092,-24.00680111,-48.351435,2017,21422.85404
3747,Oil_thermal,0.092,-23.92000967,-48.68353455,2017,21422.85404
3751,Oil_thermal,0.092,-23.63700967,-47.81553455,2017,21422.85404
3755,Oil_thermal,0.092,-23.10319389,-48.92326305,2017,21422.85404
3759,Oil_thermal,0.022,-18.50841111,-54.75805611,2017,5122.856401
3763,Oil_thermal,0.0176,-23.44000967,-46.90853455,2017,4098.285121
3767,Oil_thermal,0.024,-23.49800967,-47.44853455,2017,5588.57062
3771,Oil_thermal,0.024,-24.31800001,-49.144,2017,5588.57062
3775,Oil_thermal,0.844,-23.35027694,-47.68989389,2017,196531.4001
3779,Oil_thermal,0.725,-23.54400967,-46.62653455,2017,168821.4041
3783,Oil_thermal,6.56,-3.09027778,-59.91527778,2017,2032796.586
3787,Oil_thermal,14.6,-23.54400967,-46.62653455,2017,3399713.794
3791,Oil_thermal,0.984,-10.38962078,-57.70692344,2017,229131.3954
3795,Oil_thermal,0.96,-22.87665194,-43.227875,2017,223542.8248
3799,Oil_thermal,4.44,-30.03003694,-51.22866,2017,1762653.867
3803,Oil_thermal,0.369,-21.0482101,-49.36180095,2017,85924.27328
3807,Oil_thermal,0.088,-22.21000967,-49.93653455,2017,20491.42561
3811,Oil_thermal,0.352,-22.72026174,-46.86234907,2017,81965.70242
3815,Oil_thermal,0.17,-9.51306214,-35.78445876,2017,82475.04552
3819,Oil_thermal,1.62,-23.51900967,-46.17853455,2017,377228.5168
3831,Oil_thermal,0.065,-23.53361194,-46.78881,2017,15135.7121
3835,Oil_thermal,0.156,-23.45155256,-46.3343467,2017,36325.70903
3839,Oil_thermal,3.567,-22.45300967,-47.52053455,2017,830601.3084
3843,Oil_thermal,4,-23.58976244,-46.68094011,2017,931428.4366
3847,Oil_thermal,0.464,-23.538681,-46.40721183,2017,108045.6986
3851,Oil_thermal,0.096,-22.98654087,-43.37216208,2017,22354.28248
3855,Oil_thermal,0.228,-20.63103231,-49.65593533,2017,53091.42089
3859,Oil_thermal,0.23,-5.06345714,-42.8213166,2017,111583.8851
3863,Oil_thermal,0.64,-8.28589806,-35.96707306,2017,310494.289
3867,Oil_thermal,2.96,-1.459845,-48.48782611,2017,917237.484
3871,Oil_thermal,3.066,-21.67100967,-45.91053455,2017,713939.8967
3875,Oil_thermal,0.029,-19.9093049,-43.9885908,2017,6752.856166
3879,Oil_thermal,0.144,-21.69592029,-41.29839919,2017,33531.42372
3883,Oil_thermal,2,-22.89900967,-43.19853455,2017,465714.2183
3887,Oil_thermal,140.331,-16.7938888,-49.23944452,2017,32677070.99
3891,Oil_thermal,0.048,-21.79254875,-43.38625517,2017,11177.14124
3895,Oil_thermal,0.616,-7.14718849,-34.95042855,2017,298850.7532
3899,Oil_thermal,0.244,-22.34201432,-41.76533089,2017,56817.13463
3903,Oil_thermal,1.609,-20.83757544,-49.40683683,2017,374667.0886
3907,Oil_thermal,0.728,-22.87665194,-43.227875,2017,169519.9755
3911,Oil_thermal,0.204,-19.84842719,-43.94794977,2017,47502.85027
3915,Oil_thermal,0.024,-19.85036296,-43.94604072,2017,5588.57062
3919,Oil_thermal,0.024,-19.84884124,-43.94927905,2017,5588.57062
3923,Oil_thermal,2.72,-23.61648056,-46.69881389,2017,633371.3369
3927,Oil_thermal,0.324,-22.9102973,-43.16344602,2017,75445.70337
3931,Oil_thermal,2.2,-19.63712078,-43.962479,2017,512285.6401
3935,Oil_thermal,0.1,-7.19787,-59.88566611,2017,30987.75284
3939,Oil_thermal,0.16,-1.39749994,-61.97555561,2017,49580.40454
3943,Oil_thermal,0.08,-2.79292386,-57.06995717,2017,24790.20227
3947,Oil_thermal,0.08,-2.79214339,-57.06858422,2017,24790.20227
3951,Oil_thermal,0.1,-3.89801553,-61.37312659,2017,30987.75284
3955,Oil_thermal,0.0648,-3.89451305,-61.37157111,2017,20080.06384
3959,Oil_thermal,0.35,-6.25027777,-64.24638888,2017,108457.1349
3963,Oil_thermal,0.4296,-3.91582984,-62.91474181,2017,133123.3862
3967,Oil_thermal,0.08,-3.54614726,-63.00796909,2017,24790.20227
3971,Oil_thermal,0.35,-2.57777777,-57.99027777,2017,108457.1349
3975,Oil_thermal,4.68,-5.813205,-61.29924805,2017,1450226.833
3979,Oil_thermal,0.16,-16.70578339,-43.82101898,2017,37257.13747
3983,Oil_thermal,85.38,-2.88850966,-60.02386789,2017,26457343.37
3987,Oil_thermal,1.92,-22.98330278,-43.36685556,2017,447085.6496
3991,Oil_thermal,0.909,-26.91138889,-48.69083333,2017,360867.6498
3995,Oil_thermal,0.208,-22.21935915,-49.94603089,2017,48434.2787
3999,Oil_thermal,0.204,-22.21070889,-49.65653,2017,47502.85027
4007,Oil_thermal,0.12,-22.21070889,-49.65653,2017,27942.8531
4011,Oil_thermal,0.8,-23.71030389,-46.55025694,2017,186285.6873
4019,Oil_thermal,0.067,-23.57445009,-46.60318247,2017,15601.42631
4023,Oil_thermal,0.067,-23.54711484,-46.6290722,2017,15601.42631
4027,Oil_thermal,0.067,-23.55901631,-46.61467527,2017,15601.42631
4031,Oil_thermal,0.248,-23.60312491,-46.60266348,2017,57748.56307
4035,Oil_thermal,0.064,-23.61417393,-46.50122587,2017,14902.85499
4039,Oil_thermal,0.062,-23.59817688,-46.59720884,2017,14437.14077
4043,Oil_thermal,0.12,-23.54178723,-46.6293613,2017,27942.8531
4047,Oil_thermal,0.208,-18.87548395,-41.95825326,2017,48434.2787
4051,Oil_thermal,0.392,-20.26666667,-40.28638889,2017,91279.98679
4055,Oil_thermal,0.39,-5.76416228,-64.40444277,2017,120852.2361
4059,Oil_thermal,0.568,-4.28777774,-61.80166668,2017,176010.4361
4063,Oil_thermal,0.7,-3.18415525,-59.48333362,2017,216914.2699
4067,Oil_thermal,0.96,-23.502,-47.458,2017,223542.8248
4071,Oil_thermal,0.36,-10.90721611,-37.04821278,2017,174653.0376
4075,Oil_thermal,0.96,-19.64500967,-42.74053455,2017,223542.8248
4079,Oil_thermal,0.4,-23.62168409,-46.77446869,2017,93142.84366
4083,Oil_thermal,0.368,-10.9111111,-37.07166676,2017,178534.2162
4091,Oil_thermal,0.134,-23.50666037,-46.68858299,2017,31202.85263
4095,Oil_thermal,0.23,-3.74925298,-61.65993287,2017,71271.83153
4099,Oil_thermal,0.12,-2.53745623,-57.75954314,2017,37185.3034
4103,Oil_thermal,147.1547,-12.69881695,-38.32574,2017,71391709.3
4107,Oil_thermal,150,-12.69021355,-38.30193735,2017,72772098.98
4111,Oil_thermal,66.4,-5.86880966,-35.30464844,2017,32213782.48
4115,Oil_thermal,94.08,-7.85678744,-35.00936789,2017,45642660.48
4119,Oil_thermal,143.04,-7.86077304,-35.01876676,2017,69395473.59
4123,Oil_thermal,0.4,-23.9614885,-46.38098979,2017,93142.84366
4127,Oil_thermal,1.23,-10.31587806,-36.57671805,2017,596731.2117
4131,Oil_thermal,0.448,-16.63209397,-49.21961258,2017,104319.9849
4135,Oil_thermal,0.704,-15.65438537,-56.11557692,2017,163931.4048
4139,Oil_thermal,0.954,-10.2922144,-48.35628189,2017,295623.1621
4143,Oil_thermal,2.42,-15.86267633,-47.90720122,2017,563514.2042
4147,Oil_thermal,0.288,-18.890123,-48.22986413,2017,67062.84744
4151,Oil_thermal,0.128,-19.76597297,-47.96239004,2017,29805.70997
4155,Oil_thermal,0.14,-23.17545411,-45.877479,2017,32599.99528
4163,Oil_thermal,1.5,-2.91277777,-59.04444443,2017,464816.2926
4167,Oil_thermal,1.2,-23.50153691,-46.85243625,2017,279428.531
4171,Oil_thermal,2.545,-23.54400967,-46.62653455,2017,592621.3428
4175,Oil_thermal,0.96,-16.67331,-49.25581389,2017,223542.8248
4179,Oil_thermal,0.48,-23.43580992,-46.48281008,2017,111771.4124
4183,Oil_thermal,0.48,-23.43759452,-46.4818464,2017,111771.4124
4187,Oil_thermal,9.6,-23.42930967,-46.45713455,2017,2235428.248
4191,Oil_thermal,0.688,-23.64608966,-46.63864455,2017,160205.6911
4199,Oil_thermal,490,-22.90986348,-43.73963785,2017,114099983.5
4207,Oil_thermal,0.448,-18.20022034,-45.461054,2017,104319.9849
4211,Oil_thermal,0.445,-23.02244569,-45.53939842,2017,103621.4136
4215,Oil_thermal,0.24,-23.45340722,-46.916338,2017,55885.7062
4219,Oil_thermal,0.41,-22.51900967,-44.09453455,2017,95471.41475
4223,Oil_thermal,0.72,-23.56741338,-46.64313464,2017,167657.1186
4227,Oil_thermal,1.056,-23.54400967,-46.62653455,2017,245897.1073
4231,Oil_thermal,1.408,-22.87665194,-43.227875,2017,327862.8097
4235,Oil_thermal,4.944,-20.79288582,-49.21579928,2017,1151245.548
4239,Oil_thermal,0.208,-19.46400967,-42.52753455,2017,48434.2787
4243,Oil_thermal,0.64,-20.29049778,-40.30387325,2017,149028.5499
4247,Oil_thermal,0.324,-23.47689805,-46.35160306,2017,75445.70337
4251,Oil_thermal,0.7296,-22.78927414,-43.30640351,2017,169892.5468
4255,Oil_thermal,0.0473,-23.529725,-46.66754167,2017,11014.14126
4263,Oil_thermal,7.5,-15.24500966,-40.23853455,2017,3638604.949
4267,Oil_thermal,0.648,-20.55040634,-47.41008151,2017,150891.4067
4271,Oil_thermal,0.04,-23.49651659,-46.62326903,2017,9314.284366
4275,Oil_thermal,0.648,-23.5475,-46.63611111,2017,150891.4067
4279,Oil_thermal,3.6,-27.06186363,-48.90368216,2017,1429178.811
4283,Oil_thermal,0.496,-29.66500967,-52.77953455,2017,196909.0806
4287,Oil_thermal,1.944,-29.66425408,-51.11871065,2017,771756.5579
4291,Oil_thermal,170.852,-7.20957357,-34.92295892,2017,82888391.04
4295,Oil_thermal,148.8,-12.72999389,-38.4821208,2017,72189922.19
4299,Oil_thermal,170.852,-7.16140967,-34.86031455,2017,82888391.04
4303,Oil_thermal,3.36,-15.57720002,-56.07137218,2017,782399.8868
4307,Oil_thermal,148.8,-12.73021042,-38.48121661,2017,72189922.19
4311,Oil_thermal,168,-3.87300966,-38.61653455,2017,81504750.86
4315,Oil_thermal,2.0384,-23.54400967,-46.62653455,2017,474655.9313
4319,Oil_thermal,1.92,-12.96700966,-38.50153455,2017,931482.867
4323,Oil_thermal,174.6,-20.37395966,-40.42928178,2017,40656851.26
4327,Oil_thermal,165.87,-3.5661887,-44.55871817,2017,51399385.63
4331,Oil_thermal,0.32,-23.30488,-45.96959305,2017,74514.27493
4335,Oil_thermal,4.5,-6.95488898,-40.52030541,2017,2183162.97
4343,Oil_thermal,3.3,-22.89036389,-43.24329222,2017,768428.4602
4347,Oil_thermal,0.648,-23.64731306,-46.85086,2017,150891.4067
4351,Oil_thermal,1.92,-22.40700967,-47.55153455,2017,447085.6496
4359,Oil_thermal,0.48,-28.51400967,-49.31153455,2017,190557.1748
4363,Oil_thermal,0.48,-8.20099837,-35.56500075,2017,232870.7167
4367,Oil_thermal,1.334,-29.91400967,-51.17453455,2017,529590.1483
4375,Oil_thermal,0.09,-2.84663993,-66.92774449,2017,27888.97755
4379,Oil_thermal,165.87,-3.5661887,-44.55871817,2017,51399385.63
4387,Oil_thermal,381.255,-8.351993,-35.022973,2017,184964844
4395,Oil_thermal,45.8,-1.76375389,-55.8628,2017,14192390.8
4399,Oil_thermal,0.324,-12.78045411,-38.39442344,2017,157187.7338
4403,Oil_thermal,0.168,-26.00927078,-50.60844566,2017,66695.01118
4407,Oil_thermal,1.8,-22.90734194,-47.06015611,2017,419142.7965
4411,Oil_thermal,0.168,-12.78045411,-38.39442344,2017,81504.75086
4415,Oil_thermal,0.552,-20.79723,-49.35811,2017,128537.1243
4423,Oil_thermal,0.32,-23.025318,-45.55692622,2017,74514.27493
4427,Oil_thermal,0.135,-18.64827,-48.191605,2017,31435.70974
4431,Oil_thermal,0.12,-17.06861111,-47.11027778,2017,27942.8531
4435,Oil_thermal,0.04,-23.54400967,-46.62653455,2017,9314.284366
4439,Oil_thermal,0.208,-23.60351389,-46.93184611,2017,48434.2787
4443,Oil_thermal,0.324,-23.548,-46.636,2017,75445.70337
4447,Oil_thermal,0.168,-23.56232633,-46.56640678,2017,39119.99434
4463,Oil_thermal,2.448,-28.53076244,-49.30935955,2017,971841.5914
4467,Oil_thermal,0.445,-22.87665194,-43.227875,2017,103621.4136
4471,Oil_thermal,2.56,-1.403039,-48.430705,2017,793286.4726
4475,Oil_thermal,0.972,-22.38628742,-44.95720123,2017,226337.1101
4479,Oil_thermal,3.6,-22.87721666,-43.27164722,2017,838285.593
4483,Oil_thermal,0.264,-27.09960118,-52.61537809,2017,104806.4461
4487,Oil_thermal,0.1704,-23.548,-46.636,2017,39678.8514
4491,Oil_thermal,0.972,-12.33742746,-38.77677937,2017,471563.2014
4495,Oil_thermal,0.208,-20.4675936,-54.63132435,2017,48434.2787
4499,Oil_thermal,0.48,-23.52210819,-51.43730969,2017,190557.1748
4503,Oil_thermal,0.48,-23.49620133,-46.74257622,2017,111771.4124
4507,Oil_thermal,0.208,-29.16739855,-51.50970122,2017,82574.77574
4511,Oil_thermal,1.44,-5.35260611,-49.142025,2017,446223.6409
4515,Oil_thermal,0.062,-24.95379805,-53.45972194,2017,24613.63508
4519,Oil_thermal,0.48,-26.87505438,-52.40124848,2017,190557.1748
4523,Oil_thermal,0.186,-7.94318805,-34.88479194,2017,90237.40274
4527,Oil_thermal,0.64,-22.87665194,-43.227875,2017,149028.5499
4531,Oil_thermal,0.64,-22.87665194,-43.227875,2017,149028.5499
4535,Oil_thermal,0.96,-22.87665194,-43.227875,2017,223542.8248
4539,Oil_thermal,1.44,-23.54378744,-46.62636789,2017,335314.2372
4543,Oil_thermal,0.186,-22.726843,-45.11525678,2017,43311.4223
4547,Oil_thermal,0.528,-3.37762601,-64.72105304,2017,163615.335
4551,Oil_thermal,0.128,-0.13035725,-67.05720588,2017,39664.32363
4555,Oil_thermal,0.128,3.86188165,-51.79710575,2017,39664.32363
4559,Oil_thermal,0.408,-11.88491213,-55.58321342,2017,95005.70054
4563,Oil_thermal,0.128,-1.36123448,-48.24543986,2017,39664.32363
4567,Oil_thermal,0.408,-11.63242544,-50.68594226,2017,95005.70054
4571,Oil_thermal,1,-3.14925529,-59.99194968,2017,309877.5284
4575,Oil_thermal,0.408,-5.53726743,-47.46283394,2017,126430.0316
4579,Oil_thermal,0.408,-9.33755804,-54.96550625,2017,126430.0316
4583,Oil_thermal,0.408,-10.78989851,-65.28745145,2017,95005.70054
4587,Oil_thermal,0.04,-1.86955635,-55.51672102,2017,12395.10113
4591,Oil_thermal,0.612,-6.23804158,-57.77715557,2017,189645.0474
4595,Oil_thermal,0.408,-15.85943706,-58.46875146,2017,95005.70054
4599,Oil_thermal,0.408,-6.64161422,-51.95748438,2017,126430.0316
4603,Oil_thermal,0.408,-6.63660272,-69.88493604,2017,126430.0316
4607,Oil_thermal,0.6,-0.13035725,-67.05720588,2017,185926.517
4611,Oil_thermal,0.528,-8.70992011,-63.89491111,2017,122948.5536
4615,Oil_thermal,0.4,-4.24883925,-69.93548406,2017,123951.0113
4619,Oil_thermal,0.4,-3.14667302,-59.99764441,2017,123951.0113
4623,Oil_thermal,0.612,-1.86941787,-55.51600655,2017,189645.0474
4627,Oil_thermal,0.528,-1.3904556,-48.4799983,2017,163615.335
4631,Oil_thermal,0.136,-3.37776877,-64.72291021,2017,42143.34386
4635,Oil_thermal,0.4,-8.70976683,-63.89499035,2017,93142.84366
4639,Oil_thermal,0.528,-2.42887722,-54.79870083,2017,163615.335
4643,Oil_thermal,0.136,-15.85978552,-58.46868027,2017,31668.56685
4647,Oil_thermal,0.136,-6.63660272,-69.88493604,2017,42143.34386
4651,Oil_thermal,0.136,-10.78997705,-65.28744296,2017,31668.56685
4655,Oil_thermal,0.528,-8.34977496,-49.31391389,2017,163615.335
4659,Oil_thermal,0.528,0.04971232,-51.0690356,2017,163615.335
4663,Oil_thermal,0.528,-12.69328256,-60.10302861,2017,122948.5536
4667,Oil_thermal,0.528,-2.58378413,-44.23662698,2017,163615.335
4671,Oil_thermal,0.136,-11.88438389,-55.58289279,2017,31668.56685
4675,Oil_thermal,0.408,-5.81090711,-61.28244172,2017,126430.0316
4679,Oil_thermal,0.04,-1.76375389,-55.8628,2017,12395.10113
4683,Oil_thermal,0.264,-3.03364167,-60.04054167,2017,81807.66749
4687,Oil_thermal,0.08,-3.19456645,-52.20932663,2017,24790.20227
4691,Oil_thermal,0.04,-2.99239934,-60.04774827,2017,12395.10113
4695,Oil_thermal,0.04,-5.37071667,-49.13604444,2017,12395.10113
4699,Oil_thermal,0.04,-4.8764487,-66.90005818,2017,12395.10113
4703,Oil_thermal,2.5,-3.05738744,-60.07695955,2017,774693.8209
4707,Oil_thermal,0.04,-23.71030389,-46.55025694,2017,9314.284366
4711,Oil_thermal,0.186,-18.9427777,-46.97979849,2017,43311.4223
4715,Oil_thermal,2.023,-12.91025182,-38.33034256,2017,981453.0416
4719,Oil_thermal,0.0176,-22.95689611,-46.54233305,2017,4098.285121
4723,Oil_thermal,0.012,-22.95689611,-46.54233305,2017,2794.28531
4727,Oil_thermal,1.44,-23.2033176,-45.88352164,2017,335314.2372
4731,Oil_thermal,0.0022,-23.02633894,-45.55501433,2017,512.2856401
4739,Oil_thermal,0.304,-23.52962078,-46.73525678,2017,70788.56118
4743,Oil_thermal,2.368,-8.1318571,-34.91895659,2017,1148828.869
4747,Oil_thermal,1.408,-10.90712078,-37.06220122,2017,683087.4358
4751,Oil_thermal,0.368,-9.65903259,-35.70264841,2017,178534.2162
4755,Oil_thermal,1.8,-20.32573189,-40.28442344,2017,419142.7965
4759,Oil_thermal,0.06,-19.58573189,-46.92803455,2017,13971.42655
4763,Oil_thermal,0.64,-22.87665194,-43.227875,2017,149028.5499
4767,Oil_thermal,0.72,-28.56123467,-49.26438733,2017,285835.7622
4771,Oil_thermal,0.324,-19.64671196,-46.94969441,2017,75445.70337
4775,Oil_thermal,0.016,-23.6972109,-46.57632989,2017,3725.713747
4779,Oil_thermal,1.016,-22.96349555,-47.09934861,2017,236582.8229
4783,Oil_thermal,0.105,-23.54350967,-46.62664566,2017,24449.99646
4787,Oil_thermal,1.08,-23.58682057,-46.72306282,2017,251485.6779
4791,Oil_thermal,1.92,-12.69881694,-38.32573999,2017,931482.867
4795,Oil_thermal,1.08,-21.76648498,-41.34324668,2017,251485.6779
4799,Oil_thermal,0.72,-26.90739855,-48.68136789,2017,285835.7622
4803,Oil_thermal,1.92,-19.93691857,-44.10144292,2017,447085.6496
4807,Oil_thermal,1.1,-20.16331943,-40.23879978,2017,256142.8201
4811,Oil_thermal,0.72,-29.70494167,-51.13301667,2017,285835.7622
4815,Oil_thermal,0.364,-26.991819,-48.634617,2017,144505.8575
4819,Oil_thermal,0.324,-23.49749419,-46.83698872,2017,75445.70337
4823,Oil_thermal,0.144,-23.53361194,-46.78881,2017,33531.42372
4827,Oil_thermal,0.72,-8.06276194,-34.88894194,2017,349306.0751
4831,Oil_thermal,0.062,-23.54750001,-46.63611321,2017,14437.14077
4835,Oil_thermal,1.44,-7.92267837,-34.89741035,2017,698612.1502
4839,Oil_thermal,0.648,-30.07712078,-51.01386789,2017,257252.186
4843,Oil_thermal,0.062,-26.48194578,-49.07667344,2017,24613.63508
4847,Oil_thermal,0.186,-27.09478851,-48.61703204,2017,73840.90523
4851,Oil_thermal,0.112,-19.756283,-47.93185,2017,26079.99623
4855,Oil_thermal,0.364,-28.62213316,-49.25949749,2017,144505.8575
4859,Oil_thermal,1.296,-12.81845237,-38.43378965,2017,628750.9352
4863,Oil_thermal,0.96,-23.11703271,-46.4788931,2017,223542.8248
4867,Oil_thermal,0.232,-20.7279624,-46.6129397,2017,54022.84932
4871,Oil_thermal,6,-25.56675686,-48.62000221,2017,2381964.685
4875,Oil_thermal,0.132,-20.29232433,-45.53938393,2017,30737.13841
4879,Oil_thermal,0.728,-24.94700044,-53.50771408,2017,289011.7151
4883,Oil_thermal,0.113,-19.58296604,-46.94803187,2017,26312.85333
4887,Oil_thermal,0.232,-31.31801999,-54.10712421,2017,92102.63448
4891,Oil_thermal,1.44,-29.49661764,-51.41499853,2017,571671.5244
4895,Oil_thermal,0.24,-24.18472222,-53.0275,2017,95278.58739
4899,Oil_thermal,0.311,-18.92258884,-48.28827493,2017,72418.56095
4903,Oil_thermal,0.728,-23.66773473,-52.58627406,2017,289011.7151
4907,Oil_thermal,0.324,-23.15812329,-47.00307795,2017,75445.70337
4911,Oil_thermal,0.648,-24.96155911,-53.50781,2017,257252.186
4927,Oil_thermal,0.8,-20.55257882,-47.41263916,2017,186285.6873
4931,Oil_thermal,0.8,-10.97077178,-37.06133498,2017,388117.8612
4935,Oil_thermal,1.08,-10.94201942,-37.05872494,2017,523959.1127
4939,Oil_thermal,0.72,-10.90716714,-37.08611739,2017,349306.0751
4943,Oil_thermal,0.576,-10.99525355,-37.06595358,2017,279444.8601
4947,Oil_thermal,0.4,-10.84597863,-37.06325306,2017,194058.9306
4951,Oil_thermal,0.4,-10.94527778,-37.04785277,2017,194058.9306
4955,Oil_thermal,1.296,-29.6904986,-51.07562354,2017,514504.3719
4963,Oil_thermal,0.36,-20.10033824,-43.05750042,2017,83828.5593
4967,Oil_thermal,0.364,-28.646843,-49.20053455,2017,144505.8575
4971,Oil_thermal,0.8,-23.50452222,-46.85487222,2017,186285.6873
4975,Oil_thermal,0.705,-23.46783998,-46.48418301,2017,164164.262
4979,Oil_thermal,0.456,-23.71554432,-51.11257359,2017,181029.316
4983,Oil_thermal,0.073,-23.61442982,-46.50447143,2017,16998.56897
4987,Oil_thermal,0.134,-20.91319015,-46.98167511,2017,31202.85263
4991,Oil_thermal,0.232,-9.66579342,-35.73529028,2017,112554.1798
4995,Oil_thermal,0.96,-22.76083577,-43.38234967,2017,223542.8248
4999,Oil_thermal,1.296,-28.44177846,-52.18732228,2017,514504.3719
5003,Oil_thermal,0.153,-20.71353343,-46.61254989,2017,35627.1377
5007,Oil_thermal,0.63,-22.90933218,-43.18162027,2017,146699.9788
5011,Oil_thermal,0.728,-19.49349047,-44.30772034,2017,169519.9755
5015,Oil_thermal,0.972,-23.53244203,-46.79171975,2017,226337.1101
5019,Oil_thermal,8,-19.86028117,-44.60833096,2017,1862856.873
5023,Oil_thermal,1.246,-17.69138889,-49.14222222,2017,290139.958
5027,Oil_thermal,0.648,-23.00267633,-44.30859011,2017,150891.4067
5031,Oil_thermal,1.6,-18.88938467,-48.24853733,2017,372571.3747
5035,Oil_thermal,0.062,-23.53222355,-46.56604566,2017,14437.14077
5039,Oil_thermal,0.4,-23.497267,-46.835044,2017,93142.84366
5043,Oil_thermal,0.88,-23.64608966,-46.63864455,2017,204914.2561
5047,Oil_thermal,0.352,-23.52631359,-46.58147703,2017,81965.70242
5051,Oil_thermal,0.812,-23.54400967,-46.62653455,2017,189079.9726
5055,Oil_thermal,0.352,-23.54400967,-46.62653455,2017,81965.70242
5059,Oil_thermal,0.12,-23.54400967,-46.62653455,2017,27942.8531
5063,Oil_thermal,0.352,-23.54400967,-46.62653455,2017,81965.70242
5067,Oil_thermal,0.808,-23.68044733,-46.68714074,2017,188148.5442
5071,Oil_thermal,0.369,-23.44853744,-46.72858733,2017,85924.27328
5075,Oil_thermal,0.416,-23.50890194,-46.87465305,2017,96868.55741
5079,Oil_thermal,4,-23.67399855,-46.68797344,2017,931428.4366
5083,Oil_thermal,0.922,-23.75008004,-46.68550888,2017,214694.2546
5087,Oil_thermal,0.758,-23.58656395,-46.75978437,2017,176505.6887
5091,Oil_thermal,1.28,-23.66711548,-46.70699669,2017,298057.0997
5095,Oil_thermal,1.2,-23.36097111,-46.88292,2017,279428.531
5099,Oil_thermal,0.704,-21.20547611,-50.43922611,2017,163931.4048
5103,Oil_thermal,1.296,-10.90721611,-37.04821278,2017,628750.9352
5107,Oil_thermal,1.35,-7.18791232,-34.9146451,2017,654948.8909
5111,Oil_thermal,2.545,-21.76208913,-43.33838435,2017,592621.3428
5119,Oil_thermal,0.24,-23.61848744,-46.76484566,2017,55885.7062
5123,Oil_thermal,0.4,-23.62214253,-46.77429354,2017,93142.84366
5127,Oil_thermal,1.44,-12.74458371,-38.40470743,2017,698612.1502
5131,Oil_thermal,2.96,-25.3685613,-49.12658976,2017,1175102.578
5143,Oil_thermal,200.79,-7.85850966,-35.00803455,2017,97412731.7
5147,Oil_thermal,1.48,-26.78700519,-50.95660735,2017,587551.2889
5151,Oil_thermal,0.186,-15.248019,-40.624042,2017,90237.40274
5155,Oil_thermal,0.324,-15.24616694,-40.24738111,2017,157187.7338
5159,Oil_thermal,0.186,-15.248019,-40.624042,2017,90237.40274
5163,Oil_thermal,0.186,-15.59245611,-39.87565999,2017,90237.40274
5167,Oil_thermal,0.186,-15.65783,-40.061545,2017,90237.40274
5171,Oil_thermal,0.186,-15.56731611,-40.42204389,2017,90237.40274
5175,Oil_thermal,0.186,-15.61977194,-40.260515,2017,90237.40274
5179,Oil_thermal,0.186,-15.56731611,-40.42204389,2017,90237.40274
5183,Oil_thermal,0.186,-15.11903694,-40.07170306,2017,90237.40274
5187,Oil_thermal,0.186,-14.98846044,-39.92249037,2017,90237.40274
5191,Oil_thermal,0.186,-14.984935,-39.92144194,2017,90237.40274
5195,Oil_thermal,0.186,-14.83767633,-39.97720122,2017,90237.40274
5199,Oil_thermal,0.186,-14.75239855,-40.07970122,2017,90237.40274
5203,Oil_thermal,0.186,-14.97267633,-40.39803455,2017,90237.40274
5207,Oil_thermal,0.186,-15.11903694,-40.07170306,2017,90237.40274
5211,Oil_thermal,5.47,-23.62266987,-46.70103067,2017,1273728.387
5215,Oil_thermal,0.86,-10.92444444,-37.05222222,2017,417226.7008
5219,Oil_thermal,0.44,-10.91111111,-37.07166666,2017,213464.8237
5223,Oil_thermal,0.4,-17.34958194,-44.951065,2017,93142.84366
5227,Oil_thermal,0.075,-19.30700967,-46.03953455,2017,17464.28319
5231,Oil_thermal,0.075,-19.73759611,-45.254115,2017,17464.28319
5235,Oil_thermal,0.08,-19.90714634,-44.05390383,2017,18628.56873
5239,Oil_thermal,2.5,-8.16777778,-34.92027778,2017,1212868.316
5243,Oil_thermal,9.828,-2.50999526,-56.17202265,2017,3045476.349
5247,Oil_thermal,5.644,-2.17424041,-56.10508904,2017,1748948.77
5251,Oil_thermal,3.84,-22.03516914,-47.88754319,2017,894171.2992
5255,Oil_thermal,3.84,-21.98163069,-47.89544374,2017,894171.2992
5259,Oil_thermal,3.64,-16.70833333,-49.2725,2017,847599.8773
5263,Oil_thermal,0.24,-1.459845,-48.48782611,2017,74370.60681
5267,Oil_thermal,0.725,-23.64608966,-46.63864455,2017,168821.4041
5287,Oil_thermal,1.016,-29.95310734,-51.06267301,2017,403346.02
5291,Oil_thermal,2.912,-22.22474934,-42.34238539,2017,678079.9019
5295,Oil_thermal,0.264,-23.54400967,-46.62653455,2017,61474.27682
5299,Oil_thermal,2.88,-20.11553551,-44.21603049,2017,670628.4744
5303,Oil_thermal,0.528,-8.28666666,-35.035,2017,256157.7884
5307,Oil_thermal,0.48,-22.19320611,-48.77921806,2017,111771.4124
5311,Oil_thermal,0.44,-12.66591,-38.20632,2017,213464.8237
5315,Oil_thermal,0.96,-22.90572306,-49.62460889,2017,223542.8248
5319,Oil_thermal,4.44,-23.33143498,-47.87461913,2017,1033885.565
5323,Oil_thermal,0.364,-23.52517633,-47.12581233,2017,84759.98773
5327,Oil_thermal,0.48,-25.50684194,-48.52473306,2017,190557.1748
5331,Oil_thermal,1.456,-23.48090319,-47.00216779,2017,339039.9509
5335,Oil_thermal,1.82,-30.37487592,-54.34689174,2017,722529.2877
5339,Oil_thermal,1.82,-21.013735,-49.50713806,2017,423799.9387
5343,Oil_thermal,0.508,-22.81528896,-45.18490879,2017,118291.4115
5347,Oil_thermal,3.624,-15.89032128,-41.0510361,2017,843874.1636
5351,Oil_thermal,1.44,-31.76333333,-52.48388889,2017,571671.5244
5355,Oil_thermal,2.1888,-16.00277778,-39.94694444,2017,509677.6405
5359,Oil_thermal,1.75,-8.06,-34.8875,2017,849007.8215
5363,Oil_thermal,7,-23.63666522,-46.462079,2017,1629999.764
5367,Oil_thermal,11.5,-23.84532472,-46.38157833,2017,2677856.755
5371,Oil_thermal,0.567,-23.58388889,-46.63166667,2017,132029.9809
5375,Oil_thermal,0.292,-23.757435,-46.60795389,2017,67994.27587
5379,Oil_thermal,1.8,-23.30488,-45.96959305,2017,419142.7965
5383,Oil_thermal,0.134,-19.74334363,-47.95623522,2017,31202.85263
5391,Oil_thermal,0.082,-18.91906519,-48.11247899,2017,19094.28295
5395,Oil_thermal,4.015,-8.76889195,-63.83144611,2017,934921.2933
5399,Oil_thermal,0.508,-18.91174551,-48.27186205,2017,118291.4115
5403,Oil_thermal,0.508,-26.26388848,-48.8896599,2017,201673.01
5407,Oil_thermal,4,-23.64608966,-46.63864455,2017,931428.4366
5411,Oil_thermal,0.134,-28.92333333,-52.13,2017,53197.2113
5415,Oil_thermal,0.368,-26.99711662,-48.65535039,2017,146093.834
5419,Oil_thermal,1.92,-16.62108324,-47.74754565,2017,447085.6496
5423,Oil_thermal,0.365,-19.80354797,-42.16879183,2017,84992.84484
5427,Oil_thermal,0.508,-22.48677724,-47.44554581,2017,118291.4115
5431,Oil_thermal,1.68,-20.46110909,-45.52725145,2017,391199.9434
5435,Oil_thermal,0.134,-27.25108611,-49.95565194,2017,53197.2113
5439,Oil_thermal,0.72,-16.61506966,-43.92000455,2017,167657.1186
5443,Oil_thermal,1.524,-1.41312567,-48.44262957,2017,472253.3532
5447,Oil_thermal,0.5,-19.69118664,-44.89704742,2017,116428.5546
5451,Oil_thermal,0.55,-20.16331943,-40.23879978,2017,128071.41
5455,Oil_thermal,0.45,-28.30025262,-54.25603071,2017,178647.3514
5459,Oil_thermal,1,-23.7812077,-53.32096808,2017,396994.1141
5463,Oil_thermal,0.347,-7.633315,-48.42480694,2017,107527.5023
5467,Oil_thermal,0.12,-19.7574,-47.95421389,2017,27942.8531
5471,Oil_thermal,0.73,-29.21202778,-51.88925,2017,289805.7033
5475,Oil_thermal,1.46,-16.87803257,-53.58278,2017,339971.3794
5479,Oil_thermal,0.56,-3.49333314,-39.59833348,2017,271682.5029
5483,Oil_thermal,0.144,-14.86611111,-40.83944444,2017,69861.21502
5487,Oil_thermal,0.265,-21.36259537,-45.50324657,2017,61707.13393
5491,Oil_thermal,1.825,-23.64731306,-46.85086,2017,424964.2242
5499,Oil_thermal,0.728,-19.97202778,-44.18236111,2017,169519.9755
5503,Oil_thermal,0.347,-20.32967185,-40.29196857,2017,80801.41688
5507,Oil_thermal,0.41,-23.6582946,-46.60517929,2017,95471.41475
5511,Oil_thermal,0.113,-5.75089889,-35.252255,2017,54821.6479
5515,Oil_thermal,0.347,-23.34744966,-46.86258455,2017,80801.41688
5519,Oil_thermal,1.6,-8.06681987,-34.92245137,2017,776235.7225
5523,Oil_thermal,1.088,-15.80305556,-47.86111111,2017,253348.5348
5527,Oil_thermal,0.113,-28.47675,-49.00047222,2017,44860.3349
5531,Oil_thermal,0.36,-19.66434314,-48.30633344,2017,83828.5593
5535,Oil_thermal,3.36,-16.406745,-48.93766394,2017,782399.8868
5539,Oil_thermal,2.025,-23.50656522,-46.86664566,2017,471535.646
5543,Oil_thermal,1.772,-20.61297694,-42.14773889,2017,412622.7974
5547,Oil_thermal,1.8,-23.54754336,-46.63598082,2017,419142.7965
5551,Oil_thermal,0.694,-21.68106401,-43.44017624,2017,161602.8338
5555,Oil_thermal,0.134,-2.90336,-41.778171,2017,65009.74176
5559,Oil_thermal,0.41,-25.39359195,-51.46343111,2017,162767.5868
5563,Oil_thermal,1.456,-23.64608966,-46.63864455,2017,339039.9509
5567,Oil_thermal,0.364,-26.474445,-48.99210389,2017,144505.8575
5571,Oil_thermal,1.65,-22.22999998,-45.93638891,2017,384214.2301
5575,Oil_thermal,0.037,-19.96349956,-43.95457147,2017,8615.713039
5579,Oil_thermal,0.8,-23.95107966,-52.56711455,2017,317595.2913
5583,Oil_thermal,0.192,-27.09831,-48.91516305,2017,76222.86992
5587,Oil_thermal,0.062,-23.64608966,-46.63864455,2017,14437.14077
5591,Oil_thermal,0.265,-27.32957966,-48.85640455,2017,105203.4402
5595,Oil_thermal,0.508,-28.12273714,-54.82577347,2017,201673.01
5603,Oil_thermal,0.113,-17.93147,-47.66514,2017,26312.85333
5607,Oil_thermal,0.084,-15.44889,-55.939,2017,19559.99717
5611,Oil_thermal,1.524,-21.42817806,-45.94891805,2017,354874.2344
5615,Oil_thermal,2.2,-26.47028312,-48.74850635,2017,873387.0511
5619,Oil_thermal,0.912,-30.04582,-52.89341306,2017,362058.6321
5627,Oil_thermal,1.016,-23.65778334,-46.85289328,2017,236582.8229
5631,Oil_thermal,2.032,-25.53052248,-49.1966609,2017,806692.0399
5635,Oil_thermal,0.704,-8.29640895,-35.95191104,2017,341543.7179
5639,Oil_thermal,2.032,-29.63806272,-51.00701433,2017,806692.0399
5643,Oil_thermal,1.296,-22.85024244,-45.23388591,2017,301782.8135
5647,Oil_thermal,2.032,-29.98567416,-51.16600591,2017,806692.0399
5651,Oil_thermal,1.016,-29.98621559,-51.16481307,2017,403346.02
5655,Oil_thermal,3,-25.43295611,-49.27184806,2017,1190982.342
5659,Oil_thermal,0.113,-19.47511194,-46.53861111,2017,26312.85333
5663,Oil_thermal,0.347,-20.07015966,-43.89448455,2017,80801.41688
5667,Oil_thermal,0.1,-23.08314966,-45.49288455,2017,23285.71092
5675,Oil_thermal,0.122,-26.30451806,-48.84940889,2017,48433.28193
5679,Oil_thermal,0.365,-5.10750716,-36.31995722,2017,177078.7742
5683,Oil_thermal,3.264,-22.9102778,-43.5483333,2017,760045.6043
5687,Oil_thermal,0.508,-22.32512194,-49.08300111,2017,118291.4115
5691,Oil_thermal,0.48,-27.86049966,-54.48759455,2017,190557.1748
5695,Oil_thermal,0.365,-12.15283006,-44.99005309,2017,177078.7742
5699,Oil_thermal,0.264,-27.41573189,-51.762479,2017,104806.4461
5703,Oil_thermal,1.247,-19.80058018,-44.00332028,2017,290372.8151
5707,Oil_thermal,1.44,-22.48170694,-47.45828305,2017,335314.2372
5711,Oil_thermal,0.06,-18.91472104,-48.26754695,2017,13971.42655
5715,Oil_thermal,2.4,-10.90721611,-37.04821278,2017,1164353.584
5719,Oil_thermal,0.508,-27.12098966,-52.64085455,2017,201673.01
5723,Oil_thermal,0.755,-7.50611111,-63.02083333,2017,233957.5339
5727,Oil_thermal,0.12,-28.48846966,-49.31938455,2017,47639.2937
5735,Oil_thermal,0.96,-12.6933074,-38.31515078,2017,465741.4335
5739,Oil_thermal,2.032,-23.68611111,-46.62277778,2017,473165.6458
5743,Oil_thermal,0.12,-28.59437966,-49.32454455,2017,47639.2937
5747,Oil_thermal,0.365,-27.93989855,-52.91359011,2017,144902.8517
5751,Oil_thermal,3.2,-13.30588889,-56.57297222,2017,745142.7493
5755,Oil_thermal,1.016,-29.35843966,-51.95562455,2017,403346.02
5759,Oil_thermal,0.08,-19.02377966,-48.32227455,2017,18628.56873
5763,Oil_thermal,2.8,-10.90721611,-37.04821278,2017,1358412.514
5767,Oil_thermal,0.365,-29.51278785,-51.98529726,2017,144902.8517
5771,Oil_thermal,3.6,-21.75512966,-42.54834455,2017,838285.593
5775,Oil_thermal,2.4,-16.6591564,-49.25923646,2017,558857.062
5779,Oil_thermal,1.32,-23.58869231,-46.83015485,2017,307371.3841
5783,Oil_thermal,2.76,-15.64267633,-56.12303455,2017,642685.6213
5787,Oil_thermal,1.44,-23.60351389,-46.93184611,2017,335314.2372
5791,Oil_thermal,0.265,-27.24138876,-48.63361102,2017,105203.4402
5795,Oil_thermal,0.2,-22.95181018,-43.37264679,2017,46571.42183
5799,Oil_thermal,3.409,-22.94580204,-43.36408073,2017,793809.8851
5803,Oil_thermal,0.8,-18.85438848,-48.29953748,2017,186285.6873
5811,Oil_thermal,0.276,-7.93695411,-34.86363426,2017,133900.6621
5815,Oil_thermal,3.2,-29.76146667,-55.86535,2017,1270381.165
5819,Oil_thermal,1.92,-7.92267837,-34.89741035,2017,931482.867
5823,Oil_thermal,1.6,-31.77186305,-52.41754778,2017,635190.5826
5827,Oil_thermal,2.032,-26.91610805,-49.05763111,2017,806692.0399
5831,Oil_thermal,1.095,-10.7393398,-37.81717177,2017,531236.3226
5835,Oil_thermal,3,-23.64608966,-46.63864455,2017,698571.3275
5843,Oil_thermal,1.82,-23.64608966,-46.63864455,2017,423799.9387
5847,Oil_thermal,0.04,-23.54380245,-46.62676417,2017,9314.284366
5851,Oil_thermal,3.409,-22.94582779,-43.36363438,2017,793809.8851
5855,Oil_thermal,1.265,-23.5475,-46.63611111,2017,294564.2431
5859,Oil_thermal,3.2,-31.35444444,-54.03477221,2017,1270381.165
5863,Oil_thermal,0.042,-23.64608966,-46.63864455,2017,9779.998585
5867,Oil_thermal,0.3472,-30.02900967,-51.22053455,2017,137836.3564
5871,Oil_thermal,0.48,-19.02377966,-48.32227455,2017,111771.4124
5879,Oil_thermal,0.8,-23.42011988,-46.20757715,2017,186285.6873
5883,Oil_thermal,1.2,-19.02377966,-48.32227455,2017,279428.531
5887,Oil_thermal,0.12,-18.95977887,-49.44139565,2017,27942.8531
5891,Oil_thermal,0.112,-23.529343,-46.60720123,2017,26079.99623
5895,Oil_thermal,0.347,-26.49048389,-49.07629889,2017,137756.9576
5899,Oil_thermal,0.694,-16.73050922,-43.85103588,2017,161602.8338
5903,Oil_thermal,0.324,-15.12572966,-46.14902455,2017,75445.70337
5907,Oil_thermal,0.265,-29.71976806,-52.42992889,2017,105203.4402
5911,Oil_thermal,0.184,-20.74981716,-44.73597529,2017,42845.70808
5915,Oil_thermal,0.18,-19.77345546,-47.94449577,2017,41914.27965
5919,Oil_thermal,0.365,-29.69071759,-51.07539543,2017,144902.8517
5923,Oil_thermal,4.96,-20.88382778,-51.35837222,2017,1154971.261
5927,Oil_thermal,0.053,-22.74424999,-50.60211115,2017,12341.42679
5931,Oil_thermal,1.041,-30.02900967,-51.22053455,2017,413270.8728
5935,Oil_thermal,8,-23.52878744,-46.56164567,2017,1862856.873
5939,Oil_thermal,1.683,-18.87244594,-48.25136662,2017,391898.5147
5943,Oil_thermal,0.508,-15.79408695,-47.887905,2017,118291.4115
5947,Oil_thermal,2.032,-6.07273,-49.90078111,2017,629671.1377
5951,Oil_thermal,1.15,-18.89331418,-48.23361865,2017,267785.6755
5955,Oil_thermal,0.113,-26.62236966,-48.97880455,2017,44860.3349
5959,Oil_thermal,0.134,-5.78492966,-35.71101455,2017,65009.74176
5963,Oil_thermal,0.38571,-19.96992211,-47.89209721,2017,89815.31557
5967,Oil_thermal,0.347,-28.6775,-49.36972222,2017,137756.9576
5971,Oil_thermal,1.6,-19.67737195,-51.18870805,2017,372571.3747
5975,Oil_thermal,0.185,-19.57693966,-47.96769455,2017,43078.56519
5979,Oil_thermal,1.6,-17.79454305,-50.92968111,2017,372571.3747
5983,Oil_thermal,0.72,-23.71030389,-46.55025694,2017,167657.1186
5987,Oil_thermal,0.08,-23.53492311,-46.76546349,2017,18628.56873
5991,Oil_thermal,4.352,-22.31000966,-42.86435455,2017,1013394.139
5995,Oil_thermal,0.12,-18.57312966,-48.21270455,2017,27942.8531
5999,Oil_thermal,0.508,-29.16689889,-51.17886,2017,201673.01
6003,Oil_thermal,1.12,-15.85334195,-48.96252693,2017,260799.9623
6007,Oil_thermal,10.8,-25.20537886,-53.9512981,2017,4287536.433
6011,Oil_thermal,2,-22.77972222,-47.31972222,2017,465714.2183
6015,Oil_thermal,0.35,-23.64608966,-46.63864455,2017,81499.9882
6019,Oil_thermal,0.134,-18.57489855,-46.50831233,2017,31202.85263
6023,Oil_thermal,2,-23.64608966,-46.63864455,2017,465714.2183
6027,Oil_thermal,0.72,-18.81601966,-44.43838455,2017,167657.1186
6031,Oil_thermal,1.2,-10.93861111,-37.08277778,2017,582176.7919
6035,Oil_thermal,0.347,-18.12685694,-40.36342111,2017,80801.41688
6039,Oil_thermal,0.065,-18.91861064,-48.29722222,2017,15135.7121
6043,Oil_thermal,0.365,-8.15019966,-35.28311455,2017,177078.7742
6047,Oil_thermal,1.016,-28.59505226,-52.18871704,2017,403346.02
6051,Oil_thermal,0.508,-29.13037299,-51.51269423,2017,201673.01
6055,Oil_thermal,0.5,-23.93472222,-47.01638889,2017,116428.5546
6059,Oil_thermal,0.1,-19.7467597,-47.93449708,2017,23285.71092
6063,Oil_thermal,0.347,-30.04582,-52.89341306,2017,137756.9576
6067,Oil_thermal,0.508,-30.04582,-52.89341306,2017,201673.01
6071,Oil_thermal,0.347,-30.04582,-52.89341306,2017,137756.9576
6075,Oil_thermal,0.265,-12.22928389,-38.96003305,2017,128564.0415
6079,Oil_thermal,0.5,-5.91037,-35.25920889,2017,242573.6633
6083,Oil_thermal,0.192,-18.96890417,-49.4650036,2017,44708.56496
6087,Oil_thermal,0.569,-22.92875224,-43.38529448,2017,132495.6951
6091,Oil_thermal,0.2,-19.57693966,-47.96769455,2017,46571.42183
6095,Oil_thermal,0.113,-15.88999959,-52.25666639,2017,26312.85333
6099,Oil_thermal,0.288,-19.02377966,-48.32227455,2017,67062.84744
6103,Oil_thermal,0.06,-19.02377966,-48.32227455,2017,13971.42655
6107,Oil_thermal,2.24,-18.72761,-49.113,2017,521599.9245
6111,Oil_thermal,0.144,-17.86902889,-41.50432463,2017,33531.42372
6115,Oil_thermal,0.26,-18.59631484,-48.67750023,2017,60542.84838
6119,Oil_thermal,0.208,-19.737596,-45.254115,2017,48434.2787
6123,Oil_thermal,0.175,-3.47489,-66.06304194,2017,54228.56747
6127,Oil_thermal,2,-23.42053744,-46.22331233,2017,465714.2183
6131,Oil_thermal,0.208,-19.86944444,-47.42194444,2017,48434.2787
6135,Oil_thermal,0.113,-19.74350193,-47.92169164,2017,26312.85333
6139,Oil_thermal,0.22,-20.89444047,-47.00933897,2017,51228.56401
6143,Oil_thermal,0.64,-19.76350556,-47.96142222,2017,149028.5499
6147,Oil_thermal,0.6944,-18.59257111,-46.51591611,2017,161695.9766
6151,Oil_thermal,0.36,-19.55401966,-42.59316455,2017,83828.5593
6155,Oil_thermal,0.347,-27.27212077,-48.839979,2017,137756.9576
6159,Oil_thermal,0.8,-19.033855,-46.15459805,2017,186285.6873
6163,Oil_thermal,0.232,-18.728768,-47.49593468,2017,54022.84932
6167,Oil_thermal,0.52,-19.76632824,-47.95100836,2017,121085.6968
6175,Oil_thermal,0.065,-23.61508618,-46.55299617,2017,15135.7121
6179,Oil_thermal,8.934,-23.54350967,-46.62664566,2017,2080345.413
6183,Oil_thermal,0.55,-22.879343,-43.094979,2017,128071.41
6187,Oil_thermal,2.19,-23.93169762,-52.4963937,2017,869417.11
6191,Oil_thermal,0.192,-16.722707,-43.865422,2017,44708.56496
6199,Oil_thermal,0.26,-27.81725889,-50.33022194,2017,103218.4697
6207,Oil_thermal,0.725,-23.64608966,-46.63864455,2017,168821.4041
6211,Oil_thermal,0.368,-19.43497966,-42.59145455,2017,85691.41617
6215,Oil_thermal,0.281,-19.95595186,-47.83718353,2017,65432.84767
6219,Oil_thermal,0.144,-19.43497966,-42.59145455,2017,33531.42372
6223,Oil_thermal,0.347,-29.68558194,-53.80867499,2017,137756.9576
6227,Oil_thermal,3.355,-22.92787,-47.12746,2017,781235.6012
6231,Oil_thermal,0.324,-30.58942966,-53.46847455,2017,128626.093
6235,Oil_thermal,0.24,-19.59133,-46.94001,2017,55885.7062
6239,Oil_thermal,0.8,-21.75189889,-41.33047611,2017,186285.6873
6243,Oil_thermal,0.125,-19.02377966,-48.32227455,2017,29107.13864
6247,Oil_thermal,0.44,-25.09254694,-50.16144194,2017,174677.4102
6251,Oil_thermal,0.1128,-19.48103195,-42.52035111,2017,26266.28191
6255,Oil_thermal,0.168,-26.22626329,-51.07688947,2017,66695.01118
6259,Oil_thermal,0.4,-19.93752389,-43.92645306,2017,93142.84366
6263,Oil_thermal,2,-18.77943966,-41.95409455,2017,465714.2183
6267,Oil_thermal,0.265,-23.43888889,-46.45277778,2017,61707.13393
6271,Oil_thermal,0.208,-19.72373614,-50.26696878,2017,48434.2787
6275,Oil_thermal,0.27,-19.76761695,-43.85000694,2017,62871.41947
6279,Oil_thermal,0.205,-21.12723304,-44.23792153,2017,47735.70738
6283,Oil_thermal,0.508,-26.30451806,-48.84940889,2017,201673.01
6287,Oil_thermal,0.265,-29.9906057,-51.20181369,2017,105203.4402
6291,Oil_thermal,3.2,-15.79408695,-47.887905,2017,745142.7493
6295,Oil_thermal,0.364,-19.92083305,-43.93777807,2017,84759.98773
6299,Oil_thermal,1.45,-23.64608966,-46.63864455,2017,337642.8083
6303,Oil_thermal,0.12,-28.60302305,-49.32712889,2017,47639.2937
6307,Oil_thermal,1,-26.86351959,-49.09083173,2017,396994.1141
6311,Oil_thermal,0.728,-22.97726805,-49.86858,2017,169519.9755
6315,Oil_thermal,0.365,-23.41351694,-51.43828,2017,144902.8517
6319,Oil_thermal,2.65,-23.50890194,-46.87465305,2017,617071.3393
6323,Oil_thermal,0.36,-23.50128966,-46.86778455,2017,83828.5593
6327,Oil_thermal,0.265,-18.94081305,-46.99743806,2017,61707.13393
6331,Oil_thermal,0.8,-22.43269611,-46.95636694,2017,186285.6873
6335,Oil_thermal,0.244,-19.41325111,-42.41816611,2017,56817.13463
6339,Oil_thermal,0.256,-23.60232554,-46.63690476,2017,59611.41994
6343,Oil_thermal,1.04,-27.0965254,-48.92013613,2017,412873.8787
6347,Oil_thermal,0.24,-22.27308728,-48.07936407,2017,55885.7062
6351,Oil_thermal,0.1696,-19.57693966,-47.96769455,2017,39492.56571
6359,Oil_thermal,0.073,-18.91200411,-48.27078455,2017,16998.56897
6363,Oil_thermal,0.365,-23.51816984,-46.62747695,2017,84992.84484
6367,Oil_thermal,2,-21.77041966,-48.54025455,2017,465714.2183
6371,Oil_thermal,0.576,-23.52798333,-46.37749167,2017,134125.6949
6375,Oil_thermal,0.192,-23.59715111,-46.68715396,2017,44708.56496
6379,Oil_thermal,0.36,-19.44628801,-43.10470092,2017,83828.5593
6383,Oil_thermal,0.113,-22.56380296,-47.16364594,2017,26312.85333
6387,Oil_thermal,0.8,-10.85724226,-37.08230141,2017,388117.8612
6391,Oil_thermal,0.21,-18.72079264,-47.48906763,2017,48899.99292
6395,Oil_thermal,0.288,-19.80381646,-42.1520645,2017,67062.84744
6399,Oil_thermal,0.22,-19.02377966,-48.32227455,2017,51228.56401
6403,Oil_thermal,0.232,-13.67527778,-57.89194445,2017,54022.84932
6407,Oil_thermal,0.5,-18.95329302,-48.2679484,2017,116428.5546
6411,Oil_thermal,1.6,-19.86052472,-47.43013931,2017,372571.3747
6415,Oil_thermal,0.144,-19.67737195,-51.18870805,2017,33531.42372
6419,Oil_thermal,0.4,-20.12372716,-44.93068529,2017,93142.84366
6423,Oil_thermal,1.23,-12.86941966,-38.50519455,2017,596731.2117
6427,Oil_thermal,0.4,-23.2323621,-45.92710166,2017,93142.84366
6431,Oil_thermal,0.16,-19.69889611,-46.17371,2017,37257.13747
6435,Oil_thermal,0.085,-3.50155427,-61.71741784,2017,26339.58991
6439,Oil_thermal,0.347,-18.96652966,-47.04178455,2017,80801.41688
6443,Oil_thermal,0.208,-20.03172966,-48.99099455,2017,48434.2787
6447,Oil_thermal,0.36,-23.39582694,-46.32049,2017,83828.5593
6451,Oil_thermal,0.134,-26.30451806,-48.84940889,2017,53197.2113
6455,Oil_thermal,0.168,-15.44489966,-55.92953455,2017,39119.99434
6459,Oil_thermal,0.6,-23.57940884,-46.63910498,2017,139714.2655
6463,Oil_thermal,1.456,-23.65008,-46.64811,2017,339039.9509
6467,Oil_thermal,0.508,-18.98864966,-49.53474455,2017,118291.4115
6471,Oil_thermal,0.425,-19.59333343,-46.94055553,2017,98964.27139
6475,Oil_thermal,0.134,-19.83026966,-44.59839455,2017,31202.85263
6479,Oil_thermal,0.184,-20.01879,-48.932375,2017,42845.70808
6483,Oil_thermal,0.8,-18.99598197,-45.95738221,2017,186285.6873
6487,Oil_thermal,0.192,-5.81818738,-42.78659719,2017,93148.2867
6495,Oil_thermal,0.364,-8.06276194,-34.88894194,2017,176593.6269
6499,Oil_thermal,0.184,-20.46488389,-45.42642806,2017,42845.70808
6503,Oil_thermal,0.87164,-18.75170226,-47.50683399,2017,202967.5706
6507,Oil_thermal,0.116,-19.78119274,-47.94539095,2017,27011.42466
6511,Oil_thermal,0.06,-19.9627,-44.16134722,2017,13971.42655
6515,Oil_thermal,0.113,-5.52652389,-47.47981111,2017,35016.16071
6519,Oil_thermal,0.508,-29.52656522,-51.2385901,2017,201673.01
6523,Oil_thermal,0.72,-19.74919942,-47.94355624,2017,167657.1186
6527,Oil_thermal,1.2,-10.42212528,-36.92247056,2017,582176.7919
6531,Oil_thermal,0.5,-23.58554381,-46.72197608,2017,116428.5546
6535,Oil_thermal,4.8,-16.67331,-49.25581389,2017,1117714.124
6539,Oil_thermal,0.73,-27.09831,-48.91516305,2017,289805.7033
6543,Oil_thermal,0.347,-23.64731306,-46.85086,2017,80801.41688
6547,Oil_thermal,0.1344,-27.35888194,-53.40077694,2017,53356.00894
6551,Oil_thermal,1.3,-23.57176337,-46.70334952,2017,302714.2419
6555,Oil_thermal,18,-23.86694444,-46.42,2017,4191427.965
6559,Oil_thermal,0.641,-23.64608966,-46.63864455,2017,149261.407
6563,Oil_thermal,0.4,-18.59296966,-46.49824455,2017,93142.84366
6571,Oil_thermal,2.24,-22.880765,-42.020075,2017,521599.9245
6575,Oil_thermal,0.0096,-23.64777772,-46.85777772,2017,2235.428248
6579,Oil_thermal,0.365,-29.68632611,-51.128605,2017,144902.8517
6583,Oil_thermal,4.6,-0.00840729,-51.08146896,2017,1425436.631
6587,Oil_thermal,1.5,-20.11648884,-44.83570435,2017,349285.6637
6591,Oil_thermal,0.225,-23.56111111,-46.47833333,2017,52392.84956
6595,Oil_thermal,1.48,-23.5866425,-46.78155671,2017,344628.5216
6599,Oil_thermal,0.508,-26.35517633,-52.84164566,2017,201673.01
6603,Oil_thermal,1.016,-23.46277778,-46.53333333,2017,236582.8229
6607,Oil_thermal,0.192,-26.11138888,-49.80527777,2017,76222.86992
6611,Oil_thermal,0.3648,-5.09088704,-42.80336503,2017,176981.7447
6615,Oil_thermal,0.347,-28.6627518,-49.4279314,2017,137756.9576
6619,Oil_thermal,0.48,-5.08517633,-42.79247899,2017,232870.7167
6623,Oil_thermal,0.092,-18.96076799,-49.45586788,2017,21422.85404
6627,Oil_thermal,0.134,-5.08517633,-42.79247899,2017,65009.74176
6631,Oil_thermal,0.092,-19.94344611,-44.066345,2017,21422.85404
6635,Oil_thermal,0.4,-18.59296966,-46.49824455,2017,93142.84366
6639,Oil_thermal,0.04,-15.79083961,-47.91949064,2017,9314.284366
6643,Oil_thermal,0.8,-16.68989722,-49.24017778,2017,186285.6873
6647,Oil_thermal,1.45,-23.61820133,-46.69118455,2017,337642.8083
6651,Oil_thermal,1.9,-23.61820133,-46.69118455,2017,442428.5074
6655,Oil_thermal,1.524,-3.89478889,-38.60228055,2017,739364.5257
6659,Oil_thermal,0.368,-18.91444022,-48.18616233,2017,85691.41617
6663,Oil_thermal,0.093,-23.64608966,-46.63864455,2017,21655.71115
6667,Oil_thermal,3.2,-20.034535,-44.14586694,2017,745142.7493
6671,Oil_thermal,3,-3.723805,-38.58992806,2017,1455441.98
6675,Oil_thermal,0.256,-18.85703744,-48.27482622,2017,59611.41994
6679,Oil_thermal,0.17893,-18.89909855,-48.27232899,2017,41665.12254
6683,Oil_thermal,1.45,-23.61820133,-46.69118455,2017,337642.8083
6687,Oil_thermal,0.00024,-28.62496389,-49.04912889,2017,95.27858739
6691,Oil_thermal,0.192,-1.36555555,-48.37222222,2017,59496.48545
6695,Oil_thermal,0.3,-21.47732194,-44.34088611,2017,69857.13275
6699,Oil_thermal,0.36,-19.02377966,-48.32227455,2017,83828.5593
6703,Oil_thermal,0.48,-19.88335966,-44.07446455,2017,111771.4124
6707,Oil_thermal,0.24,-27.72501546,-52.28390392,2017,95278.58739
6711,Oil_thermal,0.325,-19.89849855,-49.35854288,2017,75678.56048
6715,Oil_thermal,0.4,-19.02377966,-48.32227455,2017,93142.84366
6719,Oil_thermal,0.44,-19.58185146,-47.98022218,2017,102457.128
6723,Oil_thermal,0.18,-19.82210137,-47.89313212,2017,41914.27965
6727,Oil_thermal,0.1,-23.60878744,-46.75747899,2017,23285.71092
6731,Oil_thermal,1.56,-19.94557372,-44.11347144,2017,363257.0903
6735,Oil_thermal,1.12,-20.92621244,-46.98524749,2017,260799.9623
6739,Oil_thermal,0.4,-15.64487485,-56.12460492,2017,93142.84366
6743,Oil_thermal,0.208,-31.76827179,-52.3432695,2017,82574.77574
6747,Oil_thermal,0.3,-30.0496437,-51.20273339,2017,119098.2342
6751,Oil_thermal,1.04,-27.09449949,-52.63887445,2017,412873.8787
6755,Oil_thermal,0.32,-8.11486773,-35.28509335,2017,155247.1445
6759,Oil_thermal,1,-9.57264463,-35.74148984,2017,485147.3266
6763,Oil_thermal,1.12,-3.75722864,-38.53396928,2017,543365.0057
6767,Oil_thermal,0.4,-23.03709173,-45.56014859,2017,93142.84366
6771,Oil_thermal,1,-28.27086517,-52.385605,2017,396994.1141
6775,Oil_thermal,0.32,-7.94224033,-34.86475448,2017,155247.1445
6779,Oil_thermal,1,-29.69888972,-53.836506,2017,485147.3266
6783,Oil_thermal,0.72,-12.31666666,-38.76666666,2017,349306.0751
6787,Oil_thermal,1,-23.05394902,-45.60452672,2017,232857.1092
6791,Oil_thermal,1,-23.11301364,-47.21746855,2017,232857.1092
6795,Oil_thermal,1.64,-12.78704652,-38.40328509,2017,795641.6156
6799,Oil_thermal,2.8,-22.72372194,-47.64684611,2017,651999.9056
6803,Oil_thermal,0.288,-23.93373694,-46.33137111,2017,67062.84744
6807,Oil_thermal,0.288,-23.65989855,-46.52886788,2017,67062.84744
6811,Oil_thermal,0.36,-23.71030389,-46.55025694,2017,83828.5593
6815,Oil_thermal,0.368,-15.79408695,-47.887905,2017,85691.41617
6819,Oil_thermal,2.72,-23.65463004,-45.43810408,2017,633371.3369
6823,Oil_thermal,2.72,-23.46663736,-46.5811782,2017,633371.3369
6827,Oil_thermal,0.208,-23.54350966,-46.62664566,2017,48434.2787
6831,Oil_thermal,2.24,-23.65989855,-46.52886788,2017,521599.9245
6835,Oil_thermal,2.08,-23.54350966,-46.62664566,2017,484342.787
6839,Oil_thermal,0.288,-23.54329314,-46.68316284,2017,67062.84744
6843,Oil_thermal,0.52,-23.50656522,-46.86664566,2017,121085.6968
6847,Oil_thermal,0.4,-23.09056944,-45.92853888,2017,93142.84366
6851,Oil_thermal,0.704,-23.54350966,-46.62664566,2017,163931.4048
6855,Oil_thermal,0.9,-23.30488,-45.96959305,2017,209571.3982
6859,Oil_thermal,0.8,-5.88468683,-35.21329932,2017,388117.8612
6863,Oil_thermal,0.56,-12.90755402,-38.46167397,2017,271682.5029
6867,Oil_thermal,0.062,-23.30128744,-45.95636788,2017,14437.14077
6871,Oil_thermal,1.12,-23.54350966,-46.62664566,2017,260799.9623
6875,Oil_thermal,1.0176,-23.65989855,-46.52886788,2017,236955.3943
6879,Oil_thermal,0.56,-23.50890194,-46.87465305,2017,130399.9811
6883,Oil_thermal,1.92,-23.47746263,-46.64557723,2017,447085.6496
6887,Oil_thermal,0.56,-23.64734966,-46.84203455,2017,130399.9811
6891,Oil_thermal,0.56,-23.64731306,-46.85086,2017,130399.9811
6895,Oil_thermal,1.12,-23.51055555,-46.90944444,2017,260799.9623
6899,Oil_thermal,0.065,-23.17517633,-45.87775677,2017,15135.7121
6903,Oil_thermal,0.044,-23.10066389,-45.70773,2017,10245.7128
6907,Oil_thermal,1.68,-22.87665194,-43.227875,2017,391199.9434
6911,Oil_thermal,0.508,-26.30444444,-48.84555556,2017,201673.01
6915,Oil_thermal,0.11,-23.58797633,-46.66442344,2017,25614.28201
6923,Oil_thermal,4.0496,-23.46638889,-46.86527777,2017,942978.1492
6927,Oil_thermal,0.06,-23.09057,-45.92854,2017,13971.42655
6931,Oil_thermal,2.7,-22.77307911,-47.36595955,2017,628714.1947
6935,Oil_thermal,0.644,-22.81722222,-43.23694444,2017,149959.9783
6939,Oil_thermal,0.6813,-23.58083333,-46.67888889,2017,158645.5485
6943,Oil_thermal,1.68,-28.25600968,-52.40303454,2017,666950.1118
6947,Oil_thermal,10,-23.64618484,-46.63857317,2017,2328571.092
6955,Oil_thermal,0.52,-18.885,-48.25861111,2017,121085.6968
6959,Oil_thermal,0.08,-23.58555557,-46.74055554,2017,18628.56873
6963,Oil_thermal,0.168,-28.51778755,-49.3208391,2017,66695.01118
6967,Oil_thermal,0.0424,-23.68416667,-46.45944447,2017,9873.141428
6971,Oil_thermal,0.2416,-21.39593911,-45.16385007,2017,56258.27757
6975,Oil_thermal,0.2416,-21.37209999,-45.30692776,2017,56258.27757
6979,Oil_thermal,0.2416,-21.38177855,-45.34894406,2017,56258.27757
6983,Oil_thermal,0.5136,-19.36769435,-45.26982094,2017,119595.4113
6987,Oil_thermal,0.0624,-23.21799308,-45.90749205,2017,14530.28361
6991,Oil_thermal,0.8,-18.98573189,-47.46720122,2017,186285.6873
6995,Oil_thermal,3.65,-22.71861111,-46.78555556,2017,849928.4484
6999,Oil_thermal,3.8744,-23.52585953,-46.67860641,2017,902181.5837
7003,Oil_thermal,0.368,-10.98050353,-37.04517626,2017,178534.2162
7007,Oil_thermal,0.0026,-29.176425,-54.848741,2017,1032.184697
7023,Oil_thermal,6.72,-9.70083333,-64.51916667,2017,1564799.774
7027,Oil_thermal,18,-10.2125,-63.82944444,2017,4191427.965
7031,Oil_thermal,3.52,-10.56805555,-63.60722222,2017,819657.0242
7035,Oil_thermal,12,-9.36333333,-62.58555555,2017,2794285.31
7039,Oil_thermal,15,-9.41638889,-61.99472222,2017,3492856.637
7043,Oil_thermal,4.84,-9.73777773,-66.60611112,2017,1127028.408
7047,Oil_thermal,4.84,-9.86388889,-62.16583333,2017,1127028.408
7051,Oil_thermal,4.84,-9.77194444,-66.3425,2017,1127028.408
7055,Oil_thermal,9.2,-9.65085866,-65.72997307,2017,2142285.404
7059,Oil_thermal,0.88,-12.23028539,-60.68947998,2017,204914.2561
7063,Oil_thermal,0.88,-12.13177694,-61.85307694,2017,204914.2561
7067,Oil_thermal,2.2,-11.00471129,-60.84337837,2017,512285.6401
7071,Oil_thermal,0.26,-18.94861827,-47.00763568,2017,60542.84838
7075,Oil_thermal,12.51,3.83310848,-51.83660567,2017,3876567.88
7079,Oil_thermal,5.44,-24.55867975,-54.10295871,2017,2159647.981
7087,Oil_thermal,0.508,-19.29862078,-48.927979,2017,118291.4115
7091,Oil_thermal,0.18,-19.59583333,-46.93152777,2017,41914.27965
7095,Oil_thermal,1,-28.92378666,-49.67414555,2017,396994.1141
7099,Oil_thermal,0.204,-21.14944444,-42.93888889,2017,47502.85027
7103,Oil_thermal,4,-23.59517566,-46.68803455,2017,931428.4366
7107,Oil_thermal,0.8,-7.16872222,-34.899,2017,388117.8612
7111,Oil_thermal,0.96,-26.76073188,-49.15775677,2017,381114.3496
7115,Oil_thermal,0.972,-27.00156522,-49.36386789,2017,385878.2789
7119,Oil_thermal,2.4,-23.41656522,-47.15275678,2017,558857.062
7127,Oil_thermal,3.2,-22.59555556,-48.78694444,2017,745142.7493
7135,Oil_thermal,0.08,-28.605555,-49.402222,2017,31759.52913
7139,Oil_thermal,3.2,-22.80613611,-43.2582,2017,745142.7493
7143,Oil_thermal,0.72,-12.88519445,-38.30861111,2017,349306.0751
7147,Oil_thermal,1,-12.91586111,-38.44313889,2017,485147.3266
7151,Oil_thermal,0.8,-10.94608333,-37.04866665,2017,388117.8612
7155,Oil_thermal,3.421,-21.32694444,-46.7425,2017,796604.1704
7159,Oil_thermal,1.44,-12.97916667,-38.46972222,2017,698612.1502
7163,Oil_thermal,1.08,-12.99138889,-38.44861111,2017,523959.1127
7167,Oil_thermal,0.5,-12.23083333,-38.95888889,2017,242573.6633
7171,Oil_thermal,0.576,-12.2575,-38.96666667,2017,279444.8601
7179,Oil_thermal,1.08,-9.63119444,-35.69991667,2017,523959.1127
7183,Oil_thermal,0.72,-10.90777778,-37.08583333,2017,349306.0751
7187,Oil_thermal,1.08,-9.64888888,-35.70583332,2017,523959.1127
7195,Oil_thermal,2,-21.84376945,-46.49227777,2017,465714.2183
7199,Oil_thermal,0.12,-21.78141111,-46.60638055,2017,27942.8531
7203,Oil_thermal,0.72,-12.94950001,-38.47783332,2017,349306.0751
7207,Oil_thermal,0.36,-19.96944444,-43.965,2017,83828.5593
7211,Oil_thermal,0.6056,-20.85653028,-41.09382201,2017,141018.2653
7215,Oil_thermal,0.96,-19.95416667,-43.94,2017,223542.8248
7219,Oil_thermal,0.6,-14.80988889,-39.03533333,2017,291088.3959
7223,Oil_thermal,0.1,-21.78141111,-46.60638055,2017,23285.71092
7227,Oil_thermal,2.24,-21.126843,-48.96275678,2017,521599.9245
7231,Oil_thermal,0.4,-13.8595,-40.07547222,2017,194058.9306
7235,Oil_thermal,0.136,-19.94555556,-43.93916667,2017,31668.56685
7239,Oil_thermal,0.088,-19.94355556,-43.94594444,2017,20491.42561
7243,Oil_thermal,0.576,-10.995,-37.065,2017,279444.8601
7247,Oil_thermal,0.508,-19.96394444,-43.95563889,2017,118291.4115
7251,Oil_thermal,1.08,-10.9413889,-37.05805555,2017,523959.1127
7255,Oil_thermal,1.8016,-23.58223188,-46.67361789,2017,419515.3679
7259,Oil_thermal,2.48,-6.84239855,-51.42359011,2017,768496.2704
7263,Oil_thermal,0.368,-20.06311111,-43.9795,2017,85691.41617
7267,Oil_thermal,0.72,-23.58667633,-46.67928455,2017,167657.1186
7271,Oil_thermal,1.416,-23.62881522,-46.70150678,2017,329725.6666
7279,Oil_thermal,0.704,-23.95378744,-46.32220122,2017,163931.4048
7283,Oil_thermal,0.904,-23.66517633,-46.56581233,2017,210502.8267
7287,Oil_thermal,0.1,-9.38980555,-40.4885,2017,48514.73266
7291,Oil_thermal,0.36,-9.41305556,-40.50658333,2017,174653.0376
7295,Oil_thermal,0.72,-25.45777778,-49.27083333,2017,285835.7622
7307,Oil_thermal,0.72,-14.86761111,-40.82211111,2017,349306.0751
7311,Oil_thermal,0.48,-9.75572222,-36.66413889,2017,232870.7167
7315,Oil_thermal,2.16,-20.46334167,-54.59180833,2017,502971.3558
7319,Oil_thermal,2.8992,-29.1775,-51.21944444,2017,1150965.336
7323,Oil_thermal,2.5,-23.28611111,-51.15111111,2017,992485.2854
7327,Oil_thermal,0.544,-22.89267633,-43.11414566,2017,126674.2674
7331,Oil_thermal,1.53,-12.93666667,-38.395,2017,742275.4096
7335,Oil_thermal,2.64,-27.11472179,-48.94588306,2017,1048064.461
7339,Oil_thermal,0.508,-26.90806522,-48.925729,2017,201673.01
7343,Oil_thermal,0.496,-25.45777773,-49.2708334,2017,196909.0806
7347,Oil_thermal,0.52,-21.78083333,-43.35944444,2017,121085.6968
7351,Oil_thermal,0.704,-23.48944437,-47.4444439,2017,163931.4048
7355,Oil_thermal,0.36,-23.00857222,-47.02156111,2017,83828.5593
7359,Oil_thermal,0.128,-23.57861105,-48.03722207,2017,29805.70997
7363,Oil_thermal,1.08,-23.53027758,-47.46388904,2017,251485.6779
7367,Oil_thermal,0.736,-9.42133333,-40.50080556,2017,357068.4323
7371,Oil_thermal,0.24,-21.77743582,-46.59689949,2017,55885.7062
7375,Oil_thermal,1.824,-26.55536944,-49.12963056,2017,724117.2642
7379,Oil_thermal,0.72,-23.18573187,-46.86692345,2017,167657.1186
7383,Oil_thermal,2.512,-15.624825,-56.08677778,2017,584937.0582
7387,Oil_thermal,0.14,-23.64502464,-46.58192476,2017,32599.99528
7391,Oil_thermal,0.4,-14.79976063,-39.28952217,2017,194058.9306
7395,Oil_thermal,0.288,-26.89971025,-49.01036652,2017,114334.3049
7399,Oil_thermal,0.14,-23.64320833,-46.58409444,2017,32599.99528
7403,Oil_thermal,0.704,-23.64295411,-46.52470122,2017,163931.4048
7407,Oil_thermal,0.5382,-5.82739855,-35.17275678,2017,261106.2912
7411,Oil_thermal,0.72,-23.61333365,-46.5780557,2017,167657.1186
7415,Oil_thermal,0.352,-23.57290493,-46.65491022,2017,81965.70242
7419,Oil_thermal,0.42,-23.62912778,-46.54394722,2017,97799.98585
7423,Oil_thermal,0.19,-26.90105555,-49.24144444,2017,75428.88169
7427,Oil_thermal,0.4,-22.60402854,-42.1568138,2017,93142.84366
7431,Oil_thermal,0.22,-23.64497928,-46.58213493,2017,51228.56401
7435,Oil_thermal,0.208,-15.57656944,-56.07211944,2017,48434.2787
7439,Oil_thermal,0.6,-8.76641389,-63.884125,2017,139714.2655
7443,Oil_thermal,1.44,-23.5879166,-46.68222264,2017,335314.2372
7447,Oil_thermal,0.405,-25.43517633,-49.27220121,2017,160782.6162
7451,Oil_thermal,0.4,-19.75638889,-47.91499999,2017,93142.84366
7455,Oil_thermal,0.56,-11.84954722,-55.50910556,2017,130399.9811
7459,Oil_thermal,0.72,-28.29586472,-52.74336667,2017,285835.7622
7463,Oil_thermal,0.288,-11.84358056,-55.49358056,2017,67062.84744
7467,Oil_thermal,0.352,-19.74361111,-47.93222222,2017,81965.70242
7471,Oil_thermal,1.4592,-2.53333333,-44.225,2017,452173.2894
7475,Oil_thermal,0.32,-19.80861111,-43.17888889,2017,74514.27493
7479,Oil_thermal,1.28,-22.37010664,-47.38070198,2017,298057.0997
7483,Oil_thermal,0.32,-19.61888889,-44.04166667,2017,74514.27493
7487,Oil_thermal,4.3768,-23.37356385,-46.02785816,2017,1019168.995
7491,Oil_thermal,1.2,-29.22837726,-51.35834994,2017,476392.937
7495,Oil_thermal,0.7248,-21.59976966,-46.87013455,2017,168774.8327
7499,Oil_thermal,1.2,-12.89053055,-38.31634722,2017,582176.7919
7503,Oil_thermal,2.8,-23.41628744,-51.96109011,2017,1111583.52
7507,Oil_thermal,1.408,-23.96222226,-46.37972218,2017,327862.8097
7511,Oil_thermal,0.368,-20.06144445,-43.97502778,2017,85691.41617
7515,Oil_thermal,2.4,-19.63805556,-44.01388889,2017,558857.062
7519,Oil_thermal,0.8,-11.89306944,-55.50483889,2017,186285.6873
7523,Oil_thermal,0.736,-12.25861111,-38.95777778,2017,357068.4323
7527,Oil_thermal,0.544,-23.26527785,-47.27999994,2017,126674.2674
7531,Oil_thermal,0.144,-16.47253846,-54.60826229,2017,33531.42372
7535,Oil_thermal,0.508,-22.42633333,-45.46286111,2017,118291.4115
7539,Oil_thermal,0.352,-19.47055556,-44.25083333,2017,81965.70242
7543,Oil_thermal,0.72,-11.67233333,-39.00169444,2017,349306.0751
7547,Oil_thermal,0.1,-16.6547371,-49.3305996,2017,23285.71092
7551,Oil_thermal,1.4784,-29.23105972,-51.3580404,2017,586916.0983
7555,Oil_thermal,0.508,-18.90455556,-48.29383333,2017,118291.4115
7559,Oil_thermal,1.24,-25.52468967,-49.32917539,2017,492272.7015
7563,Oil_thermal,0.508,-21.58972222,-45.43638889,2017,118291.4115
7567,Oil_thermal,0.168,-19.46472226,-44.24249999,2017,39119.99434
7571,Oil_thermal,0.208,-23.59325278,-46.63515833,2017,48434.2787
7579,Oil_thermal,0.72,-9.61166667,-35.71972221,2017,349306.0751
7583,Oil_thermal,0.424,-26.23,-49.34583333,2017,168325.5044
7587,Oil_thermal,0.36,-23.18722248,-46.88833298,2017,83828.5593
7591,Oil_thermal,0.32,-19.62388889,-43.22166667,2017,74514.27493
7595,Oil_thermal,0.184,-15.60509722,-56.12513888,2017,42845.70808
7599,Oil_thermal,0.352,-15.72268054,-55.13904999,2017,81965.70242
7603,Oil_thermal,0.284,-15.55336113,-56.05776981,2017,66131.419
7607,Oil_thermal,0.508,-22.23383333,-45.9291111,2017,118291.4115
7611,Oil_thermal,0.084,-15.88748889,-52.256625,2017,19559.99717
7615,Oil_thermal,0.352,-16.71972222,-43.85944444,2017,81965.70242
7619,Oil_thermal,0.508,-19.76583333,-47.94944444,2017,118291.4115
7623,Oil_thermal,0.288,-19.53972222,-42.64805556,2017,67062.84744
7627,Oil_thermal,0.76,-21.18180559,-42.60622193,2017,176971.403
7631,Oil_thermal,0.324,-18.92194444,-48.2825,2017,75445.70337
7635,Oil_thermal,0.208,-16.46338611,-54.64011944,2017,48434.2787
7639,Oil_thermal,1.3512,-23.72305556,-46.54333333,2017,314636.5259
7643,Oil_thermal,0.508,-19.74575,-47.93863889,2017,118291.4115
7647,Oil_thermal,0.508,-16.73347222,-43.84591666,2017,118291.4115
7651,Oil_thermal,0.208,-15.558575,-56.04972778,2017,48434.2787
7655,Oil_thermal,0.508,-21.56,-45.4425,2017,118291.4115
7659,Oil_thermal,0.76,-20.35194444,-40.29833333,2017,176971.403
7663,Oil_thermal,0.324,-18.59583333,-46.51777778,2017,75445.70337
7667,Oil_thermal,0.352,-18.89472223,-48.27333333,2017,81965.70242
7671,Oil_thermal,0.508,-21.79055555,-46.5675,2017,118291.4115
7675,Oil_thermal,0.16,-15.64429722,-56.125275,2017,37257.13747
7679,Oil_thermal,0.84,-27.84725667,-53.37946167,2017,333475.0559
7683,Oil_thermal,0.4,-15.62072222,-56.07278333,2017,93142.84366
7687,Oil_thermal,0.168,-19.57583333,-42.64277778,2017,39119.99434
7691,Oil_thermal,0.44,-21.14508861,-47.78382278,2017,102457.128
7695,Oil_thermal,1.44,-22.4888455,-47.39027955,2017,335314.2372
7699,Oil_thermal,0.264,-18.93,-48.27694444,2017,61474.27682
7703,Oil_thermal,0.32,-21.78833333,-46.54611111,2017,74514.27493
7707,Oil_thermal,0.184,-19.56666667,-44.07611111,2017,42845.70808
7711,Oil_thermal,1.8248,-22.96055556,-43.3875,2017,424917.6528
7715,Oil_thermal,0.352,-18.92888889,-48.24305555,2017,81965.70242
7719,Oil_thermal,0.168,-19.47491667,-42.54908333,2017,39119.99434
7723,Oil_thermal,0.4,-18.64555555,-48.18666666,2017,93142.84366
7727,Oil_thermal,0.4,-18.58575,-46.51288889,2017,93142.84366
7731,Oil_thermal,0.3648,-19.48,-42.52611111,2017,84946.27342
7735,Oil_thermal,0.4,-18.88661111,-48.25147222,2017,93142.84366
7739,Oil_thermal,0.508,-18.91230556,-48.27202778,2017,118291.4115
7743,Oil_thermal,0.324,-18.95125,-48.23797222,2017,75445.70337
7747,Oil_thermal,0.508,-18.95416667,-46.99527778,2017,118291.4115
7751,Oil_thermal,1.7736,-25.43888889,-49.2675,2017,704108.7608
7755,Oil_thermal,0.4,-19.76327778,-47.93602778,2017,93142.84366
7759,Oil_thermal,0.508,-16.72277778,-43.86833333,2017,118291.4115
7763,Oil_thermal,1.052,-22.36630046,-47.38093806,2017,244965.6788
7767,Oil_thermal,0.4,-10.1433333,-48.29500007,2017,123951.0113
7771,Oil_thermal,2.2,-22.885,-43.28472222,2017,512285.6401
7775,Oil_thermal,0.312,-19.88972222,-43.96805556,2017,72651.41806
7779,Oil_thermal,0.24,-19.47333333,-44.27111111,2017,55885.7062
7783,Oil_thermal,0.7248,-21.23372294,-50.44480471,2017,168774.8327
7787,Oil_thermal,0.32,-21.40692471,-42.67656106,2017,74514.27493
7791,Oil_thermal,0.48,-19.51,-42.63055555,2017,111771.4124
7795,Oil_thermal,0.4,-19.45575,-44.24994444,2017,93142.84366
7799,Oil_thermal,2.592,-25.43888889,-49.2675,2017,1029008.744
7803,Oil_thermal,0.5,-15.57221908,-56.07834765,2017,116428.5546
7807,Oil_thermal,4.14,-20.93355555,-48.48238889,2017,964028.4319
7811,Oil_thermal,0.92,-15.17777778,-47.74222222,2017,214228.5404
7815,Oil_thermal,0.248,-16.71672222,-43.86327779,2017,57748.56307
7819,Oil_thermal,0.4,-17.21513889,-46.87883333,2017,93142.84366
7823,Oil_thermal,0.508,-17.74505556,-48.62297222,2017,118291.4115
7827,Oil_thermal,0.28273,-22.92712078,-47.06886788,2017,65835.69047
7831,Oil_thermal,0.184,-7.19416667,-48.19583333,2017,57017.46522
7835,Oil_thermal,1.088,-26.70599667,-49.16321333,2017,431929.5962
7839,Oil_thermal,0.248,-19.47624855,-46.52351039,2017,57748.56307
7843,Oil_thermal,0.26,-7.19132889,-48.208705,2017,80568.15738
7847,Oil_thermal,0.204,-11.85756389,-55.49348611,2017,47502.85027
7851,Oil_thermal,0.496,-10.14638897,-48.35749992,2017,153699.2541
7855,Oil_thermal,0.092,-10.29388916,-48.17222365,2017,28508.73261
7859,Oil_thermal,0.096,-7.15583333,-48.18861111,2017,29748.24272
7863,Oil_thermal,1.52,-26.90555555,-48.82333333,2017,603431.0535
7867,Oil_thermal,0.12,-7.18805555,-48.19944444,2017,37185.3034
7871,Oil_thermal,0.4,-8.8669492,-48.48608076,2017,123951.0113
7875,Oil_thermal,1.12,-10.28749843,-48.29555556,2017,347062.8318
7879,Oil_thermal,0.184,-6.33111111,-47.42083333,2017,57017.46522
7883,Oil_thermal,0.184,-10.16694707,-48.87610711,2017,57017.46522
7887,Oil_thermal,0.32,-18.93834855,-46.98754011,2017,74514.27493
7891,Oil_thermal,0.4,-17.33797222,-44.92438889,2017,93142.84366
7895,Oil_thermal,0.36,-22.97055556,-46.99583333,2017,83828.5593
7899,Oil_thermal,0.32,-18.92777778,-48.29888888,2017,74514.27493
7903,Oil_thermal,0.48,-19.46175,-42.53505556,2017,111771.4124
7907,Oil_thermal,2,-12.57972222,-60.90666667,2017,465714.2183
7911,Oil_thermal,3,-20.50321137,-43.91684278,2017,698571.3275
7915,Oil_thermal,4.928,-16.63416667,-49.33,2017,1147519.834
7919,Oil_thermal,2.128,-20.27055555,-45.62305555,2017,495519.9283
7923,Oil_thermal,0.464,-19.83294419,-44.08416671,2017,108045.6986
7927,Oil_thermal,0.288,-7.19132889,-48.208705,2017,89244.72817
7931,Oil_thermal,0.64,-22.72111119,-47.64611128,2017,149028.5499
7935,Oil_thermal,0.5504,-19.82111127,-43.9472222,2017,128164.5529
7939,Oil_thermal,0.508,-21.2441389,-44.99744444,2017,118291.4115
7943,Oil_thermal,0.508,-18.91247222,-48.32627778,2017,118291.4115
7947,Oil_thermal,0.8,-21.74444446,-54.51722222,2017,186285.6873
7951,Oil_thermal,0.144,-26.74913,-49.27237889,2017,57167.15244
7955,Oil_thermal,0.084,-19.94588889,-43.93919444,2017,19559.99717
7959,Oil_thermal,0.4,-18.16975,-47.9545,2017,93142.84366
7963,Oil_thermal,0.36,-17.54230555,-39.74130556,2017,174653.0376
7967,Oil_thermal,0.32,-16.74166667,-43.86944445,2017,74514.27493
7971,Oil_thermal,0.704,-21.98548189,-42.23817344,2017,163931.4048
7975,Oil_thermal,3.12,-20.11697472,-44.21414222,2017,726514.1806
7979,Oil_thermal,0.856,-19.92378744,-43.94006233,2017,199325.6854
7983,Oil_thermal,0.1,-19.49444444,-44.2625,2017,23285.71092
7987,Oil_thermal,1.104,-20.16017633,-44.90914566,2017,257074.2485
7991,Oil_thermal,1.2,-9.42525,-40.5055,2017,582176.7919
7995,Oil_thermal,1.44,-19.45444445,-44.22555556,2017,335314.2372
8003,Oil_thermal,2.24,-18.86277778,-41.80611111,2017,521599.9245
8007,Oil_thermal,1.2,-12.90058334,-38.33255554,2017,582176.7919
8011,Oil_thermal,2,-19.54878741,-44.06636786,2017,465714.2183
8015,Oil_thermal,0.52,-18.75288889,-44.426,2017,121085.6968
8019,Oil_thermal,0.4,-23.86521546,-46.41763738,2017,93142.84366
8023,Oil_thermal,0.5448,-26.88638829,-48.73697305,2017,216282.3934
8027,Oil_thermal,0.648,-20.06206522,-44.60414566,2017,150891.4067
8031,Oil_thermal,0.4,-23.86521546,-46.41763738,2017,93142.84366
8035,Oil_thermal,0.208,-19.42726596,-44.19276793,2017,48434.2787
8039,Oil_thermal,0.4,-16.69489499,-54.68584952,2017,93142.84366
8043,Oil_thermal,0.728,-22.3155,-49.0664,2017,169519.9755
8047,Oil_thermal,0.092,-22.77444444,-47.3225,2017,21422.85404
8051,Oil_thermal,0.368,-10.10212077,-48.92331233,2017,114034.9304
8055,Oil_thermal,1,-14.62823189,-57.54025678,2017,232857.1092
8059,Oil_thermal,2,-8.39294444,-34.97122222,2017,970294.6531
8063,Oil_thermal,0.208,-7.17805556,-48.19166667,2017,64454.5259
8067,Oil_thermal,0.16,-10.22361109,-48.35138885,2017,49580.40454
8071,Oil_thermal,0.672,-22.41810681,-45.49505012,2017,156479.9774
8075,Oil_thermal,0.5,-22.91388889,-48.46444445,2017,116428.5546
8079,Oil_thermal,0.4,-7.19888889,-48.21694445,2017,123951.0113
8083,Oil_thermal,0.8,-12.94475,-38.45966667,2017,388117.8612
8087,Oil_thermal,0.36,-29.86249029,-51.18045629,2017,142917.8811
8091,Oil_thermal,0.36,-25.39008233,-49.18767705,2017,142917.8811
8099,Oil_thermal,0.72,-19.56888863,-44.07805544,2017,167657.1186
8103,Oil_thermal,1.2,-23.75874,-46.5812,2017,279428.531
8107,Oil_thermal,0.72,-12.24927778,-38.95525,2017,349306.0751
8111,Oil_thermal,1.3648,-23.11111111,-45.68583333,2017,317803.3826
8115,Oil_thermal,0.8,-23.28528549,-51.31145548,2017,317595.2913
8119,Oil_thermal,0.208,-19.44388889,-44.23944444,2017,48434.2787
8123,Oil_thermal,2.756,-23.67222222,-46.68666667,2017,641754.1928
8127,Oil_thermal,1.44,-21.16333333,-47.815,2017,335314.2372
8131,Oil_thermal,0.8,-31.40194444,-53.90166666,2017,317595.2913
8135,Oil_thermal,2.1888,-20.44271941,-45.13036638,2017,509677.6405
8139,Oil_thermal,1.8248,-19.88028466,-46.84444566,2017,424917.6528
8143,Oil_thermal,1.44,-23.48611111,-47.47194445,2017,335314.2372
8147,Oil_thermal,0.4,-5.07307778,-37.71548611,2017,194058.9306
8151,Oil_thermal,0.4,-16.44613536,-54.66734557,2017,93142.84366
8155,Oil_thermal,3.024,-22.82333333,-43.31972222,2017,704159.8981
8159,Oil_thermal,0.32,-19.44366666,-42.55616667,2017,74514.27493
8163,Oil_thermal,0.368,-21.15484456,-42.21301898,2017,85691.41617
8167,Oil_thermal,1.8248,-18.16253222,-47.90849778,2017,424917.6528
8171,Oil_thermal,1.2,-22.39305556,-41.80777778,2017,279428.531
8175,Oil_thermal,2.5392,-19.95138889,-44.01166667,2017,591270.7716
8179,Oil_thermal,0.8,-23.83789167,-46.37689444,2017,186285.6873
8183,Oil_thermal,1.6,-20.27839389,-40.24133389,2017,372571.3747
8187,Oil_thermal,1.28,-1.45583333,-48.50444444,2017,396643.2363
8191,Oil_thermal,2.56,-20.26401161,-40.24306344,2017,596114.1994
8195,Oil_thermal,0.288,-22.98166667,-47.01277778,2017,67062.84744
8199,Oil_thermal,3.22,-20.26142566,-40.24728755,2017,749799.8915
8203,Oil_thermal,0.144,-22.75512765,-47.42276117,2017,33531.42372
8207,Oil_thermal,0.144,-22.28352389,-46.38008111,2017,33531.42372
8211,Oil_thermal,0.423,-23.21027776,-47.28305554,2017,98498.55717
8215,Oil_thermal,1.2112,-23.57625,-51.42383333,2017,480839.2711
8219,Oil_thermal,0.4,-22.79091111,-47.29346944,2017,93142.84366
8223,Oil_thermal,0.4,-22.82405411,-47.07158733,2017,93142.84366
8227,Oil_thermal,0.56,-22.58601944,-47.157775,2017,130399.9811
8231,Oil_thermal,0.184,-22.7246,-47.36256944,2017,42845.70808
8235,Oil_thermal,0.48,-22.2649,-45.93997,2017,111771.4124
8239,Oil_thermal,0.64,-10.85077778,-37.07888888,2017,310494.289
8243,Oil_thermal,2.4,-19.92663889,-43.95786112,2017,558857.062
8247,Oil_thermal,0.72,-21.56194444,-49.84388889,2017,167657.1186
8251,Oil_thermal,0.72,-19.56416389,-46.98637222,2017,167657.1186
8255,Oil_thermal,3.15,-23.6625,-46.50611111,2017,733499.8938
8259,Oil_thermal,0.72,-1.45003088,-48.488338,2017,223111.8204
8263,Oil_thermal,0.144,-22.25333,-45.70398806,2017,33531.42372
8267,Oil_thermal,0.24,-22.78088056,-47.141975,2017,55885.7062
8271,Oil_thermal,0.32,-22.32024332,-49.06801871,2017,74514.27493
8275,Oil_thermal,0.704,-20.32138889,-40.33777778,2017,163931.4048
8279,Oil_thermal,0.56,-22.84721111,-47.212425,2017,130399.9811
8283,Oil_thermal,0.48,-22.79187778,-47.29477778,2017,111771.4124
8287,Oil_thermal,0.4,-22.90066111,-47.172625,2017,93142.84366
8295,Oil_thermal,0.72,-30.03472222,-51.18916667,2017,285835.7622
8299,Oil_thermal,0.6,-3.75194445,-38.50722222,2017,291088.3959
8303,Oil_thermal,1.0944,-19.29862078,-49.65053454,2017,434470.3585
8307,Oil_thermal,0.416,-15.59777778,-56.09166667,2017,96868.55741
8311,Oil_thermal,3,-22.99805555,-43.60611111,2017,698571.3275
8315,Oil_thermal,1.12,-11.72722222,-61.72444444,2017,260799.9623
8319,Oil_thermal,1.7978,-27.595,-48.54861111,2017,713716.0184
8323,Oil_thermal,3.264,-21.84989856,-47.46970122,2017,760045.6043
8327,Oil_thermal,1.08,-12.97694444,-38.5075,2017,523959.1127
8331,Oil_thermal,0.48,-20.45833333,-54.61333334,2017,111771.4124
8335,Oil_thermal,2.144,-15.79639498,-47.88917352,2017,499245.642
8339,Oil_thermal,0.848,-18.62052778,-46.56616667,2017,197462.8286
8343,Oil_thermal,0.22,-29.165,-51.18055556,2017,87338.70511
8347,Oil_thermal,0.044,-29.68632611,-51.128605,2017,17467.74102
8351,Oil_thermal,1.32,-8.06276195,-34.88894194,2017,640394.4711
8355,Oil_thermal,0.48,-22.92986667,-47.09373333,2017,111771.4124
8359,Oil_thermal,0.208,-20.14175,-44.88655556,2017,48434.2787
8363,Oil_thermal,0.4,-22.71688333,-47.29474444,2017,93142.84366
8367,Oil_thermal,0.4,-23.29038056,-47.67868056,2017,93142.84366
8371,Oil_thermal,0.292,-20.14777778,-44.89177778,2017,67994.27587
8375,Oil_thermal,0.72,-2.53064111,-44.29401,2017,223111.8204
8379,Oil_thermal,0.576,-20.14327778,-44.89972222,2017,134125.6949
8383,Oil_thermal,0.72,-20.46796171,-54.60499167,2017,167657.1186
8387,Oil_thermal,0.36,-19.39740552,-40.06214719,2017,83828.5593
8391,Oil_thermal,0.24,-22.73018889,-47.34210556,2017,55885.7062
8395,Oil_thermal,0.636,-5.84194444,-35.21138889,2017,308553.6997
8399,Oil_thermal,0.208,-20.12466668,-44.88469444,2017,48434.2787
8403,Oil_thermal,0.352,-10.1925,-48.335,2017,109076.89
8407,Oil_thermal,0.368,-20.469,-45.43052778,2017,85691.41617
8411,Oil_thermal,0.352,-21.75333333,-43.35027778,2017,81965.70242
8415,Oil_thermal,0.8,-3.73638889,-38.49972222,2017,388117.8612
8419,Oil_thermal,0.279,-22.89222222,-43.12472222,2017,64967.13345
8423,Oil_thermal,3.648,-14.86611112,-40.83944442,2017,1769817.447
8427,Oil_thermal,0.1,-29.68465556,-53.80859583,2017,39699.41141
8431,Oil_thermal,0.368,-19.86341667,-44.60036111,2017,85691.41617
8435,Oil_thermal,0.16,-19.60563889,-46.94041667,2017,37257.13747
8439,Oil_thermal,0.292,-20.02666667,-45.53611113,2017,67994.27587
8443,Oil_thermal,0.368,-20.06952778,-44.57905555,2017,85691.41617
8447,Oil_thermal,0.56,-22.67974167,-47.67751111,2017,130399.9811
8451,Oil_thermal,0.4,-22.73000833,-47.31276389,2017,93142.84366
8455,Oil_thermal,0.184,-19.59838886,-46.93725004,2017,42845.70808
8459,Oil_thermal,0.12,-20.08877779,-45.28980559,2017,27942.8531
8463,Oil_thermal,0.176,-15.7025,-47.89361111,2017,40982.85121
8467,Oil_thermal,1.2,-8.06276194,-34.88894194,2017,582176.7919
8471,Oil_thermal,1.08,-26.11583333,-50.30805556,2017,428753.6433
8475,Oil_thermal,0.36,-12.99861111,-38.46638889,2017,174653.0376
8479,Oil_thermal,0.144,-20.13908333,-44.87430556,2017,33531.42372
8483,Oil_thermal,0.4,-20.15788889,-44.90472222,2017,93142.84366
8487,Oil_thermal,0.4,-15.6025,-47.681575,2017,93142.84366
8491,Oil_thermal,0.208,-20.729195,-46.60555478,2017,48434.2787
8495,Oil_thermal,0.368,-20.69172221,-44.82625,2017,85691.41617
8499,Oil_thermal,0.144,-20.13275002,-44.91425001,2017,33531.42372
8503,Oil_thermal,0.316,-17.05244609,-48.95714505,2017,73582.84649
8507,Oil_thermal,4.44,-1.44627242,-48.48970473,2017,1375856.226
8511,Oil_thermal,2.736,-1.36555556,-48.37222222,2017,847824.9176
8515,Oil_thermal,0.12,-20.07522136,-44.57305482,2017,27942.8531
8519,Oil_thermal,2.748,-19.916843,-43.92831233,2017,639891.336
8523,Oil_thermal,0.496,-20.11577777,-44.8915,2017,115497.1261
8527,Oil_thermal,0.144,-21.57360583,-45.44009472,2017,33531.42372
8531,Oil_thermal,2.748,-13.82888889,-56.08222222,2017,639891.336
8535,Oil_thermal,0.36,-26.89239856,-49.11164566,2017,142917.8811
8539,Oil_thermal,0.96,-12.6975,-38.32416667,2017,465741.4335
8543,Oil_thermal,4.8,-23.56388888,-46.64722222,2017,1117714.124
8547,Oil_thermal,0.368,-21.2589826,-44.97856186,2017,85691.41617
8551,Oil_thermal,0.144,-22.23030306,-45.93714389,2017,33531.42372
8555,Oil_thermal,2.4,-22.41972222,-44.29027778,2017,558857.062
8559,Oil_thermal,3.395,-22.94111111,-47.15,2017,790549.8856
8563,Oil_thermal,1.524,-2.526843,-44.29720122,2017,472253.3532
8567,Oil_thermal,1.28,-22.74666667,-42.78222222,2017,298057.0997
8571,Oil_thermal,1.76,-25.45805555,-49.25694444,2017,698709.6409
8575,Oil_thermal,3.1056,-7.794343,-34.91664566,2017,1506673.537
8579,Oil_thermal,2.736,-22.83888889,-43.32444444,2017,637097.0507
8583,Oil_thermal,0.184,-22.42601083,-45.46189972,2017,42845.70808
8587,Oil_thermal,1.32,-23.59663227,-46.85851202,2017,307371.3841
8591,Oil_thermal,1.092,-22.55527778,-47.36916667,2017,254279.9632
8595,Oil_thermal,0.4264,-23.47250002,-46.53138883,2017,99290.27134
8599,Oil_thermal,2.748,-22.24527778,-45.95888889,2017,639891.336
8603,Oil_thermal,1.44,-12.43031,-38.94977195,2017,698612.1502
8611,Oil_thermal,1.76,-12.54916667,-38.29722222,2017,853859.2947
8615,Oil_thermal,0.4,-28.84052464,-49.71747625,2017,158797.6457
8619,Oil_thermal,0.8,-23.09152778,-50.37286111,2017,317595.2913
8623,Oil_thermal,1.48,-8.11194444,-34.9325,2017,718018.0433
8627,Oil_thermal,1.944,-22.90444445,-47.0625,2017,452674.2202
8631,Oil_thermal,0.1872,-26.86777778,-49.22805555,2017,74317.29817
8635,Oil_thermal,3.264,-22.82694444,-43.05388889,2017,760045.6043
8639,Oil_thermal,2,-23.68082502,-46.69168776,2017,465714.2183
8643,Oil_thermal,0.1,-19.43555556,-44.22111111,2017,23285.71092
8647,Oil_thermal,2,-24.47583333,-47.82833333,2017,465714.2183
8651,Oil_thermal,0.144,-21.42876555,-45.9415925,2017,33531.42372
8655,Oil_thermal,0.092,-19.94032407,-43.95616058,2017,21422.85404
8659,Oil_thermal,0.496,-22.87665194,-43.227875,2017,115497.1261
8663,Oil_thermal,3.7392,-23.49156522,-47.45109011,2017,870699.3026
8667,Oil_thermal,0.4,-15.65960555,-47.84394445,2017,93142.84366
8671,Oil_thermal,0.368,-21.54027778,-45.44333333,2017,85691.41617
8675,Oil_thermal,1.0992,-22.47795411,-47.44720121,2017,255956.5344
8679,Oil_thermal,0.508,-19.82557384,-44.62580043,2017,118291.4115
8683,Oil_thermal,0.8,-22.95418725,-47.1161617,2017,186285.6873
8687,Oil_thermal,0.8,-22.7522441,-47.38881794,2017,186285.6873
8691,Oil_thermal,0.76,-24.00582998,-46.42763376,2017,176971.403
8695,Oil_thermal,1.5,-28.91583333,-49.66111112,2017,595491.1712
8699,Oil_thermal,0.8,-21.19480928,-47.75607603,2017,186285.6873
8703,Oil_thermal,0.72,-20.81846099,-49.3728453,2017,167657.1186
8707,Oil_thermal,0.288,-23.48974219,-47.44170167,2017,67062.84744
8711,Oil_thermal,0.248,-22.51805556,-44.10666667,2017,57748.56307
8715,Oil_thermal,4.8,-22.90055555,-43.18805556,2017,1117714.124
8719,Oil_thermal,0.26,-20.14916667,-44.87977778,2017,60542.84838
8723,Oil_thermal,0.144,-20.69983333,-44.8235,2017,33531.42372
8727,Oil_thermal,1.6608,-19.32963056,-40.07009444,2017,386729.0869
8731,Oil_thermal,0.72,-22.67692424,-47.68657349,2017,167657.1186
8735,Oil_thermal,0.4,-23.52556624,-46.81995441,2017,93142.84366
8739,Oil_thermal,0.8,-29.70436471,-53.73931107,2017,317595.2913
8743,Oil_thermal,0.8,-32.06631425,-52.14800023,2017,317595.2913
8747,Oil_thermal,0.3636,-23.52524333,-46.57422,2017,84666.84489
8751,Oil_thermal,3.2,-7.86015833,-34.90966944,2017,1552471.445
8755,Oil_thermal,0.72,-29.80603043,-51.16516294,2017,285835.7622
8759,Oil_thermal,0.8,-15.58636111,-56.08635555,2017,186285.6873
8763,Oil_thermal,0.72,-23.55986118,-46.44722606,2017,167657.1186
8767,Oil_thermal,0.8,-23.54824492,-46.94650595,2017,186285.6873
8771,Oil_thermal,0.72,-5.86610872,-35.21795506,2017,349306.0751
8775,Oil_thermal,0.12,-10.20055555,-48.30694444,2017,37185.3034
8779,Oil_thermal,0.36,-23.49344099,-46.42126675,2017,83828.5593
8783,Oil_thermal,0.8,-29.94499915,-51.01131799,2017,317595.2913
8787,Oil_thermal,0.72,-23.43907212,-46.507135,2017,167657.1186
8791,Oil_thermal,0.368,-19.96783333,-44.21,2017,85691.41617
8795,Oil_thermal,0.531,-23.98281771,-46.26434228,2017,123647.125
8799,Oil_thermal,0.508,-2.52573179,-44.2933121,2017,157417.7844
8803,Oil_thermal,2.1424,-22.00954167,-47.45011389,2017,498873.0707
8807,Oil_thermal,0.8,-31.74090745,-52.36508539,2017,317595.2913
8811,Oil_thermal,0.64,-30.03111111,-51.22694444,2017,254076.2331
8815,Oil_thermal,0.64,-9.65722222,-35.73611111,2017,310494.289
8819,Oil_thermal,0.72,-22.18064842,-49.96970146,2017,167657.1186
8823,Oil_thermal,1,-23.49600028,-46.45616639,2017,232857.1092
8827,Oil_thermal,4.352,-22.23111111,-49.90916667,2017,1013394.139
8831,Oil_thermal,0.8,-12.14512213,-44.99078593,2017,388117.8612
8835,Oil_thermal,1.8,-3.7488889,-38.45388887,2017,873265.1878
8839,Oil_thermal,0.0648,-23.51861111,-51.43027778,2017,25725.2186
8843,Oil_thermal,0.2,-23.31333333,-51.16083333,2017,79398.82283
8847,Oil_thermal,0.36,-23.65683171,-46.52228143,2017,83828.5593
8851,Oil_thermal,0.3496,-5.07025441,-42.8160323,2017,169607.5054
8855,Oil_thermal,0.3496,-3.73083333,-38.5288889,2017,169607.5054
8859,Oil_thermal,0.56,-10.17861111,-48.33472222,2017,173531.4159
8863,Oil_thermal,0.9168,-29.17416666,-51.21777778,2017,363964.2038
8867,Oil_thermal,0.4048,-30.0275,-51.20388889,2017,160703.2174
8871,Oil_thermal,0.8,-9.74716229,-36.63539637,2017,388117.8612
8875,Oil_thermal,2.2992,-30.06972222,-51.22500001,2017,912768.8672
8879,Oil_thermal,0.72,-23.01480175,-45.52371351,2017,167657.1186
8883,Oil_thermal,0.8,-3.85654571,-38.47121182,2017,388117.8612
8887,Oil_thermal,0.12,-16.89416667,-49.00138886,2017,27942.8531
8891,Oil_thermal,0.3496,-9.66083334,-35.72722222,2017,169607.5054
8895,Oil_thermal,0.72,-22.84265667,-43.3752025,2017,167657.1186
8899,Oil_thermal,3.1056,-12.08434306,-38.34359011,2017,1506673.537
8903,Oil_thermal,0.4,-22.75902778,-47.33982222,2017,93142.84366
8907,Oil_thermal,0.72,-23.52263002,-46.30214268,2017,167657.1186
8911,Oil_thermal,0.72,-29.9986936,-51.14110137,2017,285835.7622
8915,Oil_thermal,0.72,-23.60220421,-46.91732129,2017,167657.1186
8919,Oil_thermal,0.72,-23.69093037,-46.57452086,2017,167657.1186
8923,Oil_thermal,0.404,-31.75194444,-52.37694444,2017,160385.6221
8927,Oil_thermal,0.64,-29.7075,-53.8125,2017,254076.2331
8931,Oil_thermal,1.6,-20.25597071,-40.23533753,2017,372571.3747
8935,Oil_thermal,1.48,-23.52374413,-46.57644945,2017,344628.5216
8939,Oil_thermal,0.6496,-8.25427778,-35.01,2017,315151.7033
8943,Oil_thermal,0.952,-22.85391361,-43.31152556,2017,221679.9679
8947,Oil_thermal,0.8,-5.06229348,-42.81117601,2017,388117.8612
8951,Oil_thermal,0.432,-22.29855075,-49.0661844,2017,100594.2712
8955,Oil_thermal,1.05,-8.27694444,-35.03666667,2017,509404.6929
8959,Oil_thermal,1.68,-23.52472222,-46.6625,2017,391199.9434
8963,Oil_thermal,0.8,-23.67724083,-46.43759917,2017,186285.6873
8967,Oil_thermal,0.24,-22.83221667,-47.24558333,2017,55885.7062
8971,Oil_thermal,0.72,-20.63101667,-47.28713056,2017,167657.1186
8975,Oil_thermal,0.264,-23.20527778,-45.88555555,2017,61474.27682
8979,Oil_thermal,1.08,-23.58126194,-46.60055404,2017,251485.6779
8983,Oil_thermal,0.144,-20.83194444,-49.35777778,2017,33531.42372
8987,Oil_thermal,0.76,-5.89134806,-35.256295,2017,368711.9682
8991,Oil_thermal,1.12,-22.91111111,-47.09638889,2017,260799.9623
8995,Oil_thermal,0.144,-25.09805556,-50.14694445,2017,57167.15244
8999,Oil_thermal,0.3496,-5.79194444,-35.21111111,2017,169607.5054
9003,Oil_thermal,0.136,-23.49944444,-46.82583334,2017,31668.56685
9007,Oil_thermal,1.84,-26.88816625,-49.20985508,2017,730469.17
9011,Oil_thermal,0.5,-26.89795407,-49.0697012,2017,198497.0571
9015,Oil_thermal,0.0648,-23.39638889,-51.95555556,2017,25725.2186
9019,Oil_thermal,0.8,-22.89235144,-43.677741,2017,186285.6873
9023,Oil_thermal,0.3496,-8.05472222,-34.87861111,2017,169607.5054
9027,Oil_thermal,0.4,-2.91019444,-41.73886109,2017,194058.9306
9031,Oil_thermal,0.72,-22.33523974,-41.74024792,2017,167657.1186
9035,Oil_thermal,0.044,-22.22444448,-54.80666665,2017,10245.7128
9039,Oil_thermal,0.256,-21.15416667,-47.82083333,2017,59611.41994
9047,Oil_thermal,0.184,-20.72266667,-46.60711111,2017,42845.70808
9051,Oil_thermal,2.1744,-22.8960718,-47.20337316,2017,506324.4981
9055,Oil_thermal,0.052,-22.21823212,-54.81470148,2017,12108.56968
9059,Oil_thermal,0.1296,-24.97249999,-53.44861111,2017,51450.43719
9063,Oil_thermal,1.028,-23.14281457,-47.24665621,2017,239377.1082
9067,Oil_thermal,0.76,-16.63175412,-49.27551733,2017,176971.403
9071,Oil_thermal,0.72,-10.25814694,-48.31142833,2017,223111.8204
9075,Oil_thermal,1.22672,-26.2165,-49.40208333,2017,487000.6197
9079,Oil_thermal,1.12,-15.83265018,-48.08079066,2017,260799.9623
9083,Oil_thermal,0.8,-23.47293326,-46.90698566,2017,186285.6873
9087,Oil_thermal,0.8,-18.90226196,-48.2793572,2017,186285.6873
9091,Oil_thermal,0.72,-12.96762417,-38.47966472,2017,349306.0751
9095,Oil_thermal,1.12,-23.27415092,-45.97394847,2017,260799.9623
9099,Oil_thermal,0.368,-20.89725,-45.26705555,2017,85691.41617
9107,Oil_thermal,1.80115,-24.77583339,-49.88555544,2017,715045.9487
9115,Oil_thermal,0.8,-23.18010066,-45.86629341,2017,186285.6873
9119,Oil_thermal,2.2224,-23.74944622,-46.56221176,2017,517501.6394
9123,Oil_thermal,0.144,-23.41877974,-51.94629501,2017,57167.15244
9127,Oil_thermal,0.5655,-1.40611045,-48.43694598,2017,175235.7423
9131,Oil_thermal,0.6,-15.78722204,-47.85416682,2017,139714.2655
9135,Oil_thermal,2.88,-12.67728,-38.48317,2017,1397224.3
9139,Oil_thermal,0.36,-23.66863483,-46.73640833,2017,83828.5593
9143,Oil_thermal,0.864,-22.93722222,-43.37416667,2017,201188.5423
9147,Oil_thermal,0.8,-17.80571806,-50.92243139,2017,186285.6873
9151,Oil_thermal,0.8,-20.356955,-40.33413,2017,186285.6873
9155,Oil_thermal,0.68,-19.52527778,-44.09166667,2017,158342.8342
9159,Oil_thermal,1.36,-5.75089889,-35.252255,2017,659800.3641
9163,Oil_thermal,0.96,-5.84981306,-35.20597194,2017,465741.4335
9167,Oil_thermal,0.4,-5.80090889,-35.21553111,2017,194058.9306
9171,Oil_thermal,0.8,-5.75592345,-35.2429712,2017,388117.8612
9175,Oil_thermal,0.56,-5.77083333,-35.26861111,2017,271682.5029
9179,Oil_thermal,2.544,-19.96225111,-44.16038,2017,592388.4857
9183,Oil_thermal,0.4,-5.75089889,-35.252255,2017,194058.9306
9187,Oil_thermal,2.7528,-26.63472222,-48.70472222,2017,1092845.397
9191,Oil_thermal,1.08,-5.79358305,-35.20355194,2017,523959.1127
9195,Oil_thermal,0.264,-11.86464722,-55.50443056,2017,61474.27682
9199,Oil_thermal,1.6,-22.82777778,-43.05194445,2017,372571.3747
9203,Oil_thermal,0.32,-18.91694444,-48.28055556,2017,74514.27493
9207,Oil_thermal,0.36,-22.95166631,-43.18527793,2017,83828.5593
9211,Oil_thermal,1.12,-5.884255,-35.22898611,2017,543365.0057
9215,Oil_thermal,2.4,-23.28472222,-45.94166667,2017,558857.062
9219,Oil_thermal,0.6675,-0.61860502,-47.35055523,2017,206843.2502
9223,Oil_thermal,4,-23.13138889,-45.75305556,2017,931428.4366
9227,Oil_thermal,1.1,-22.99239856,-43.24997901,2017,256142.8201
9231,Oil_thermal,0.738,-1.44555555,-48.4775,2017,228689.6159
9235,Oil_thermal,2.0552,-22.95444444,-43.18722222,2017,478567.9307
9239,Oil_thermal,0.4,-16.74964691,-49.30408193,2017,93142.84366
9243,Oil_thermal,2.576,-23.62767633,-46.72636789,2017,599839.9132
9247,Oil_thermal,0.6375,-1.39055573,-48.42555543,2017,197546.9243
9255,Oil_thermal,0.72,-16.09352103,-47.98323016,2017,167657.1186
9259,Oil_thermal,0.8504,-22.96611111,-47.13638889,2017,198021.6856
9263,Oil_thermal,1.025,-1.45722257,-48.49472218,2017,317624.4666
9267,Oil_thermal,2.392,-1.29749919,-47.93750081,2017,741227.0479
9271,Oil_thermal,1.2,-5.88721111,-35.21008,2017,582176.7919
9275,Oil_thermal,3.64,-23.55027778,-46.72111111,2017,847599.8773
9279,Oil_thermal,1,-23.68718898,-46.566969,2017,232857.1092
9283,Oil_thermal,3.7,-2.99940555,-60.00175278,2017,1146546.855
9287,Oil_thermal,0.392,-5.08888889,-42.80944444,2017,190177.752
9291,Oil_thermal,4.352,-1.40166667,-48.43444445,2017,1348587.003
9295,Oil_thermal,0.4312,-22.36888889,-46.95361111,2017,100407.9855
9299,Oil_thermal,0.4,-23.0952,-47.71755833,2017,93142.84366
9303,Oil_thermal,0.112,-22.73640833,-47.38004167,2017,26079.99623
9307,Oil_thermal,0.64,-5.78805556,-35.20277778,2017,310494.289
9311,Oil_thermal,2.4,-22.89444468,-43.11249786,2017,558857.062
9315,Oil_thermal,3.5,-23.59277778,-46.83361111,2017,814999.882
9319,Oil_thermal,1.524,-30.02781666,-51.1578222,2017,605019.03
9323,Oil_thermal,0.36,-15.62153255,-56.06474051,2017,83828.5593
9327,Oil_thermal,0.86,-1.36361111,-48.37416667,2017,266494.6744
9331,Oil_thermal,4.536,-7.50839849,-34.97467356,2017,2200628.273
9335,Oil_thermal,0.324,-19.5286111,-42.62444444,2017,75445.70337
9339,Oil_thermal,0.092,-31.45,-52.64055556,2017,36523.4585
9343,Oil_thermal,0.092,-31.625,-52.31777778,2017,36523.4585
9347,Oil_thermal,2.56,-20.26800194,-40.25252889,2017,596114.1994
9351,Oil_thermal,0.208,-20.89391667,-45.27238889,2017,48434.2787
9355,Oil_thermal,1.524,-1.44966443,-48.49818018,2017,472253.3532
9359,Oil_thermal,2.8992,-23.33906522,-51.17664567,2017,1150965.336
9363,Oil_thermal,2.4,-5.12611111,-42.80861111,2017,1164353.584
9367,Oil_thermal,1,-5.08239855,-42.779979,2017,485147.3266
9371,Oil_thermal,1,-22.237075,-45.885458,2017,232857.1092
9375,Oil_thermal,0.06,-31.89104689,-52.31975082,2017,23819.64685
9379,Oil_thermal,4,-5.0804541,-42.77942344,2017,1940589.306
9383,Oil_thermal,1.0488,-12.83239572,-38.40802815,2017,508822.5161
9387,Oil_thermal,0.36,-18.40952778,-49.20780556,2017,83828.5593
9391,Oil_thermal,0.36,-29.86249029,-51.18045629,2017,142917.8811
9395,Oil_thermal,1.44,-19.92361122,-43.93833319,2017,335314.2372
9399,Oil_thermal,1.2,-16.72333388,-49.26416653,2017,279428.531
9403,Oil_thermal,2.016,-25.42333334,-49.28027778,2017,800340.1341
9407,Oil_thermal,1.8,-3.85527778,-38.59666667,2017,873265.1878
9411,Oil_thermal,0.144,-20.16083334,-44.88186111,2017,33531.42372
9415,Oil_thermal,0.184,-19.58447222,-46.94405556,2017,42845.70808
9419,Oil_thermal,0.12,-20.29213889,-45.53930556,2017,27942.8531
9423,Oil_thermal,0.735,-16.40148583,-48.93706361,2017,171149.9752
9427,Oil_thermal,0.4,-28.84489861,-49.61997888,2017,158797.6457
9431,Oil_thermal,0.096,-6.32683253,-47.44583276,2017,29748.24272
9435,Oil_thermal,0.144,-28.66962078,-49.36136791,2017,57167.15244
9439,Oil_thermal,0.72,-20.22614611,-40.27016472,2017,167657.1186
9443,Oil_thermal,0.8,-23.65611111,-46.6625,2017,186285.6873
9447,Oil_thermal,0.8,-23.54527778,-46.5575,2017,186285.6873
9451,Oil_thermal,0.16,-27.59027778,-48.53249999,2017,63519.05826
9455,Oil_thermal,0.6056,-22.76777778,-42.07972222,2017,141018.2653
9459,Oil_thermal,0.092,-31.58117,-52.34116,2017,36523.4585
9463,Oil_thermal,0.36,-9.79000006,-36.6575,2017,174653.0376
9467,Oil_thermal,3.028,-22.71,-42.24861111,2017,705091.3265
9471,Oil_thermal,0.343,-16.61472667,-49.25874389,2017,79869.98844
9475,Oil_thermal,0.288,-20.14888889,-44.87936111,2017,67062.84744
9479,Oil_thermal,0.12,-22.832576,-42.132255,2017,27942.8531
9483,Oil_thermal,0.72,-22.90823864,-47.09254637,2017,167657.1186
9487,Oil_thermal,0.12,-22.7775,-41.94222222,2017,27942.8531
9491,Oil_thermal,0.108,-26.91610805,-49.05763111,2017,42875.36433
9495,Oil_thermal,0.2392,-1.44944454,-48.49777723,2017,74122.70479
9499,Oil_thermal,1.23265,-1.3563889,-48.39916681,2017,381970.5353
9503,Oil_thermal,3.028,-22.63749999,-42.29805555,2017,705091.3265
9507,Oil_thermal,0.8,-21.72561917,-43.39304028,2017,186285.6873
9511,Oil_thermal,3.969,-12.84291278,-38.44785889,2017,1925549.739
9515,Oil_thermal,0.08,-22.83861111,-42.21916667,2017,18628.56873
9519,Oil_thermal,1.8326,-23.17280194,-47.26693,2017,426733.9382
9523,Oil_thermal,0.72,-8.02858139,-34.94378694,2017,349306.0751
9527,Oil_thermal,1.6,-19.94472222,-44.11861111,2017,372571.3747
9531,Oil_thermal,1.2,-15.61488918,-56.10277068,2017,279428.531
9535,Oil_thermal,0.092,-22.77444444,-47.3225,2017,21422.85404
9539,Oil_thermal,0.2695,-12.828205,-38.43353083,2017,130747.2045
9543,Oil_thermal,0.208,-22.83111111,-42.02333333,2017,48434.2787
9547,Oil_thermal,0.9,-23.51305556,-46.655,2017,209571.3982
9551,Oil_thermal,0.508,-16.35744446,-46.89936109,2017,118291.4115
9555,Oil_thermal,0.144,-22.775,-41.91944444,2017,33531.42372
9559,Oil_thermal,0.288,-22.82666667,-42.12527778,2017,67062.84744
9563,Oil_thermal,0.72,-22.84584558,-47.09009242,2017,167657.1186
9567,Oil_thermal,1.44,-22.85361111,-47.02722222,2017,335314.2372
9571,Oil_thermal,0.72,-23.67407582,-46.61317822,2017,167657.1186
9575,Oil_thermal,0.4096,-23.976843,-46.22220122,2017,95378.27191
9579,Oil_thermal,0.664,-23.53517633,-46.759979,2017,154617.1205
9583,Oil_thermal,0.76,-29.70763152,-51.13617614,2017,301715.5267
9587,Oil_thermal,0.4096,-23.62583333,-46.68638889,2017,95378.27191
9591,Oil_thermal,0.72,-23.65611111,-46.59555556,2017,167657.1186
9595,Oil_thermal,0.06,-31.61903882,-52.31023499,2017,23819.64685
9599,Oil_thermal,1.08,-15.73503048,-47.90486744,2017,251485.6779
9603,Oil_thermal,0.72,-18.87932622,-41.95881726,2017,167657.1186
9607,Oil_thermal,1.08,-23.46833333,-46.52166667,2017,251485.6779
9611,Oil_thermal,1.44,-23.52277778,-46.60083333,2017,335314.2372
9615,Oil_thermal,0.184,-22.87722221,-42.0513889,2017,42845.70808
9619,Oil_thermal,0.66,-22.88767633,-47.01442344,2017,153685.692
9623,Oil_thermal,0.8192,-23.72722222,-46.55222222,2017,190756.5438
9627,Oil_thermal,0.72,-23.50472222,-46.8325,2017,167657.1186
9631,Oil_thermal,0.72,-23.64608966,-46.63864455,2017,167657.1186
9635,Oil_thermal,0.368,-23.51295411,-46.61914566,2017,85691.41617
9639,Oil_thermal,0.12,-22.88472222,-42.05277778,2017,27942.8531
9643,Oil_thermal,2.5504,-23.53555556,-46.77138889,2017,593878.7712
9647,Oil_thermal,0.36,-23.09962078,-45.70025678,2017,83828.5593
9651,Oil_thermal,0.72,-22.75816639,-43.43205028,2017,167657.1186
9655,Oil_thermal,1,-23.66972222,-46.53527778,2017,232857.1092
9659,Oil_thermal,0.508,-5.53111111,-47.48472222,2017,157417.7844
9663,Oil_thermal,4,-15.61027772,-56.15444444,2017,931428.4366
9667,Oil_thermal,1.44,-23.96722222,-46.36944444,2017,335314.2372
9671,Oil_thermal,0.8,-3.71144676,-40.33656264,2017,388117.8612
9675,Oil_thermal,0.864,-22.78525306,-43.30988806,2017,201188.5423
9679,Oil_thermal,1.08,-18.35194444,-49.21972222,2017,251485.6779
9683,Oil_thermal,0.72,-8.29681417,-35.9725375,2017,349306.0751
9687,Oil_thermal,0.29766,-22.92666667,-47.08111111,2017,69312.24711
9691,Oil_thermal,0.8,-21.71046667,-41.30906583,2017,186285.6873
9695,Oil_thermal,3.99999,-16.59035047,-49.86455253,2017,931426.1081
9699,Oil_thermal,0.369,-23.52305556,-46.82638889,2017,85924.27328
9703,Oil_thermal,0.63,-23.20230076,-46.98044915,2017,146699.9788
9707,Oil_thermal,0.8,-12.23436765,-38.97389048,2017,388117.8612
9711,Oil_thermal,0.576,-20.46638889,-54.60055555,2017,134125.6949
9715,Oil_thermal,0.48,-19.70111111,-43.95555556,2017,111771.4124
9719,Oil_thermal,0.092,-31.0263889,-52.04944443,2017,36523.4585
9723,Oil_thermal,0.208,-22.88972222,-42.04916667,2017,48434.2787
9727,Oil_thermal,0.369,-23.2175,-45.89055555,2017,85924.27328
9731,Oil_thermal,0.3608,-22.81132333,-45.19821667,2017,84014.84498
9735,Oil_thermal,0.414,-21.99190944,-47.88519195,2017,96402.84319
9739,Oil_thermal,0.414,-23.25502466,-47.31948049,2017,96402.84319
9743,Oil_thermal,0.2296,-23.66609167,-46.72204722,2017,53463.99226
9747,Oil_thermal,0.369,-23.67472222,-46.71277778,2017,85924.27328
9751,Oil_thermal,0.46,-22.93237887,-45.444683,2017,107114.2702
9755,Oil_thermal,0.4232,-23.21712524,-47.29914999,2017,98545.12859
9759,Oil_thermal,0.4232,-23.11440801,-47.21906517,2017,98545.12859
9763,Oil_thermal,0.02,-23.58527778,-46.88916667,2017,4657.142183
9767,Oil_thermal,2.6,-17.59472222,-44.71833334,2017,605428.4838
9771,Oil_thermal,0.4232,-22.36780277,-46.95436389,2017,98545.12859
9775,Oil_thermal,0.414,-23.68028889,-46.59765833,2017,96402.84319
9779,Oil_thermal,0.4232,-22.74967222,-47.37226667,2017,98545.12859
9783,Oil_thermal,0.414,-22.822145,-47.26580306,2017,96402.84319
9787,Oil_thermal,0.084,-22.62027778,-42.00555556,2017,19559.99717
9791,Oil_thermal,0.414,-24.186121,-46.79099099,2017,96402.84319
9795,Oil_thermal,0.506,-22.73557472,-47.60834778,2017,117825.6972
9799,Oil_thermal,3.36,-26.77861111,-53.20194444,2017,1333900.224
9803,Oil_thermal,0.369,-22.84416667,-47.10055556,2017,85924.27328
9807,Oil_thermal,0.72,-7.22769668,-39.34704082,2017,349306.0751
9811,Oil_thermal,0.414,-23.29000833,-45.95378333,2017,96402.84319
9815,Oil_thermal,1.2,-22.69916667,-43.46527778,2017,279428.531
9819,Oil_thermal,2.6,-9.55462078,-35.73664566,2017,1261383.049
9823,Oil_thermal,1.56,-22.82954694,-43.032335,2017,363257.0903
9827,Oil_thermal,1.08,-5.14850966,-42.78470122,2017,523959.1127
9831,Oil_thermal,0.72,-23.76747075,-46.71790581,2017,167657.1186
9835,Oil_thermal,3.6744,-23.21209167,-47.57558917,2017,855610.1619
9839,Oil_thermal,1,-10.84472222,-61.99333333,2017,232857.1092
9843,Oil_thermal,1.656,-22.99667912,-47.10702894,2017,385611.3728
9847,Oil_thermal,0.416,-22.97833336,-45.46416667,2017,96868.55741
9851,Oil_thermal,0.32,-23.53414778,-46.21692778,2017,74514.27493
9855,Oil_thermal,0.3608,-23.43297778,-46.40434722,2017,84014.84498
9859,Oil_thermal,9.26,-16.98862222,-48.96139722,2017,2156256.831
9863,Oil_thermal,0.5715,-3.87972222,-38.62138889,2017,277261.6971
9867,Oil_thermal,1.2,-21.18080556,-43.98241667,2017,279428.531
9871,Oil_thermal,2.44,-7.81867745,-35.30713881,2017,1183759.477
9875,Oil_thermal,0.4,-22.52722222,-43.54749998,2017,93142.84366
9879,Oil_thermal,0.1476,-23.43131436,-46.4129506,2017,34369.70931
9883,Oil_thermal,0.36,-11.82921389,-55.51398889,2017,83828.5593
9887,Oil_thermal,0.5136,-19.78273444,-45.27658111,2017,119595.4113
9891,Oil_thermal,0.0816,-23.48443056,-46.54353333,2017,19001.14011
9895,Oil_thermal,0.2304,-15.80388921,-47.89606661,2017,53650.27795
9899,Oil_thermal,0.272,-15.83172917,-47.91095984,2017,63337.13369
9903,Oil_thermal,0.36,-15.75950833,-47.87851667,2017,83828.5593
9907,Oil_thermal,0.2107,-23.79743661,-47.69166344,2017,49062.9929
9911,Oil_thermal,0.4,-15.96556649,-48.02278683,2017,93142.84366
9915,Oil_thermal,0.36,-20.38138891,-44.48444452,2017,83828.5593
9919,Oil_thermal,0.508,-28.2775,-54.26916667,2017,201673.01
9923,Oil_thermal,0.12922,-1.42138889,-48.48138889,2017,40042.37422
9927,Oil_thermal,1,-8.11922222,-34.90519444,2017,485147.3266
9931,Oil_thermal,4,-29.9725,-51.194125,2017,1587976.457
9935,Oil_thermal,0.76,-23.54406528,-46.61525666,2017,176971.403
9939,Oil_thermal,0.9376,-22.75566694,-47.32508472,2017,218326.8255
9943,Oil_thermal,2.16,-8.33833333,-35.02222222,2017,1047918.225
9947,Oil_thermal,1.224,-20.44583333,-43.9325,2017,285017.1016
9951,Oil_thermal,0.72,-23.43669644,-46.71992284,2017,167657.1186
9955,Oil_thermal,3.624,-26.24653333,-52.70111111,2017,1438706.67
9959,Oil_thermal,0.4504,-19.89027777,-44.58055556,2017,104878.842
9967,Oil_thermal,2.8,-26.949292,-52.530506,2017,1111583.52
9971,Oil_thermal,0.72,-5.17154885,-37.37351718,2017,349306.0751
9975,Oil_thermal,0.288,-15.77992681,-47.87441298,2017,67062.84744
9979,Oil_thermal,0.12,-22.87527777,-42.03888889,2017,27942.8531
9983,Oil_thermal,2.1984,-23.02138889,-43.48861111,2017,511913.0688
9987,Oil_thermal,2.1792,-18.90999982,-48.25944432,2017,507442.2123
9991,Oil_thermal,1.2,-22.75416667,-46.09444445,2017,279428.531
9995,Oil_thermal,0.72,-21.81786917,-48.17245916,2017,167657.1186
9999,Oil_thermal,0.288,-15.72078871,-47.88292216,2017,67062.84744
10003,Oil_thermal,0.72,-23.61166667,-46.74083333,2017,167657.1186
10007,Oil_thermal,0.28,-23.01722222,-45.55166667,2017,65199.99056
10011,Oil_thermal,4,-23.20805555,-46.77777778,2017,931428.4366
10015,Oil_thermal,0.36,-15.81552126,-48.01062189,2017,83828.5593
10019,Oil_thermal,0.12,-22.84944444,-42.24027778,2017,27942.8531
10023,Oil_thermal,0.369,-23.02502339,-45.5735844,2017,85924.27328
10027,Oil_thermal,1.5408,-22.77861111,-42.16583333,2017,358786.2338
10031,Oil_thermal,1.524,-22.8388889,-43.37000014,2017,354874.2344
10035,Oil_thermal,1.44,-23.59663227,-46.85851202,2017,335314.2372
10039,Oil_thermal,0.16,-26.29861111,-48.84472222,2017,63519.05826
10043,Oil_thermal,0.72,-9.4512525,-40.4881825,2017,349306.0751
10047,Oil_thermal,1.6,-28.40067633,-54.96256233,2017,635190.5826
10051,Oil_thermal,2.4,-21.23046044,-50.50778638,2017,558857.062
10055,Oil_thermal,2.16,-14.45906522,-54.029979,2017,502971.3558
10059,Oil_thermal,1.104,-28.43170411,-53.877979,2017,438281.502
10063,Oil_thermal,0.00018,-2.42083333,-54.71666667,2017,55.77795511
10067,Oil_thermal,0.266,-18.91314137,-46.96980695,2017,61939.99104
10075,Oil_thermal,1.012,-22.75611111,-45.10916667,2017,235651.3945
10079,Oil_thermal,0.32,-16.65363889,-49.2531111,2017,74514.27493
10083,Oil_thermal,0.36,-16.67583333,-49.26330556,2017,83828.5593
10087,Oil_thermal,0.72,-17.78966664,-50.92019442,2017,167657.1186
10091,Oil_thermal,0.36,-16.65961112,-49.2594722,2017,83828.5593
10095,Oil_thermal,3.12,-27.854843,-54.470729,2017,1238621.636
10099,Oil_thermal,0.32,-16.69766667,-49.3139722,2017,74514.27493
10103,Oil_thermal,0.56,-16.70394444,-49.2683889,2017,130399.9811
10107,Oil_thermal,0.508,-28.65248466,-55.89593955,2017,201673.01
10111,Oil_thermal,0.36,-16.77025002,-49.35202776,2017,83828.5593
10115,Oil_thermal,0.4,-16.73075001,-49.23422221,2017,93142.84366
10119,Oil_thermal,0.36,-16.68472221,-49.29308331,2017,83828.5593
10123,Oil_thermal,0.32,-17.88713891,-51.71405553,2017,74514.27493
10127,Oil_thermal,0.01,-1.07333333,-61.54611111,2017,3098.775284
10131,Oil_thermal,0.4,-16.70880558,-49.27380553,2017,93142.84366
10135,Oil_thermal,0.56,-16.66366666,-49.29799999,2017,130399.9811
10139,Oil_thermal,0.4,-15.54647222,-47.32477778,2017,93142.84366
10143,Oil_thermal,0.32,-21.78208331,-43.35788885,2017,74514.27493
10147,Oil_thermal,4,-19.94169378,-44.01165197,2017,931428.4366
10151,Oil_thermal,0.56,-16.65922222,-49.18738888,2017,130399.9811
10155,Oil_thermal,0.56,-17.549,-52.54505556,2017,130399.9811
10159,Oil_thermal,0.36,-21.74022222,-43.36905556,2017,83828.5593
10163,Oil_thermal,0.4,-16.33341667,-48.93161111,2017,93142.84366
10167,Oil_thermal,0.168,-21.75855556,-43.34677778,2017,39119.99434
10171,Oil_thermal,0.3472,-21.14972222,-42.42611111,2017,80847.9883
10175,Oil_thermal,0.56,-16.65419444,-49.32988889,2017,130399.9811
10179,Oil_thermal,0.36,-21.75469444,-43.35422222,2017,83828.5593
10183,Oil_thermal,0.36,-16.78683333,-49.27938889,2017,83828.5593
10187,Oil_thermal,3.186,-23.82777778,-46.36166667,2017,741882.7498
10191,Oil_thermal,0.6728,-23.59944444,-46.63694444,2017,156666.263
10207,Oil_thermal,0.508,-21.76961111,-43.36966667,2017,118291.4115
10211,Oil_thermal,0.208,-19.95575,-47.89625,2017,48434.2787
10215,Oil_thermal,1.694,-8.02027778,-62.87277778,2017,394459.9429
10219,Oil_thermal,0.198,-8.22,-63.18416667,2017,46105.70761
10223,Oil_thermal,0.286,-8.17305555,-62.77916664,2017,66597.13322
10227,Oil_thermal,0.077,-8.02277778,-62.77277778,2017,17929.99741
10231,Oil_thermal,0.742,-8.15888889,-63.32111112,2017,172779.975
10235,Oil_thermal,0.234,-8.23555552,-63.25250002,2017,54488.56354
10239,Oil_thermal,1.682,-8.435,-63.49583333,2017,391665.6576
10243,Oil_thermal,0.232,-12.85105927,-62.90259268,2017,54022.84932
10247,Oil_thermal,0.662,-13.08583327,-62.27777774,2017,154151.4063
10251,Oil_thermal,0.66,-11.88444444,-65.01916667,2017,153685.692
10255,Oil_thermal,0.56,-15.56623611,-54.30894444,2017,130399.9811
10259,Oil_thermal,0.1,-23.52972222,-46.66277778,2017,23285.71092
10263,Oil_thermal,0.36,-21.75894444,-43.35011111,2017,83828.5593
10267,Oil_thermal,0.4,-27.59023889,-48.51507778,2017,158797.6457
10271,Oil_thermal,2.916,-22.4475,-47.54833333,2017,679011.3303
10275,Oil_thermal,2.6,-27.18344085,-52.23343761,2017,1032184.697
10279,Oil_thermal,0.092,-22.85483333,-47.05111111,2017,21422.85404
10283,Oil_thermal,0.184,-22.85277778,-47.04972222,2017,42845.70808
10287,Oil_thermal,0.0648,-23.30480556,-45.97216667,2017,15089.14067
10291,Oil_thermal,0.0648,-19.98395186,-43.8498016,2017,15089.14067
10295,Oil_thermal,0.56,-16.64302,-49.27479,2017,130399.9811
10299,Oil_thermal,0.092,-22.93086111,-45.46141667,2017,21422.85404
10303,Oil_thermal,0.144,-8.06166667,-34.92027778,2017,69861.21502
10307,Oil_thermal,0.0648,-23.57003333,-48.028425,2017,15089.14067
10311,Oil_thermal,0.46,-22.92051667,-48.46655555,2017,107114.2702
10315,Oil_thermal,0.092,-23.99286111,-46.25772222,2017,21422.85404
10319,Oil_thermal,1.016,-22.75308333,-47.29783333,2017,236582.8229
10323,Oil_thermal,0.184,-22.01486111,-47.87825,2017,42845.70808
10327,Oil_thermal,0.092,-23.26356111,-47.30037222,2017,21422.85404
10331,Oil_thermal,0.256,-16.49865,-49.43028001,2017,59611.41994
10335,Oil_thermal,0.508,-21.75477778,-43.35072222,2017,118291.4115
10339,Oil_thermal,0.1128,-22.72141667,-47.63288889,2017,26266.28191
10343,Oil_thermal,0.084,-21.14133333,-47.98297222,2017,19559.99717
10347,Oil_thermal,0.288,-15.59888889,-56.10027778,2017,67062.84744
10351,Oil_thermal,0.5496,-4.85361111,-43.35333333,2017,170308.6896
10355,Oil_thermal,0.064,-8.1275,-34.91527778,2017,31049.4289
10359,Oil_thermal,0.184,-21.79144444,-48.20263889,2017,42845.70808
10363,Oil_thermal,0.72,-16.74158333,-49.27661111,2017,167657.1186
10367,Oil_thermal,2.4,-7.19925,-48.30195194,2017,743706.0681
10371,Oil_thermal,1.794,-22.925,-43.36111111,2017,417745.6538
10375,Oil_thermal,0.184,-10.91405556,-37.0545,2017,89267.10809
10379,Oil_thermal,0.0416,-23.75966,-46.03011,2017,9686.855741
10387,Oil_thermal,0.44,-22.88925,-43.28780556,2017,102457.128
10391,Oil_thermal,0.48,-23.19913889,-45.90027778,2017,111771.4124
10395,Oil_thermal,0.184,-21.7675,-41.32361111,2017,42845.70808
10399,Oil_thermal,0.24,-23.03183333,-45.56869444,2017,55885.7062
10403,Oil_thermal,0.208,-23.60444444,-46.61805556,2017,48434.2787
10407,Oil_thermal,0.208,-23.66863889,-46.68097222,2017,48434.2787
10411,Oil_thermal,0.208,-23.515,-46.43555556,2017,48434.2787
10415,Oil_thermal,0.368,-22.85280556,-43.25613888,2017,85691.41617
10419,Oil_thermal,0.1,-23.63675,-46.51897222,2017,23285.71092
10423,Oil_thermal,0.384,-9.64675,-35.71288889,2017,186296.5734
10427,Oil_thermal,0.092,-23.49055556,-46.58,2017,21422.85404
10431,Oil_thermal,0.392,-22.8325,-43.07561111,2017,91279.98679
10435,Oil_thermal,0.368,-22.92016667,-43.21216667,2017,85691.41617
10439,Oil_thermal,0.1,-23.68416667,-46.62363889,2017,23285.71092
10443,Oil_thermal,0.368,-22.95483333,-43.19044444,2017,85691.41617
10447,Oil_thermal,0.06,-31.33138931,-54.10979024,2017,23819.64685
10451,Oil_thermal,0.092,-22.95713889,-46.97697222,2017,21422.85404
10455,Oil_thermal,0.208,-23.58694444,-46.71694444,2017,48434.2787
10459,Oil_thermal,0.184,-22.87933333,-43.40608333,2017,42845.70808
10463,Oil_thermal,0.092,-23.64972222,-46.66638889,2017,21422.85404
10467,Oil_thermal,0.044,-22.39769444,-47.56433333,2017,10245.7128
10471,Oil_thermal,0.144,-30.07005556,-51.23127778,2017,57167.15244
10475,Oil_thermal,0.144,-24.01772222,-46.4555,2017,33531.42372
10479,Oil_thermal,0.184,-22.92319,-43.45026,2017,42845.70808
10483,Oil_thermal,0.0648,-23.44027778,-46.5475,2017,15089.14067
10487,Oil_thermal,0.208,-23.48722222,-46.73166667,2017,48434.2787
10491,Oil_thermal,0.208,-23.485,-46.62361111,2017,48434.2787
10495,Oil_thermal,0.092,-23.53138889,-46.2,2017,21422.85404
10499,Oil_thermal,0.0648,-23.66772222,-46.53977778,2017,15089.14067
10503,Oil_thermal,0.144,-23.65008,-46.64811,2017,33531.42372
10507,Oil_thermal,0.208,-23.61472222,-46.74361111,2017,48434.2787
10511,Oil_thermal,0.616,-15.79213889,-47.90990179,2017,143439.9792
10515,Oil_thermal,0.1344,-23.55166667,-46.65472222,2017,31295.99547
10519,Oil_thermal,0.8,-23.51266667,-46.70527778,2017,186285.6873
10523,Oil_thermal,0.368,-23.01419444,-43.46644444,2017,85691.41617
10527,Oil_thermal,0.484,-12.98997222,-38.45944444,2017,234811.3061
10531,Oil_thermal,0.2912,-23.52111111,-46.66527778,2017,67807.99019
10535,Oil_thermal,0.092,-23.55663889,-46.66227778,2017,21422.85404
10539,Oil_thermal,0.092,-22.92319,-43.45026,2017,21422.85404
10543,Oil_thermal,0.12,-20.36438889,-40.30094444,2017,27942.8531
10547,Oil_thermal,0.32,-23.65008,-46.64811,2017,74514.27493
10551,Oil_thermal,0.144,-23.61,-46.69472222,2017,33531.42372
10555,Oil_thermal,0.0688,-7.12166667,-34.83816667,2017,33378.13607
10559,Oil_thermal,0.184,-22.56997222,-47.422,2017,42845.70808
10563,Oil_thermal,2.4,-23.54722222,-46.63416667,2017,558857.062
10567,Oil_thermal,0.1876,-23.58277778,-46.68313889,2017,43683.99368
10571,Oil_thermal,0.24,-23.5475,-46.63611111,2017,55885.7062
10575,Oil_thermal,1.6192,-19.92238889,-43.92211111,2017,377042.2311
10579,Oil_thermal,0.144,-21.22982778,-50.44735833,2017,33531.42372
10583,Oil_thermal,0.208,-23.54694444,-46.57722222,2017,48434.2787
10587,Oil_thermal,0.168,-18.57888889,-46.51805556,2017,39119.99434
10595,Oil_thermal,0.208,-23.5725,-46.57027778,2017,48434.2787
10603,Oil_thermal,0.8624,-23.53805556,-46.77666667,2017,200815.9709
10607,Oil_thermal,0.896,-23.49911111,-46.85066667,2017,208639.9698
10611,Oil_thermal,0.72,-22.93183333,-43.32608333,2017,167657.1186
10615,Oil_thermal,0.184,-22.53283333,-43.19308333,2017,42845.70808
10619,Oil_thermal,0.5496,-5.08916667,-42.80194444,2017,266636.9707
10623,Oil_thermal,0.208,-23.52972222,-46.6875,2017,48434.2787
10627,Oil_thermal,0.32,-21.74153574,-43.36321834,2017,74514.27493
10631,Oil_thermal,0.092,-24.08057,-49.30356,2017,21422.85404
10635,Oil_thermal,0.12,-20.30311111,-40.31455556,2017,27942.8531
10639,Oil_thermal,0.24,-7.16427778,-34.86027778,2017,116435.3584
10643,Oil_thermal,0.12,-20.80638889,-49.39083333,2017,27942.8531
10651,Oil_thermal,0.56,-12.93247222,-38.50707778,2017,271682.5029
10655,Oil_thermal,0.52,-22.90666667,-47.08583333,2017,121085.6968
10659,Oil_thermal,0.72,-12.89024444,-38.31338611,2017,349306.0751
10663,Oil_thermal,0.736,-12.93888889,-38.38641111,2017,357068.4323
10667,Oil_thermal,0.184,-21.69891667,-43.42463889,2017,42845.70808
10671,Oil_thermal,0.36,-19.7480555,-47.98055559,2017,83828.5593
10675,Oil_thermal,3.92,-15.65261885,-56.12292242,2017,912799.8679
10679,Oil_thermal,0.648,-23.43889,-46.475836,2017,150891.4067
10683,Oil_thermal,0.0296,-21.67222222,-51.08111111,2017,6892.570431
10687,Oil_thermal,0.24,-22.24111111,-51.42611111,2017,55885.7062
10691,Oil_thermal,0.26,-26.90494195,-48.70266826,2017,103218.4697
10695,Oil_thermal,0.16,-23.51138891,-47.4888889,2017,37257.13747
10699,Oil_thermal,0.4232,-22.31219167,-49.05798889,2017,98545.12859
10703,Oil_thermal,0.0504,-23.61194445,-46.65916666,2017,11735.9983
10707,Oil_thermal,2.16,-8.33805555,-35.02277778,2017,1047918.225
10711,Oil_thermal,2,-10.32666666,-56.97944445,2017,465714.2183
10715,Oil_thermal,3,-7.14003794,-34.99055165,2017,1455441.98
10719,Oil_thermal,0.08,-23.49701509,-46.8298032,2017,18628.56873
10723,Oil_thermal,0.256,-23.63297223,-46.71197222,2017,59611.41994
10727,Oil_thermal,1.35,-23.42555558,-46.41416667,2017,314357.0974
10731,Oil_thermal,4.48,-22.78085437,-45.14807569,2017,1043199.849
10735,Oil_thermal,2.4,-16.39805555,-48.965,2017,558857.062
10739,Oil_thermal,3.036,-12.68462139,-38.30055556,2017,1472907.283
10747,Oil_thermal,0.1,-23.53777779,-46.63416666,2017,23285.71092
10751,Oil_thermal,0.0912,-23.52055557,-46.66583333,2017,21236.56836
10755,Oil_thermal,1.2,-10.67000034,-37.80500011,2017,582176.7919
10759,Oil_thermal,2.25,-23.4330555,-46.32805553,2017,523928.4956
10763,Oil_thermal,0.0176,-30.06476249,-51.22350139,2017,6987.096409
10767,Oil_thermal,5.04,-0.15667598,-50.38664855,2017,1561782.743
10771,Oil_thermal,8.04,-1.51251578,-52.58307508,2017,2491415.328
10775,Oil_thermal,3.8,-0.98596678,-49.94593211,2017,1177534.608
10779,Oil_thermal,1.2,-3.60724188,-55.32992016,2017,371853.034
10783,Oil_thermal,1.3,-0.16089936,-50.0014821,2017,402840.7869
10787,Oil_thermal,2.4,-1.25324775,-48.55351001,2017,743706.0681
10791,Oil_thermal,2.432,-2.16973152,-56.74221191,2017,753622.149
10795,Oil_thermal,7.015,-1.40416262,-51.63833053,2017,2173790.862
10799,Oil_thermal,3.2,-6.22873371,-57.76063407,2017,991608.0908
10803,Oil_thermal,21.63,-2.16304346,-56.10055107,2017,6702650.939
10807,Oil_thermal,5.226,-1.54083174,-49.25027579,2017,1619419.963
10811,Oil_thermal,5.48,-2.00250287,-49.86222416,2017,1698128.855
10815,Oil_thermal,8.04,-1.74832844,-52.23833037,2017,2491415.328
10819,Oil_thermal,3.96,-1.79416556,-53.4755554,2017,1227115.012
10823,Oil_thermal,1.6,-0.71848205,-49.18068195,2017,495804.0454
10827,Oil_thermal,15.99,-9.3432816,-50.33387252,2017,4954941.679
10831,Oil_thermal,6.06,-1.72110873,-49.52888922,2017,1877857.822
10835,Oil_thermal,5.24,-2.10444103,-56.48749194,2017,1623758.249
10839,Oil_thermal,0.192,-19.80916667,-47.92530544,2017,44708.56496
10843,Oil_thermal,0.22,-23.65388889,-46.71638888,2017,51228.56401
10847,Oil_thermal,5,-23.56500095,-46.63833143,2017,1164285.546
10855,Oil_thermal,0.891,-2.67277786,-65.67416667,2017,276100.8778
10859,Oil_thermal,0.891,-3.86277778,-62.48166667,2017,276100.8778
10863,Oil_thermal,0.891,-1.82611111,-66.59888889,2017,276100.8778
10867,Oil_thermal,1.408,-3.5294557,-64.41118006,2017,436307.5599
10871,Oil_thermal,2.464,-1.87777778,-66.99388889,2017,763538.2299
10875,Oil_thermal,2.816,-6.43944444,-68.24611111,2017,872615.1199
10879,Oil_thermal,3.168,-3.47226134,-66.06544538,2017,981692.0099
10883,Oil_thermal,4.095,-7.05472225,-71.691389,2017,1268948.479
10887,Oil_thermal,4.224,-1.83481271,-65.60696942,2017,1308922.68
10891,Oil_thermal,3.872,-3.23472222,-64.78666667,2017,1199845.79
10895,Oil_thermal,4.224,-2.98611111,-65.15777778,2017,1308922.68
10899,Oil_thermal,4.095,-7.44083333,-70.02972222,2017,1268948.479
10903,Oil_thermal,8.448,-6.66055555,-69.87611111,2017,2617845.36
10907,Oil_thermal,9.531,-4.87722222,-66.89638889,2017,2953442.723
10911,Oil_thermal,29.652,-3.35444444,-64.67027778,2017,9188488.471
10915,Oil_thermal,0.63,-4.04166666,-69.5286111,2017,195222.8429
10919,Oil_thermal,0.891,-2.93083333,-69.69638887,2017,276100.8778
10923,Oil_thermal,0.63,-5.13694389,-72.81111111,2017,195222.8429
10927,Oil_thermal,0.891,-3.05361111,-69.00222222,2017,276100.8778
10931,Oil_thermal,1.408,-3.07861112,-68.06277778,2017,436307.5599
10935,Oil_thermal,3.872,-3.36916667,-68.19111093,2017,1199845.79
10939,Oil_thermal,4.928,-2.8877777,-67.79416658,2017,1527076.46
10943,Oil_thermal,5.984,-2.74222222,-66.76833333,2017,1854307.13
10947,Oil_thermal,4.928,-4.49781,-69.4507,2017,1527076.46
10951,Oil_thermal,6.336,-2.52416661,-66.03861108,2017,1963384.02
10955,Oil_thermal,19.062,-4.25749934,-69.93861144,2017,5906885.446
10959,Oil_thermal,10.59,-4.35611111,-70.03527778,2017,3281603.025
10963,Oil_thermal,0.22,-23.59888892,-46.76027775,2017,51228.56401
10967,Oil_thermal,1.088,-22.96649429,-43.18819252,2017,253348.5348
10971,Oil_thermal,0.8,-23.7128376,-46.54705943,2017,186285.6873
10987,Oil_thermal,0.4,-16.67888889,-49.25388888,2017,93142.84366
10991,Oil_thermal,1.32,-10.94666667,-37.075,2017,640394.4711
10995,Oil_thermal,0.504,-10.96888889,-37.05416666,2017,244514.2526
11003,Oil_thermal,0.1344,-29.70388888,-53.80055556,2017,53356.00894
11007,Oil_thermal,1.1144,-23.528838,-46.66322658,2017,259495.9624
11015,Oil_thermal,0.168,-1.45689444,-48.47871111,2017,52059.42477
11019,Oil_thermal,0.0848,-23.21000001,-45.88583332,2017,19746.28286
11023,Oil_thermal,0.10625,-23.20861111,-45.90166666,2017,24741.06785
11031,Oil_thermal,0.8,-18.57500744,-46.5136126,2017,186285.6873
11035,Oil_thermal,1.6,-8.03148929,-34.90254682,2017,776235.7225
11039,Oil_thermal,1.6,-23.63042116,-46.70786582,2017,372571.3747
11043,Oil_thermal,0.24,-27.65083333,-52.24777777,2017,95278.58739
11047,Oil_thermal,0.04,-23.65916666,-46.535,2017,9314.284366
11059,Oil_thermal,0.76,-23.6435602,-46.64273247,2017,176971.403
11067,Oil_thermal,2.25,-23.53191287,-46.61974485,2017,523928.4956
11071,Oil_thermal,0.3472,-23.30625014,-45.96277647,2017,80847.9883
11075,Oil_thermal,1.8,-23.55805318,-46.6574979,2017,419142.7965
11083,Oil_thermal,1.8248,-19.76894242,-44.11691785,2017,424917.6528
11087,Oil_thermal,0.044,-27.6212164,-52.26137997,2017,17467.74102
11099,Oil_thermal,0.0506,-27.62110933,-52.2613871,2017,20087.90218
11103,Oil_thermal,1.6,-22.86694087,-43.60444087,2017,372571.3747
11107,Oil_thermal,0.6056,-21.38952607,-42.69340124,2017,141018.2653
11115,Oil_thermal,0.8215,-2.76512348,-57.75970602,2017,254564.3896
11119,Oil_thermal,2.103,-2.45623488,-57.10763924,2017,651672.4422
11123,Oil_thermal,0.8215,-2.44408848,-57.28882348,2017,254564.3896
11127,Oil_thermal,10.212,-2.62313763,-60.94733315,2017,3164469.32
11131,Oil_thermal,5.427,-2.91318555,-59.0427175,2017,1681705.346
11135,Oil_thermal,10.614,-3.11449277,-59.01879612,2017,3289040.086
11139,Oil_thermal,5.914,-2.57527146,-57.86419416,2017,1832615.703
11143,Oil_thermal,1.744,-2.79335328,-57.21898529,2017,540426.4095
11147,Oil_thermal,7.375,-2.80653741,-57.06510345,2017,2285346.772
11151,Oil_thermal,5.914,-2.96537386,-57.5863244,2017,1832615.703
11155,Oil_thermal,30.388,-3.37707371,-57.72706191,2017,9416558.332
11159,Oil_thermal,5.914,-7.71559029,-66.99410287,2017,1832615.703
11163,Oil_thermal,1.616,-3.69305556,-61.06444444,2017,500762.0858
11167,Oil_thermal,8.349,-5.62138889,-63.18777778,2017,2587167.484
11171,Oil_thermal,1.091,-6.25036111,-64.24633333,2017,338076.3835
11175,Oil_thermal,0.8215,-3.54722222,-58.92972222,2017,254564.3896
11179,Oil_thermal,0.8215,-3.27540639,-60.93412139,2017,254564.3896
11183,Oil_thermal,1.1875,-3.18686597,-59.501154,2017,367979.5649
11187,Oil_thermal,10.212,-3.43187485,-60.45961901,2017,3164469.32
11191,Oil_thermal,19.697,-7.28121389,-64.77726944,2017,6103657.676
11195,Oil_thermal,1.412,-4.28977,-61.8039825,2017,437547.0701
11199,Oil_thermal,15.801,-3.41094333,-59.9083125,2017,4896374.826
11203,Oil_thermal,15.801,-3.81153095,-60.36110945,2017,4896374.826
11207,Oil_thermal,8.836,-3.19755722,-59.82844599,2017,2738077.841
11211,Oil_thermal,1.45,-3.31227667,-61.11511,2017,449322.4161
11215,Oil_thermal,5.427,-6.524411,-64.385392,2017,1681705.346
11219,Oil_thermal,10.127,-3.89247835,-61.37047689,2017,3138129.73
11223,Oil_thermal,1.412,-3.42044936,-61.36289291,2017,437547.0701
11227,Oil_thermal,18.723,-8.76931107,-67.32919716,2017,5801836.964
11231,Oil_thermal,13.65,-5.8151832,-61.29239035,2017,4229828.262
11235,Oil_thermal,6.175,-7.20932222,-59.89181944,2017,1913493.738
11239,Oil_thermal,21.223,-7.48501389,-63.02585,2017,6576530.785
11243,Oil_thermal,9.218,-3.88630556,-59.07238889,2017,2856451.057
11247,Oil_thermal,10.518,-4.40491667,-59.59077778,2017,3259291.843
11251,Oil_thermal,11.066,-0.12944444,-67.08972222,2017,3429104.729
11255,Oil_thermal,11.066,-3.60569444,-59.13347222,2017,3429104.729
11259,Oil_thermal,1.6,-22.86709078,-43.6044266,2017,372571.3747
11263,Oil_thermal,1.6,-22.86739773,-43.60441946,2017,372571.3747
11267,Oil_thermal,0.728,-23.56748651,-46.59172818,2017,169519.9755
11271,Oil_thermal,1.6,-22.86723355,-43.60441946,2017,372571.3747
11275,Oil_thermal,0.32,-23.56611711,-46.69000185,2017,74514.27493
11279,Oil_thermal,1.092,-23.60796962,-46.72539345,2017,254279.9632
11283,Oil_thermal,1.2,-23.4966625,-46.84666369,2017,279428.531
11287,Oil_thermal,0.6056,-21.40824745,-42.6822496,2017,141018.2653
11291,Oil_thermal,2.6,-23.6293577,-46.57944907,2017,605428.4838
11295,Oil_thermal,0.675,-23.6836111,-46.55722222,2017,157178.5487
11299,Oil_thermal,0.4,-23.61733023,-46.49617585,2017,93142.84366
11303,Oil_thermal,2.032,-20.31638443,-45.48507894,2017,473165.6458
11307,Oil_thermal,0.364,-23.56756667,-46.59171944,2017,84759.98773
11311,Oil_thermal,1.44,-23.59030953,-46.68225714,2017,335314.2372
11323,Oil_thermal,2.4,-23.4022222,-46.8341667,2017,558857.062
11327,Oil_thermal,0.2504,-23.615,-46.6922222,2017,58307.42013
11331,Oil_thermal,0.32,-10.9432222,-37.048375,2017,155247.1445
11335,Oil_thermal,0.8,-23.6213889,-46.7866667,2017,186285.6873
11339,Oil_thermal,1.2,-16.0014383,-56.1684722,2017,279428.531
11343,Oil_thermal,0.1824,-23.4735917,-46.5340028,2017,42473.13671
11355,Oil_thermal,29.52,-0.01428905,-51.18078158,2017,9147584.638
11359,Oil_thermal,24.48,0.03510479,-51.08255073,2017,7585801.895
11363,Oil_thermal,36,-0.01376398,-51.18081887,2017,11155591.02
11367,Oil_thermal,2.4,-23.69111111,-46.54916667,2017,558857.062
11371,Oil_thermal,0.56,-10.89444444,-37.05944445,2017,271682.5029
11375,Oil_thermal,1.84,-27.58138889,-49.00722222,2017,730469.17
11379,Oil_thermal,0.136,-19.748161,-47.976036,2017,31668.56685
