ID,Fuel_type,Granted_power_MW,latitude,longitude,year,Fuel_consumed_plant_GJ
2026,Oil_thermal,0.5456,-3.05445119,-69.002235,2018,151851.3012
2030,Oil_thermal,0.232,-12.9999983,-60.94480395,2018,50990.28764
2034,Oil_thermal,3.18,-3.70101671,-65.33081093,2018,885057.0706
2038,Oil_thermal,1.92,-3.41817574,-68.28735283,2018,534374.0804
2050,Oil_thermal,5.35,-7.20250574,-59.88690518,2018,1489011.109
2054,Oil_thermal,7.67,-5.12066596,-60.38043633,2018,2134713.123
2062,Oil_thermal,1.52,-4.36615749,-70.18798928,2018,423046.147
2066,Oil_thermal,7.94,-3.57942916,-59.13275442,2018,2209859.478
2070,Oil_thermal,0.9,-4.04549803,-59.37053558,2018,250487.8502
2074,Oil_thermal,1.222,-1.89737215,-50.21113971,2018,340106.8366
2078,Oil_thermal,0.72,-7.35277998,-50.4075014,2018,200390.2801
2082,Oil_thermal,5.26,-0.97274561,-62.9256602,2018,1463962.324
2086,Oil_thermal,0.44,-9.29167023,-50.04608449,2018,122460.7267
2090,Oil_thermal,2.982,-2.8063048,-57.06650043,2018,829949.7436
2094,Oil_thermal,0.3088,-8.52174068,-46.74677434,2018,85945.16459
2098,Oil_thermal,5.12,-4.37498902,-70.02734843,2018,1424997.548
2102,Oil_thermal,6.52,-3.89780895,-61.37472681,2018,1814645.315
2106,Oil_thermal,0.75,-3.07833887,-68.06277772,2018,208739.8751
2110,Oil_thermal,2.76,-2.96885845,-57.58803746,2018,768162.7405
2114,Oil_thermal,7.641,-8.76805555,-67.31888888,2018,2126641.848
2118,Oil_thermal,0.224,-12.43831043,-64.22856358,2018,49232.00186
2122,Oil_thermal,5.6,-4.38972222,-59.59611111,2018,1558591.068
2130,Oil_thermal,4.1,-2.46083334,-57.10277778,2018,1141111.317
2138,Oil_thermal,169.08,-7.23073189,-35.889979,2018,50415641.44
2142,Oil_thermal,0.55,-3.30562507,-60.61374745,2018,153075.9084
2146,Oil_thermal,3.38,-6.53444444,-64.38361111,2018,940721.0373
2150,Oil_thermal,5.456,-4.87722222,-66.89638889,2018,1518513.012
2154,Oil_thermal,2.42,-3.19739694,-59.82631389,2018,673533.9971
2158,Oil_thermal,17.52,-3.81888888,-60.36805553,2018,4876163.483
2162,Oil_thermal,0.8544,-3.30496317,-60.61485602,2018,237796.4658
2166,Oil_thermal,32.6,-21.54869966,-47.77251455,2018,7165014.556
2170,Oil_thermal,138.172,-22.35628767,-46.96053455,2018,30368232.86
2174,Oil_thermal,19.31,-4.09055556,-63.14694444,2018,5374355.985
2182,Oil_thermal,10.946,-13.11489866,-60.51859055,2018,2405774.519
2186,Oil_thermal,74.4,-29.93900967,-51.70853455,2018,34137543.36
2190,Oil_thermal,3.38,-7.44083333,-70.02972222,2018,940721.0373
2194,Oil_thermal,0.55,-4.37212137,-70.19218565,2018,153075.9084
2198,Oil_thermal,0.06,-11.04799138,-45.19299114,2018,17890.57539
2206,Oil_thermal,6.12,-2.52452989,-66.03914881,2018,1703317.381
2214,Oil_thermal,1.28,-7.5460003,-72.58400008,2018,356249.3869
2218,Oil_thermal,13.25,-7.51577731,-63.02464789,2018,3687737.794
2222,Oil_thermal,1.11,-0.12600966,-67.07953455,2018,308935.0152
2230,Oil_thermal,0.438,-2.93090559,-69.69636525,2018,121904.0871
2234,Oil_thermal,2.68,-7.05472225,-71.691389,2018,745897.1538
2238,Oil_thermal,29.7,-3.13416702,-58.44610748,2018,8266099.056
2242,Oil_thermal,1.76,-6.43944471,-68.24611134,2018,489842.907
2246,Oil_thermal,0.324,-15.24616694,-40.24738111,2018,96609.10708
2250,Oil_thermal,0.434,-3.59795366,-60.80803455,2018,120790.8077
2254,Oil_thermal,0.28,-1.8219442,-66.60888918,2018,77929.55339
2266,Oil_thermal,1.22,-3.47388902,-66.06694405,2018,339550.1969
2270,Oil_thermal,6.54,-2.74226188,-66.76832294,2018,1820211.711
2274,Oil_thermal,6.3,-7.26583333,-64.79361111,2018,1753414.951
2278,Oil_thermal,1.425,-1.88010513,-66.99727264,2018,396605.7628
2282,Oil_thermal,0.3,-0.79492201,-47.59874769,2018,83495.95006
2286,Oil_thermal,15.55,-3.29128766,-60.60747855,2018,4327873.411
2290,Oil_thermal,6.02,-3.43210867,-60.45940728,2018,1675485.398
2294,Oil_thermal,6.45,-5.81487451,-61.29264516,2018,1795162.926
2298,Oil_thermal,3.9,-1.83504968,-65.60700876,2018,1085447.351
2302,Oil_thermal,9.68,-3.39555556,-57.71611111,2018,2694135.988
2306,Oil_thermal,1.825,-21.43982535,-47.34580139,2018,401108.9437
2310,Oil_thermal,0.372,-2.4570353,-57.28118077,2018,103534.9781
2314,Oil_thermal,0.42,-1.88432068,-48.76789855,2018,116894.3301
2318,Oil_thermal,4.2,-1.52733889,-52.576835,2018,1168943.301
2322,Oil_thermal,8,-0.92305556,-52.43305556,2018,2226558.668
2326,Oil_thermal,0.1,-3.86277772,-62.48166664,2018,27831.98335
2330,Oil_thermal,4.68,-2.18916664,-56.71444444,2018,1302536.821
2338,Oil_thermal,3.597,-9.84350966,-57.80192344,2018,790569.2441
2342,Oil_thermal,0.048,-11.71992506,-61.77320562,2018,10549.71468
2346,Oil_thermal,3.2,-10.41010773,-65.33184863,2018,703314.3122
2350,Oil_thermal,2.683,-13.02200966,-57.06453455,2018,589685.0937
2354,Oil_thermal,2.502,-9.96795411,-57.45553455,2018,549903.8779
2358,Oil_thermal,9.164,-3.89972222,-59.09222222,2018,2550522.954
2362,Oil_thermal,5.2,-2.62369772,-60.9553335,2018,1447263.134
2366,Oil_thermal,5.08,-3.38638889,-59.27388889,2018,1413864.754
2370,Oil_thermal,9.125,-7.03489855,-55.394979,2018,2539668.481
2374,Oil_thermal,4.42,-3.22027778,-59.02194444,2018,1230173.664
2378,Oil_thermal,175.56,-16.80600967,-49.914979,2018,38585581.46
2382,Oil_thermal,1.2,-3.0000541,-47.35538198,2018,333983.8002
2386,Oil_thermal,29.55,-2.63292277,-56.74383495,2018,8224351.081
2390,Oil_thermal,5.28,-7.70598852,-66.99989767,2018,1469528.721
2394,Oil_thermal,0.818,-2.79666635,-57.27972179,2018,227665.6238
2398,Oil_thermal,13,-11.68323166,-61.17497855,2018,2857214.394
2402,Oil_thermal,390,-23.69628767,-46.66859055,2018,85716431.81
2406,Oil_thermal,0.048,-6.75281556,-37.74468611,2018,10549.71468
2410,Oil_thermal,15.3,-1.76200966,-55.85653455,2018,4258293.453
2414,Oil_thermal,2.3,-2.4210648,-48.15092695,2018,640135.6171
2418,Oil_thermal,71.9,-29.8698262,-51.17719592,2018,32990448.48
2438,Oil_thermal,2.344,-12.93517633,-51.81275678,2018,515177.7337
2442,Oil_thermal,6,-23.87383333,-46.42641667,2018,1318714.335
2446,Oil_thermal,2.67,-2.57139445,-57.86943436,2018,743113.9555
2454,Oil_thermal,2.84,-0.42055555,-65.03527779,2018,790428.3272
2462,Oil_thermal,20.02,-4.25350966,-69.92914555,2018,5571963.067
2466,Oil_thermal,3.78,-5.61739866,-63.17831255,2018,1052048.971
2470,Oil_thermal,16.482,-3.35045366,-64.66081255,2018,4587267.496
2474,Oil_thermal,4.2,-2.88781371,-67.79418371,2018,1168943.301
2478,Oil_thermal,4.7592,-3.84517633,-32.41720121,2018,1419080.44
2482,Oil_thermal,0.95,-3.69305555,-61.06444444,2018,264403.8418
2490,Oil_thermal,4.94,-2.53073166,-57.75109055,2018,1374899.978
2498,Oil_thermal,5.65,-2.61391578,-56.66644576,2018,1572507.059
2502,Oil_thermal,0.308,-1.39136033,-69.42428279,2018,85722.50872
2506,Oil_thermal,1.355,-3.53235922,-64.41015251,2018,377123.3744
2510,Oil_thermal,0.429,-2.78900966,-57.06053455,2018,119399.2086
2514,Oil_thermal,0.686,-3.27694444,-60.93305555,2018,190927.4058
2518,Oil_thermal,1.112,-8.84045411,-49.72192344,2018,309491.6549
2522,Oil_thermal,5.02,-3.10591691,-67.94644389,2018,1397165.564
2526,Oil_thermal,0.016,-1.395,-61.78416667,2018,4453.117336
2530,Oil_thermal,2.2,-29.75628744,-51.13775678,2018,1009443.486
2534,Oil_thermal,0.2592,-1.52733889,-52.576835,2018,72140.50085
2538,Oil_thermal,4.12,-3.46406418,-68.94884092,2018,1146677.714
2546,Oil_thermal,0.789,-2.95045366,-58.05247855,2018,219594.3486
2550,Oil_thermal,225.1,-20.12500967,-40.29853455,2018,49473766.15
2554,Oil_thermal,8.988,-23.20766388,-46.82340351,2018,1975434.075
2558,Oil_thermal,5.1,-2.74968043,-58.02233714,2018,1419431.151
2566,Oil_thermal,8.78,-0.12944444,-67.08972222,2018,2443648.138
2574,Oil_thermal,2.76,-3.12184266,-58.14775655,2018,768162.7405
2578,Oil_thermal,8.2,-6.66055601,-69.8761111,2018,2282222.635
2582,Oil_thermal,5.1,-2.98601703,-65.15742708,2018,1419431.151
2586,Oil_thermal,0.72,-1.79795411,-50.70581233,2018,200390.2801
2598,Oil_thermal,2.68,-2.83777326,-58.20971967,2018,745897.1538
2602,Oil_thermal,0.72,-0.12600966,-67.07953455,2018,200390.2801
2610,Oil_thermal,5,-23.48914378,-46.43968359,2018,1098928.613
2630,Oil_thermal,7.59,-3.13359877,-58.48522924,2018,2112447.536
2634,Oil_thermal,4.85,-1.50598776,-48.62601361,2018,1349851.193
2638,Oil_thermal,3.05,-22.78079297,-45.16880095,2018,670346.4539
2646,Oil_thermal,0.2,-2.67617447,-56.62643685,2018,55663.9667
2650,Oil_thermal,0.08,-3.19739694,-59.82631389,2018,22265.58668
2654,Oil_thermal,0.418,-3.54722222,-58.92972222,2018,116337.6904
2658,Oil_thermal,0.96,-3.83173471,-55.49931418,2018,267187.0402
2662,Oil_thermal,0.2,-2.94657294,-48.95325214,2018,55663.9667
2666,Oil_thermal,18.02,-23.66000967,-46.52853455,2018,3960538.721
2674,Oil_thermal,0.424,-5.13694389,-72.81111111,2018,118007.6094
2678,Oil_thermal,24.4,-19.74400967,-47.92253455,2018,5362771.631
2682,Oil_thermal,0.996,-19.96660049,-43.83431831,2018,218906.5797
2686,Oil_thermal,6.4,-3.14777805,-59.95305611,2018,1781246.935
2690,Oil_thermal,23.75,-12.76607635,-60.13894002,2018,5219910.911
2698,Oil_thermal,10.7,-24.72636111,-48.105,2018,2351707.232
2702,Oil_thermal,64,-8.79444444,-63.81555556,2018,14066286.24
2710,Oil_thermal,0.324,-3.41611816,-61.3647506,2018,90175.62606
2714,Oil_thermal,0.6552,-4.29691577,-69.53766101,2018,182355.1549
2734,Oil_thermal,1.8,-3.74515298,-47.49884055,2018,500975.7003
2738,Oil_thermal,0.75,-2.76184266,-57.74997855,2018,208739.8751
2766,Oil_thermal,8.25,3.83843478,-51.82664566,2018,2296138.627
2786,Oil_thermal,9.624,-23.64600967,-46.71025655,2018,2115217.794
2794,Oil_thermal,0.44,-22.78500967,-50.20853455,2018,96705.71793
2798,Oil_thermal,0.472,-22.73922442,-50.20863749,2018,103738.8611
2814,Oil_thermal,0.04,-0.97280105,-62.92566966,2018,11132.79334
2830,Oil_thermal,3.75,-22.16474423,-49.95874051,2018,824196.4597
2834,Oil_thermal,0.144,-22.66199977,-50.41199989,2018,31649.14405
2842,Oil_thermal,1.5,-3.70776888,-38.58011483,2018,447264.3846
2854,Oil_thermal,4.5,-3.67150804,-40.34515899,2018,1341793.154
2858,Oil_thermal,11.45,-22.97989867,-43.42081255,2018,2516546.524
2866,Oil_thermal,1.6,-21.79036,-48.17444,2018,351657.1561
2870,Oil_thermal,1.6,-12.29792347,-38.96633375,2018,477082.0103
2882,Oil_thermal,0.72,-23.15399151,-46.93675746,2018,158245.7203
2886,Oil_thermal,1.08,-15.59200966,-56.08753455,2018,237368.5804
2890,Oil_thermal,4.76,-23.54400967,-46.62653455,2018,1046180.039
2894,Oil_thermal,0.8,-22.85795579,-47.22002043,2018,175828.5781
2898,Oil_thermal,2,-22.77400967,-47.28653455,2018,439571.4452
2946,Oil_thermal,4,-23.54400967,-46.62653455,2018,879142.8903
2950,Oil_thermal,3.75,-21.14624595,-47.82860155,2018,824196.4597
2954,Oil_thermal,4.48,-22.87665194,-43.227875,2018,984640.0371
2962,Oil_thermal,2,-22.92787,-47.12746,2018,439571.4452
2968,Oil_thermal,0.9,-26.10040806,-49.797685,2018,412954.1535
2972,Oil_thermal,23,-19.6275,-46.98611111,2018,5055071.619
2980,Oil_thermal,14.76,-3.73274187,-38.64339191,2018,4401081.545
2984,Oil_thermal,11.48,-4.34840551,-38.86096552,2018,3423063.424
2988,Oil_thermal,13.12,-7.23243966,-39.47796455,2018,3912072.484
2992,Oil_thermal,11.48,-4.55308691,-37.77001242,2018,3423063.424
2996,Oil_thermal,14.76,-6.37591626,-39.29668971,2018,4401081.545
3000,Oil_thermal,14.76,-3.58275732,-38.87382734,2018,4401081.545
3004,Oil_thermal,14.76,-7.20942363,-39.30611274,2018,4401081.545
3008,Oil_thermal,13.12,-4.86128766,-42.78164555,2018,3912072.484
3012,Oil_thermal,13.12,-5.34184266,-42.80692355,2018,3912072.484
3016,Oil_thermal,13.12,-4.84239866,-42.18359055,2018,3912072.484
3020,Oil_thermal,13.12,-5.03611816,-42.44527091,2018,3912072.484
3024,Oil_thermal,1.598,-10.83323189,-61.45442344,2018,351217.5847
3028,Oil_thermal,136.2,-9.39737611,-40.49999889,2018,40611606.12
3044,Oil_thermal,57.22,-19.96626178,-44.09553798,2018,12576139.05
3048,Oil_thermal,0.223,-12.96700966,-38.50153455,2018,66493.30518
3052,Oil_thermal,2.175,-23.48640133,-46.74389289,2018,478033.9466
3056,Oil_thermal,1.0704,-23.51666589,-46.91567289,2018,235258.6374
3060,Oil_thermal,44.44,-16.39639274,-48.93035943,2018,9767277.511
3064,Oil_thermal,31.8,-12.66534901,-38.33517137,2018,9482004.954
3068,Oil_thermal,3.84,-23.60087338,-48.09491741,2018,843977.1747
3072,Oil_thermal,53.576,-16.58166695,-49.25749997,2018,11775239.87
3076,Oil_thermal,53.12,-5.87062078,-35.29331233,2018,15839122.74
3080,Oil_thermal,12.895,-14.23926827,-41.72330298,2018,3844982.827
3088,Oil_thermal,1.296,-21.46899111,-47.00717111,2018,284842.2965
3092,Oil_thermal,0.725,-21.59200967,-46.87953455,2018,159344.6489
3096,Oil_thermal,2,-22.70944337,-47.01242972,2018,439571.4452
3104,Oil_thermal,36,-14.34323166,-48.43081255,2018,7912286.013
3112,Oil_thermal,1.342,-22.70678194,-46.98234305,2018,294952.4397
3124,Oil_thermal,0.696,-22.701,-46.764,2018,152970.8629
3132,Oil_thermal,1.44,-21.36000967,-46.93053455,2018,316491.4405
3136,Oil_thermal,0.696,-22.74377111,-46.89780194,2018,152970.8629
3140,Oil_thermal,4.924,-23.69000967,-46.55553455,2018,1082224.898
3144,Oil_thermal,4.4504,-10.84875389,-37.12849611,2018,1327003.612
3152,Oil_thermal,6.4,-22.82104145,-47.19009321,2018,1406628.624
3156,Oil_thermal,3.898,-22.75992195,-47.15438611,2018,856724.7466
3160,Oil_thermal,1.36,-21.21171815,-47.81516992,2018,298908.5827
3164,Oil_thermal,0.824,-21.13799358,-47.99003332,2018,181103.4354
3168,Oil_thermal,1.296,-23.52900967,-46.78253455,2018,284842.2965
3172,Oil_thermal,3,-21.25344611,-50.64263889,2018,659357.1677
3176,Oil_thermal,0.9,-20.88199986,-49.56999982,2018,197807.1503
3180,Oil_thermal,0.36,-21.46899111,-47.00717112,2018,79122.86013
3184,Oil_thermal,1.6,-22.89900967,-43.19853455,2018,351657.1561
3188,Oil_thermal,0.6,-22.32512194,-49.08300111,2018,131871.4335
3192,Oil_thermal,2.04,-21.25100967,-48.31253455,2018,448362.8741
3196,Oil_thermal,0.9,-22.93222222,-48.46499999,2018,197807.1503
3204,Oil_thermal,3.5,-22.10614611,-50.17602806,2018,769250.029
3208,Oil_thermal,1.056,-22.23212805,-48.71887389,2018,232093.723
3212,Oil_thermal,1.45,-22.315,-49.061,2018,318689.2977
3216,Oil_thermal,1.172,-20.53000967,-49.30453455,2018,257588.8669
3224,Oil_thermal,3.688,-16.00442078,-49.78671233,2018,810569.7449
3228,Oil_thermal,2,-23.00834127,-44.35506151,2018,439571.4452
3232,Oil_thermal,3.688,-16.40200967,-49.20953455,2018,810569.7449
3236,Oil_thermal,0.369,-16.32882611,-48.95721806,2018,81100.93163
3240,Oil_thermal,0.725,-22.32512194,-49.08300111,2018,159344.6489
3244,Oil_thermal,0.352,-23.49060984,-46.84341668,2018,77364.57435
3248,Oil_thermal,0.3688,-17.73031883,-49.08887156,2018,81056.97449
3252,Oil_thermal,0.36,-22.73266016,-48.57284175,2018,79122.86013
3256,Oil_thermal,0.62,-21.184835,-47.80547611,2018,136267.148
3260,Oil_thermal,0.142,-22.32512194,-49.08300111,2018,31209.57261
3264,Oil_thermal,0.725,-21.20547611,-50.43922611,2018,159344.6489
3268,Oil_thermal,0.564,-23.54400967,-46.62653455,2018,123959.1475
3272,Oil_thermal,0.48,-23.50179628,-46.82215025,2018,105497.1468
3276,Oil_thermal,1.45,-23.54400967,-46.62653455,2018,318689.2977
3280,Oil_thermal,4.8,-22.46900716,-48.98803336,2018,1054971.468
3284,Oil_thermal,0.2,-19.864738,-44.60538,2018,43957.14452
3292,Oil_thermal,0.184,-21.88796909,-42.70403336,2018,40440.57295
3296,Oil_thermal,11.48,-22.70327398,-47.62459851,2018,2523140.095
3300,Oil_thermal,0.288,-21.16502482,-47.7947477,2018,63298.2881
3304,Oil_thermal,0.64,-23.4801378,-46.52712351,2018,140662.8624
3308,Oil_thermal,0.648,-21.18551389,-47.80895556,2018,142421.1482
3312,Oil_thermal,0.144,-22.29100121,-49.55301195,2018,31649.14405
3316,Oil_thermal,0.252,-22.21000967,-49.93653455,2018,55386.00209
3320,Oil_thermal,1.15,-23.6588269,-46.70334205,2018,252753.581
3324,Oil_thermal,0.324,-22.21322844,-49.96762605,2018,71210.57411
3328,Oil_thermal,3.75,-22.90734194,-47.06015611,2018,824196.4597
3332,Oil_thermal,0.68,-22.32512194,-49.08300111,2018,149454.2914
3336,Oil_thermal,1.3112,-23.60663208,-46.69634612,2018,288183.0394
3340,Oil_thermal,1.62,-23.68200967,-46.61353455,2018,356052.8706
3344,Oil_thermal,0.64,-12.78710046,-38.40329097,2018,190832.8041
3348,Oil_thermal,0.648,-23.47689805,-46.35160306,2018,142421.1482
3352,Oil_thermal,3.2,-2.69500966,-59.69053455,2018,890623.4673
3356,Oil_thermal,0.972,-21.99404889,-47.42517306,2018,213631.7223
3364,Oil_thermal,5.475,-23.54400967,-46.62653455,2018,1203326.831
3372,Oil_thermal,0.9,-23.53766244,-46.70962344,2018,197807.1503
3376,Oil_thermal,0.72,-13.01477195,-38.48806111,2018,214686.9046
3380,Oil_thermal,0.16,-23.26544194,-47.29975,2018,35165.71561
3384,Oil_thermal,2.23,-23.69000967,-46.55553455,2018,490122.1613
3388,Oil_thermal,0.691,-23.54400967,-46.62653455,2018,151871.9343
3392,Oil_thermal,1.05,-4.49381966,-69.44123455,2018,292235.8252
3396,Oil_thermal,0.6,-21.79036,-48.17444,2018,131871.4335
3400,Oil_thermal,2,-8.28300966,-35.02553455,2018,596352.5128
3404,Oil_thermal,0.208,-22.21493306,-49.95164611,2018,45715.4303
3408,Oil_thermal,0.74,-23.49800967,-47.44853455,2018,162641.4347
3412,Oil_thermal,0.04,-23.49090709,-46.58830961,2018,8791.428903
3416,Oil_thermal,1.267,-23.43620688,-46.39120175,2018,278468.5105
3420,Oil_thermal,2,-27.00400967,-51.14253455,2018,917675.8967
3424,Oil_thermal,0.72,-9.29323189,-50.092479,2018,200390.2801
3428,Oil_thermal,0.32,-23.46850611,-46.53108389,2018,70331.43122
3436,Oil_thermal,1.44,-4.45133806,-43.88608,2018,400780.5603
3440,Oil_thermal,3.6,-22.90200967,-47.05153455,2018,791228.6013
3448,Oil_thermal,0.64,-23.22826667,-45.91116944,2018,140662.8624
3452,Oil_thermal,0.264,-23.47459513,-46.47537426,2018,58023.43076
3456,Oil_thermal,1.666,-20.79323966,-49.34864455,2018,366163.0138
3460,Oil_thermal,14.8,-18.16600967,-47.93253455,2018,3252828.694
3468,Oil_thermal,0.04,-21.99200967,-47.41653455,2018,8791.428903
3476,Oil_thermal,4.92,-4.27200966,-55.97453455,2018,1369333.581
3480,Oil_thermal,93.0368,-3.10916667,-59.93944444,2018,25893986.69
3484,Oil_thermal,0.208,-21.93075278,-50.51347222,2018,45715.4303
3488,Oil_thermal,0.352,-22.77744411,-45.15442092,2018,77364.57435
3492,Oil_thermal,0.576,-20.55323189,-48.55853455,2018,126596.5762
3496,Oil_thermal,1.08,-3.77370966,-38.53213455,2018,322030.3569
3500,Oil_thermal,0.216,-3.77249999,-38.53666666,2018,64406.07139
3504,Oil_thermal,0.024,-3.73648694,-38.66401806,2018,7156.230154
3508,Oil_thermal,0.024,-3.61882966,-39.50631455,2018,7156.230154
3512,Oil_thermal,0.128,-4.25371288,-69.93996964,2018,35624.93869
3516,Oil_thermal,1.008,-3.03238871,-60.04556857,2018,280546.3922
3520,Oil_thermal,0.032,-5.91200966,-35.25353455,2018,9541.640206
3524,Oil_thermal,0.72,-5.91200966,-35.25353455,2018,214686.9046
3528,Oil_thermal,0.064,-5.90829529,-35.24910041,2018,19083.28041
3532,Oil_thermal,0.044,-21.17800003,-47.81000001,2018,9670.571793
3536,Oil_thermal,0.972,-23.52900967,-46.78253455,2018,213631.7223
3540,Oil_thermal,0.144,-3.38067101,-64.72489846,2018,40078.05603
3544,Oil_thermal,0.35,-1.45888901,-61.63305556,2018,97411.94173
3548,Oil_thermal,1.115,-23.45045278,-46.48895833,2018,245061.0807
3552,Oil_thermal,2.494,-23.64610427,-46.72130838,2018,548145.5921
3556,Oil_thermal,1.8,-23.54400967,-46.62653455,2018,395614.3006
3560,Oil_thermal,0.128,-31.71775545,-52.32939429,2018,58731.25739
3564,Oil_thermal,0.72,-27.66628933,-48.54275849,2018,330363.3228
3568,Oil_thermal,0.307,-23.50689022,-46.62681789,2018,67474.21683
3572,Oil_thermal,0.312,-19.01098025,-57.66784027,2018,68573.14544
3576,Oil_thermal,0.588,-26.22306982,-48.79955747,2018,269796.7136
3580,Oil_thermal,0.018,-21.58410193,-45.46897959,2018,3956.143006
3584,Oil_thermal,0.541,-23.50890194,-46.87465305,2018,118904.0759
3588,Oil_thermal,0.13,-22.55184243,-55.70358151,2018,28572.14394
3592,Oil_thermal,0.044,-22.1259999,-51.38899998,2018,9670.571793
3596,Oil_thermal,0.048,-22.315,-49.061,2018,10549.71468
3600,Oil_thermal,0.065,-21.83450167,-46.56289289,2018,14286.07197
3604,Oil_thermal,1.25,-22.79765,-43.35168056,2018,274732.1532
3608,Oil_thermal,0.084,-23.22832783,-45.8615712,2018,18462.0007
3612,Oil_thermal,0.678,-20.45779368,-54.66855982,2018,149014.7199
3616,Oil_thermal,0.4,-25.59441271,-54.48882214,2018,183535.1793
3620,Oil_thermal,0.876,-23.33111332,-51.13717383,2018,401942.0427
3624,Oil_thermal,2.273,-23.62740607,-46.65579564,2018,499572.9474
3628,Oil_thermal,0.184,-23.54400967,-46.62653455,2018,40440.57295
3632,Oil_thermal,0.12,-23.49800967,-47.44853455,2018,26374.28671
3636,Oil_thermal,0.797,-8.71375169,-63.89986455,2018,175169.2209
3652,Oil_thermal,1.28,-23.61086111,-46.69668056,2018,281325.7249
3656,Oil_thermal,0.96,-23.51040573,-46.61167482,2018,210994.2937
3660,Oil_thermal,1.448,-9.26356712,-60.31520132,2018,318249.7263
3664,Oil_thermal,0.032,-23.50712355,-46.66365955,2018,7033.143122
3668,Oil_thermal,3.865,-23.00781136,-47.13716498,2018,849471.8178
3676,Oil_thermal,0.984,-25.53213991,-49.17351327,2018,451496.5412
3680,Oil_thermal,2.704,-29.99304407,-51.16833331,2018,1240697.812
3684,Oil_thermal,0.054,-31.38481244,-54.10293178,2018,24777.24921
3688,Oil_thermal,0.608,-26.87956562,-48.64989171,2018,278973.4726
3692,Oil_thermal,0.744,-27.5995412,-48.54515277,2018,341375.4336
3696,Oil_thermal,0.0176,-20.89769596,-51.57032781,2018,3868.228717
3700,Oil_thermal,0.0176,-22.41251194,-47.56353305,2018,3868.228717
3704,Oil_thermal,0.024,-23.93373695,-46.33137111,2018,5274.857342
3708,Oil_thermal,0.012,-22.95689611,-46.54233305,2018,2637.428671
3712,Oil_thermal,0.011,-23.26544194,-47.29975,2018,2417.642948
3716,Oil_thermal,0.184,-22.71688411,-46.77276242,2018,40440.57295
3720,Oil_thermal,0.144,-23.301575,-48.052685,2018,31649.14405
3724,Oil_thermal,0.144,-23.09800967,-48.60653455,2018,31649.14405
3728,Oil_thermal,0.092,-23.35200967,-47.84753455,2018,20220.28648
3732,Oil_thermal,0.092,-23.58787306,-48.04614305,2018,20220.28648
3736,Oil_thermal,0.092,-24.09068056,-49.22723611,2018,20220.28648
3740,Oil_thermal,0.136,-22.871,-49.163,2018,29890.85827
3744,Oil_thermal,0.092,-24.00680111,-48.351435,2018,20220.28648
3748,Oil_thermal,0.092,-23.92000967,-48.68353455,2018,20220.28648
3752,Oil_thermal,0.092,-23.63700967,-47.81553455,2018,20220.28648
3756,Oil_thermal,0.092,-23.10319389,-48.92326305,2018,20220.28648
3760,Oil_thermal,0.022,-18.50841111,-54.75805611,2018,4835.285897
3764,Oil_thermal,0.0176,-23.44000967,-46.90853455,2018,3868.228717
3768,Oil_thermal,0.024,-23.49800967,-47.44853455,2018,5274.857342
3772,Oil_thermal,0.024,-24.31800001,-49.144,2018,5274.857342
3776,Oil_thermal,0.844,-23.35027694,-47.68989389,2018,185499.1499
3780,Oil_thermal,0.725,-23.54400967,-46.62653455,2018,159344.6489
3784,Oil_thermal,6.56,-3.09027778,-59.91527778,2018,1825778.108
3788,Oil_thermal,14.6,-23.54400967,-46.62653455,2018,3208871.55
3792,Oil_thermal,0.984,-10.38962078,-57.70692344,2018,216269.151
3796,Oil_thermal,0.96,-22.87665194,-43.227875,2018,210994.2937
3800,Oil_thermal,4.44,-30.03003694,-51.22866,2018,2037240.491
3804,Oil_thermal,0.369,-21.0482101,-49.36180095,2018,81100.93163
3808,Oil_thermal,0.088,-22.21000967,-49.93653455,2018,19341.14359
3812,Oil_thermal,0.352,-22.72026174,-46.86234907,2018,77364.57435
3816,Oil_thermal,0.17,-9.51306214,-35.78445876,2018,50689.96359
3820,Oil_thermal,1.62,-23.51900967,-46.17853455,2018,356052.8706
3832,Oil_thermal,0.065,-23.53361194,-46.78881,2018,14286.07197
3836,Oil_thermal,0.156,-23.45155256,-46.3343467,2018,34286.57272
3840,Oil_thermal,3.567,-22.45300967,-47.52053455,2018,783975.6724
3844,Oil_thermal,4,-23.58976244,-46.68094011,2018,879142.8903
3848,Oil_thermal,0.464,-23.538681,-46.40721183,2018,101980.5753
3852,Oil_thermal,0.096,-22.98654087,-43.37216208,2018,21099.42937
3856,Oil_thermal,0.228,-20.63103231,-49.65593533,2018,50111.14475
3860,Oil_thermal,0.23,-5.06345714,-42.8213166,2018,68580.53898
3864,Oil_thermal,0.64,-8.28589806,-35.96707306,2018,190832.8041
3868,Oil_thermal,2.96,-1.459845,-48.48782611,2018,823826.7072
3872,Oil_thermal,3.066,-21.67100967,-45.91053455,2018,673863.0254
3876,Oil_thermal,0.029,-19.9093049,-43.9885908,2018,6373.785955
3880,Oil_thermal,0.144,-21.69592029,-41.29839919,2018,31649.14405
3884,Oil_thermal,2,-22.89900967,-43.19853455,2018,439571.4452
3888,Oil_thermal,140.331,-16.7938888,-49.23944452,2018,30842750.23
3892,Oil_thermal,0.048,-21.79254875,-43.38625517,2018,10549.71468
3896,Oil_thermal,0.616,-7.14718849,-34.95042855,2018,183676.574
3900,Oil_thermal,0.244,-22.34201432,-41.76533089,2018,53627.71631
3904,Oil_thermal,1.609,-20.83757544,-49.40683683,2018,353635.2276
3908,Oil_thermal,0.728,-22.87665194,-43.227875,2018,160004.006
3912,Oil_thermal,0.204,-19.84842719,-43.94794977,2018,44836.28741
3916,Oil_thermal,0.024,-19.85036296,-43.94604072,2018,5274.857342
3920,Oil_thermal,0.024,-19.84884124,-43.94927905,2018,5274.857342
3924,Oil_thermal,2.72,-23.61648056,-46.69881389,2018,597817.1654
3928,Oil_thermal,0.324,-22.9102973,-43.16344602,2018,71210.57411
3932,Oil_thermal,2.2,-19.63712078,-43.962479,2018,483528.5897
3936,Oil_thermal,0.1,-7.19787,-59.88566611,2018,27831.98335
3940,Oil_thermal,0.16,-1.39749994,-61.97555561,2018,44531.17336
3944,Oil_thermal,0.08,-2.79292386,-57.06995717,2018,22265.58668
3948,Oil_thermal,0.08,-2.79214339,-57.06858422,2018,22265.58668
3952,Oil_thermal,0.1,-3.89801553,-61.37312659,2018,27831.98335
3956,Oil_thermal,0.0648,-3.89451305,-61.37157111,2018,18035.12521
3960,Oil_thermal,0.35,-6.25027777,-64.24638888,2018,97411.94173
3964,Oil_thermal,0.4296,-3.91582984,-62.91474181,2018,119566.2005
3968,Oil_thermal,0.08,-3.54614726,-63.00796909,2018,22265.58668
3972,Oil_thermal,0.35,-2.57777777,-57.99027777,2018,97411.94173
3976,Oil_thermal,4.68,-5.813205,-61.29924805,2018,1302536.821
3980,Oil_thermal,0.16,-16.70578339,-43.82101898,2018,35165.71561
3984,Oil_thermal,85.38,-2.88850966,-60.02386789,2018,23762947.39
3988,Oil_thermal,1.92,-22.98330278,-43.36685556,2018,421988.5873
3992,Oil_thermal,0.909,-26.91138889,-48.69083333,2018,417083.695
3996,Oil_thermal,0.208,-22.21935915,-49.94603089,2018,45715.4303
4000,Oil_thermal,0.204,-22.21070889,-49.65653,2018,44836.28741
4008,Oil_thermal,0.12,-22.21070889,-49.65653,2018,26374.28671
4012,Oil_thermal,0.8,-23.71030389,-46.55025694,2018,175828.5781
4020,Oil_thermal,0.067,-23.57445009,-46.60318247,2018,14725.64341
4024,Oil_thermal,0.067,-23.54711484,-46.6290722,2018,14725.64341
4028,Oil_thermal,0.067,-23.55901631,-46.61467527,2018,14725.64341
4032,Oil_thermal,0.248,-23.60312491,-46.60266348,2018,54506.8592
4036,Oil_thermal,0.064,-23.61417393,-46.50122587,2018,14066.28624
4040,Oil_thermal,0.062,-23.59817688,-46.59720884,2018,13626.7148
4044,Oil_thermal,0.12,-23.54178723,-46.6293613,2018,26374.28671
4048,Oil_thermal,0.208,-18.87548395,-41.95825326,2018,45715.4303
4052,Oil_thermal,0.392,-20.26666667,-40.28638889,2018,86156.00325
4056,Oil_thermal,0.39,-5.76416228,-64.40444277,2018,108544.7351
4060,Oil_thermal,0.568,-4.28777774,-61.80166668,2018,158085.6654
4064,Oil_thermal,0.7,-3.18415525,-59.48333362,2018,194823.8835
4068,Oil_thermal,0.96,-23.502,-47.458,2018,210994.2937
4072,Oil_thermal,0.36,-10.90721611,-37.04821278,2018,107343.4523
4076,Oil_thermal,0.96,-19.64500967,-42.74053455,2018,210994.2937
4080,Oil_thermal,0.4,-23.62168409,-46.77446869,2018,87914.28903
4084,Oil_thermal,0.368,-10.9111111,-37.07166676,2018,109728.8624
4092,Oil_thermal,0.134,-23.50666037,-46.68858299,2018,29451.28683
4096,Oil_thermal,0.23,-3.74925298,-61.65993287,2018,64013.56171
4100,Oil_thermal,0.12,-2.53745623,-57.75954314,2018,33398.38002
4104,Oil_thermal,147.1547,-12.69881695,-38.32574,2018,43878037.56
4108,Oil_thermal,150,-12.69021355,-38.30193735,2018,44726438.46
4112,Oil_thermal,66.4,-5.86880966,-35.30464844,2018,19798903.43
4116,Oil_thermal,94.08,-7.85678744,-35.00936789,2018,28052422.2
4120,Oil_thermal,143.04,-7.86077304,-35.01876676,2018,42651131.72
4124,Oil_thermal,0.4,-23.9614885,-46.38098979,2018,87914.28903
4128,Oil_thermal,1.23,-10.31587806,-36.57671805,2018,366756.7954
4132,Oil_thermal,0.448,-16.63209397,-49.21961258,2018,98464.00371
4136,Oil_thermal,0.704,-15.65438537,-56.11557692,2018,154729.1487
4140,Oil_thermal,0.954,-10.2922144,-48.35628189,2018,265517.1212
4144,Oil_thermal,2.42,-15.86267633,-47.90720122,2018,531881.4486
4148,Oil_thermal,0.288,-18.890123,-48.22986413,2018,63298.2881
4152,Oil_thermal,0.128,-19.76597297,-47.96239004,2018,28132.57249
4156,Oil_thermal,0.14,-23.17545411,-45.877479,2018,30770.00116
4164,Oil_thermal,1.5,-2.91277777,-59.04444443,2018,417479.7503
4168,Oil_thermal,1.2,-23.50153691,-46.85243625,2018,263742.8671
4172,Oil_thermal,2.545,-23.54400967,-46.62653455,2018,559354.664
4176,Oil_thermal,0.96,-16.67331,-49.25581389,2018,210994.2937
4180,Oil_thermal,0.48,-23.43580992,-46.48281008,2018,105497.1468
4184,Oil_thermal,0.48,-23.43759452,-46.4818464,2018,105497.1468
4188,Oil_thermal,9.6,-23.42930967,-46.45713455,2018,2109942.937
4192,Oil_thermal,0.688,-23.64608966,-46.63864455,2018,151212.5771
4200,Oil_thermal,490,-22.90986348,-43.73963785,2018,107695004.1
4208,Oil_thermal,0.448,-18.20022034,-45.461054,2018,98464.00371
4212,Oil_thermal,0.445,-23.02244569,-45.53939842,2018,97804.64655
4216,Oil_thermal,0.24,-23.45340722,-46.916338,2018,52748.57342
4220,Oil_thermal,0.41,-22.51900967,-44.09453455,2018,90112.14626
4224,Oil_thermal,0.72,-23.56741338,-46.64313464,2018,158245.7203
4228,Oil_thermal,1.056,-23.54400967,-46.62653455,2018,232093.723
4232,Oil_thermal,1.408,-22.87665194,-43.227875,2018,309458.2974
4236,Oil_thermal,4.944,-20.79288582,-49.21579928,2018,1086620.612
4240,Oil_thermal,0.208,-19.46400967,-42.52753455,2018,45715.4303
4244,Oil_thermal,0.64,-20.29049778,-40.30387325,2018,140662.8624
4248,Oil_thermal,0.324,-23.47689805,-46.35160306,2018,71210.57411
4252,Oil_thermal,0.7296,-22.78927414,-43.30640351,2018,160355.6632
4256,Oil_thermal,0.0473,-23.529725,-46.66754167,2018,10395.86468
4264,Oil_thermal,7.5,-15.24500966,-40.23853455,2018,2236321.923
4268,Oil_thermal,0.648,-20.55040634,-47.41008151,2018,142421.1482
4272,Oil_thermal,0.04,-23.49651659,-46.62326903,2018,8791.428903
4276,Oil_thermal,0.648,-23.5475,-46.63611111,2018,142421.1482
4280,Oil_thermal,3.6,-27.06186363,-48.90368216,2018,1651816.614
4284,Oil_thermal,0.496,-29.66500967,-52.77953455,2018,227583.6224
4288,Oil_thermal,1.944,-29.66425408,-51.11871065,2018,891980.9716
4292,Oil_thermal,170.852,-7.20957357,-34.92295892,2018,50944009.76
4296,Oil_thermal,148.8,-12.72999389,-38.4821208,2018,44368626.96
4300,Oil_thermal,170.852,-7.16140967,-34.86031455,2018,50944009.76
4304,Oil_thermal,3.36,-15.57720002,-56.07137218,2018,738480.0279
4308,Oil_thermal,148.8,-12.73021042,-38.48121661,2018,44368626.96
4312,Oil_thermal,168,-3.87300966,-38.61653455,2018,50093611.08
4316,Oil_thermal,2.0384,-23.54400967,-46.62653455,2018,448011.2169
4320,Oil_thermal,1.92,-12.96700966,-38.50153455,2018,572498.4123
4324,Oil_thermal,174.6,-20.37395966,-40.42928178,2018,38374587.16
4328,Oil_thermal,165.87,-3.5661887,-44.55871817,2018,46164910.79
4332,Oil_thermal,0.32,-23.30488,-45.96959305,2018,70331.43122
4336,Oil_thermal,4.5,-6.95488898,-40.52030541,2018,1341793.154
4344,Oil_thermal,3.3,-22.89036389,-43.24329222,2018,725292.8845
4348,Oil_thermal,0.648,-23.64731306,-46.85086,2018,142421.1482
4352,Oil_thermal,1.92,-22.40700967,-47.55153455,2018,421988.5873
4360,Oil_thermal,0.48,-28.51400967,-49.31153455,2018,220242.2152
4364,Oil_thermal,0.48,-8.20099837,-35.56500075,2018,143124.6031
4368,Oil_thermal,1.334,-29.91400967,-51.17453455,2018,612089.8231
4376,Oil_thermal,0.09,-2.84663993,-66.92774449,2018,25048.78502
4380,Oil_thermal,165.87,-3.5661887,-44.55871817,2018,46164910.79
4388,Oil_thermal,381.255,-8.351993,-35.022973,2018,113681188.6
4396,Oil_thermal,45.8,-1.76375389,-55.8628,2018,12747048.38
4400,Oil_thermal,0.324,-12.78045411,-38.39442344,2018,96609.10708
4404,Oil_thermal,0.168,-26.00927078,-50.60844566,2018,77084.77532
4408,Oil_thermal,1.8,-22.90734194,-47.06015611,2018,395614.3006
4412,Oil_thermal,0.168,-12.78045411,-38.39442344,2018,50093.61108
4416,Oil_thermal,0.552,-20.79723,-49.35811,2018,121321.7189
4424,Oil_thermal,0.32,-23.025318,-45.55692622,2018,70331.43122
4428,Oil_thermal,0.135,-18.64827,-48.191605,2018,29671.07255
4432,Oil_thermal,0.12,-17.06861111,-47.11027778,2018,26374.28671
4436,Oil_thermal,0.04,-23.54400967,-46.62653455,2018,8791.428903
4440,Oil_thermal,0.208,-23.60351389,-46.93184611,2018,45715.4303
4444,Oil_thermal,0.324,-23.548,-46.636,2018,71210.57411
4448,Oil_thermal,0.168,-23.56232633,-46.56640678,2018,36924.00139
4464,Oil_thermal,2.448,-28.53076244,-49.30935955,2018,1123235.298
4468,Oil_thermal,0.445,-22.87665194,-43.227875,2018,97804.64655
4472,Oil_thermal,2.56,-1.403039,-48.430705,2018,712498.7738
4476,Oil_thermal,0.972,-22.38628742,-44.95720123,2018,213631.7223
4480,Oil_thermal,3.6,-22.87721666,-43.27164722,2018,791228.6013
4484,Oil_thermal,0.264,-27.09960118,-52.61537809,2018,121133.2184
4488,Oil_thermal,0.1704,-23.548,-46.636,2018,37451.48713
4492,Oil_thermal,0.972,-12.33742746,-38.77677937,2018,289827.3212
4496,Oil_thermal,0.208,-20.4675936,-54.63132435,2018,45715.4303
4500,Oil_thermal,0.48,-23.52210819,-51.43730969,2018,220242.2152
4504,Oil_thermal,0.48,-23.49620133,-46.74257622,2018,105497.1468
4508,Oil_thermal,0.208,-29.16739855,-51.50970122,2018,95438.29325
4512,Oil_thermal,1.44,-5.35260611,-49.142025,2018,400780.5603
4516,Oil_thermal,0.062,-24.95379805,-53.45972194,2018,28447.9528
4520,Oil_thermal,0.48,-26.87505438,-52.40124848,2018,220242.2152
4524,Oil_thermal,0.186,-7.94318805,-34.88479194,2018,55460.78369
4528,Oil_thermal,0.64,-22.87665194,-43.227875,2018,140662.8624
4532,Oil_thermal,0.64,-22.87665194,-43.227875,2018,140662.8624
4536,Oil_thermal,0.96,-22.87665194,-43.227875,2018,210994.2937
4540,Oil_thermal,1.44,-23.54378744,-46.62636789,2018,316491.4405
4544,Oil_thermal,0.186,-22.726843,-45.11525678,2018,40880.1444
4548,Oil_thermal,0.528,-3.37762601,-64.72105304,2018,146952.8721
4552,Oil_thermal,0.128,-0.13035725,-67.05720588,2018,35624.93869
4556,Oil_thermal,0.128,3.86188165,-51.79710575,2018,35624.93869
4560,Oil_thermal,0.408,-11.88491213,-55.58321342,2018,89672.57481
4564,Oil_thermal,0.128,-1.36123448,-48.24543986,2018,35624.93869
4568,Oil_thermal,0.408,-11.63242544,-50.68594226,2018,89672.57481
4572,Oil_thermal,1,-3.14925529,-59.99194968,2018,278319.8335
4576,Oil_thermal,0.408,-5.53726743,-47.46283394,2018,113554.4921
4580,Oil_thermal,0.408,-9.33755804,-54.96550625,2018,113554.4921
4584,Oil_thermal,0.408,-10.78989851,-65.28745145,2018,89672.57481
4588,Oil_thermal,0.04,-1.86955635,-55.51672102,2018,11132.79334
4592,Oil_thermal,0.612,-6.23804158,-57.77715557,2018,170331.7381
4596,Oil_thermal,0.408,-15.85943706,-58.46875146,2018,89672.57481
4600,Oil_thermal,0.408,-6.64161422,-51.95748438,2018,113554.4921
4604,Oil_thermal,0.408,-6.63660272,-69.88493604,2018,113554.4921
4608,Oil_thermal,0.6,-0.13035725,-67.05720588,2018,166991.9001
4612,Oil_thermal,0.528,-8.70992011,-63.89491111,2018,116046.8615
4616,Oil_thermal,0.4,-4.24883925,-69.93548406,2018,111327.9334
4620,Oil_thermal,0.4,-3.14667302,-59.99764441,2018,111327.9334
4624,Oil_thermal,0.612,-1.86941787,-55.51600655,2018,170331.7381
4628,Oil_thermal,0.528,-1.3904556,-48.4799983,2018,146952.8721
4632,Oil_thermal,0.136,-3.37776877,-64.72291021,2018,37851.49736
4636,Oil_thermal,0.4,-8.70976683,-63.89499035,2018,87914.28903
4640,Oil_thermal,0.528,-2.42887722,-54.79870083,2018,146952.8721
4644,Oil_thermal,0.136,-15.85978552,-58.46868027,2018,29890.85827
4648,Oil_thermal,0.136,-6.63660272,-69.88493604,2018,37851.49736
4652,Oil_thermal,0.136,-10.78997705,-65.28744296,2018,29890.85827
4656,Oil_thermal,0.528,-8.34977496,-49.31391389,2018,146952.8721
4660,Oil_thermal,0.528,0.04971232,-51.0690356,2018,146952.8721
4664,Oil_thermal,0.528,-12.69328256,-60.10302861,2018,116046.8615
4668,Oil_thermal,0.528,-2.58378413,-44.23662698,2018,146952.8721
4672,Oil_thermal,0.136,-11.88438389,-55.58289279,2018,29890.85827
4676,Oil_thermal,0.408,-5.81090711,-61.28244172,2018,113554.4921
4680,Oil_thermal,0.04,-1.76375389,-55.8628,2018,11132.79334
4684,Oil_thermal,0.264,-3.03364167,-60.04054167,2018,73476.43605
4688,Oil_thermal,0.08,-3.19456645,-52.20932663,2018,22265.58668
4692,Oil_thermal,0.04,-2.99239934,-60.04774827,2018,11132.79334
4696,Oil_thermal,0.04,-5.37071667,-49.13604444,2018,11132.79334
4700,Oil_thermal,0.04,-4.8764487,-66.90005818,2018,11132.79334
4704,Oil_thermal,2.5,-3.05738744,-60.07695955,2018,695799.5838
4708,Oil_thermal,0.04,-23.71030389,-46.55025694,2018,8791.428903
4712,Oil_thermal,0.186,-18.9427777,-46.97979849,2018,40880.1444
4716,Oil_thermal,2.023,-12.91025182,-38.33034256,2018,603210.5667
4720,Oil_thermal,0.0176,-22.95689611,-46.54233305,2018,3868.228717
4724,Oil_thermal,0.012,-22.95689611,-46.54233305,2018,2637.428671
4728,Oil_thermal,1.44,-23.2033176,-45.88352164,2018,316491.4405
4732,Oil_thermal,0.0022,-23.02633894,-45.55501433,2018,483.5285897
4740,Oil_thermal,0.304,-23.52962078,-46.73525678,2018,66814.85966
4744,Oil_thermal,2.368,-8.1318571,-34.91895659,2018,706081.3752
4748,Oil_thermal,1.408,-10.90712078,-37.06220122,2018,419832.169
4752,Oil_thermal,0.368,-9.65903259,-35.70264841,2018,109728.8624
4756,Oil_thermal,1.8,-20.32573189,-40.28442344,2018,395614.3006
4760,Oil_thermal,0.06,-19.58573189,-46.92803455,2018,13187.14335
4764,Oil_thermal,0.64,-22.87665194,-43.227875,2018,140662.8624
4768,Oil_thermal,0.72,-28.56123467,-49.26438733,2018,330363.3228
4772,Oil_thermal,0.324,-19.64671196,-46.94969441,2018,71210.57411
4776,Oil_thermal,0.016,-23.6972109,-46.57632989,2018,3516.571561
4780,Oil_thermal,1.016,-22.96349555,-47.09934861,2018,223302.2941
4784,Oil_thermal,0.105,-23.54350967,-46.62664566,2018,23077.50087
4788,Oil_thermal,1.08,-23.58682057,-46.72306282,2018,237368.5804
4792,Oil_thermal,1.92,-12.69881694,-38.32573999,2018,572498.4123
4796,Oil_thermal,1.08,-21.76648498,-41.34324668,2018,237368.5804
4800,Oil_thermal,0.72,-26.90739855,-48.68136789,2018,330363.3228
4804,Oil_thermal,1.92,-19.93691857,-44.10144292,2018,421988.5873
4808,Oil_thermal,1.1,-20.16331943,-40.23879978,2018,241764.2948
4812,Oil_thermal,0.72,-29.70494167,-51.13301667,2018,330363.3228
4816,Oil_thermal,0.364,-26.991819,-48.634617,2018,167017.0132
4820,Oil_thermal,0.324,-23.49749419,-46.83698872,2018,71210.57411
4824,Oil_thermal,0.144,-23.53361194,-46.78881,2018,31649.14405
4828,Oil_thermal,0.72,-8.06276194,-34.88894194,2018,214686.9046
4832,Oil_thermal,0.062,-23.54750001,-46.63611321,2018,13626.7148
4836,Oil_thermal,1.44,-7.92267837,-34.89741035,2018,429373.8092
4840,Oil_thermal,0.648,-30.07712078,-51.01386789,2018,297326.9905
4844,Oil_thermal,0.062,-26.48194578,-49.07667344,2018,28447.9528
4848,Oil_thermal,0.186,-27.09478851,-48.61703204,2018,85343.85839
4852,Oil_thermal,0.112,-19.756283,-47.93185,2018,24616.00093
4856,Oil_thermal,0.364,-28.62213316,-49.25949749,2018,167017.0132
4860,Oil_thermal,1.296,-12.81845237,-38.43378965,2018,386436.4283
4864,Oil_thermal,0.96,-23.11703271,-46.4788931,2018,210994.2937
4868,Oil_thermal,0.232,-20.7279624,-46.6129397,2018,50990.28764
4872,Oil_thermal,6,-25.56675686,-48.62000221,2018,2753027.69
4876,Oil_thermal,0.132,-20.29232433,-45.53938393,2018,29011.71538
4880,Oil_thermal,0.728,-24.94700044,-53.50771408,2018,334034.0264
4884,Oil_thermal,0.113,-19.58296604,-46.94803187,2018,24835.78665
4888,Oil_thermal,0.232,-31.31801999,-54.10712421,2018,106450.404
4892,Oil_thermal,1.44,-29.49661764,-51.41499853,2018,660726.6456
4896,Oil_thermal,0.24,-24.18472222,-53.0275,2018,110121.1076
4900,Oil_thermal,0.311,-18.92258884,-48.28827493,2018,68353.35972
4904,Oil_thermal,0.728,-23.66773473,-52.58627406,2018,334034.0264
4908,Oil_thermal,0.324,-23.15812329,-47.00307795,2018,71210.57411
4912,Oil_thermal,0.648,-24.96155911,-53.50781,2018,297326.9905
4928,Oil_thermal,0.8,-20.55257882,-47.41263916,2018,175828.5781
4932,Oil_thermal,0.8,-10.97077178,-37.06133498,2018,238541.0051
4936,Oil_thermal,1.08,-10.94201942,-37.05872494,2018,322030.3569
4940,Oil_thermal,0.72,-10.90716714,-37.08611739,2018,214686.9046
4944,Oil_thermal,0.576,-10.99525355,-37.06595358,2018,171749.5237
4948,Oil_thermal,0.4,-10.84597863,-37.06325306,2018,119270.5026
4952,Oil_thermal,0.4,-10.94527778,-37.04785277,2018,119270.5026
4956,Oil_thermal,1.296,-29.6904986,-51.07562354,2018,594653.981
4964,Oil_thermal,0.36,-20.10033824,-43.05750042,2018,79122.86013
4968,Oil_thermal,0.364,-28.646843,-49.20053455,2018,167017.0132
4972,Oil_thermal,0.8,-23.50452222,-46.85487222,2018,175828.5781
4976,Oil_thermal,0.705,-23.46783998,-46.48418301,2018,154948.9344
4980,Oil_thermal,0.456,-23.71554432,-51.11257359,2018,209230.1044
4984,Oil_thermal,0.073,-23.61442982,-46.50447143,2018,16044.35775
4988,Oil_thermal,0.134,-20.91319015,-46.98167511,2018,29451.28683
4992,Oil_thermal,0.232,-9.66579342,-35.73529028,2018,69176.89149
4996,Oil_thermal,0.96,-22.76083577,-43.38234967,2018,210994.2937
5000,Oil_thermal,1.296,-28.44177846,-52.18732228,2018,594653.981
5004,Oil_thermal,0.153,-20.71353343,-46.61254989,2018,33627.21555
5008,Oil_thermal,0.63,-22.90933218,-43.18162027,2018,138465.0052
5012,Oil_thermal,0.728,-19.49349047,-44.30772034,2018,160004.006
5016,Oil_thermal,0.972,-23.53244203,-46.79171975,2018,213631.7223
5020,Oil_thermal,8,-19.86028117,-44.60833096,2018,1758285.781
5024,Oil_thermal,1.246,-17.69138889,-49.14222222,2018,273853.0103
5028,Oil_thermal,0.648,-23.00267633,-44.30859011,2018,142421.1482
5032,Oil_thermal,1.6,-18.88938467,-48.24853733,2018,351657.1561
5036,Oil_thermal,0.062,-23.53222355,-46.56604566,2018,13626.7148
5040,Oil_thermal,0.4,-23.497267,-46.835044,2018,87914.28903
5044,Oil_thermal,0.88,-23.64608966,-46.63864455,2018,193411.4359
5048,Oil_thermal,0.352,-23.52631359,-46.58147703,2018,77364.57435
5052,Oil_thermal,0.812,-23.54400967,-46.62653455,2018,178466.0067
5056,Oil_thermal,0.352,-23.54400967,-46.62653455,2018,77364.57435
5060,Oil_thermal,0.12,-23.54400967,-46.62653455,2018,26374.28671
5064,Oil_thermal,0.352,-23.54400967,-46.62653455,2018,77364.57435
5068,Oil_thermal,0.808,-23.68044733,-46.68714074,2018,177586.8638
5072,Oil_thermal,0.369,-23.44853744,-46.72858733,2018,81100.93163
5076,Oil_thermal,0.416,-23.50890194,-46.87465305,2018,91430.86059
5080,Oil_thermal,4,-23.67399855,-46.68797344,2018,879142.8903
5084,Oil_thermal,0.922,-23.75008004,-46.68550888,2018,202642.4362
5088,Oil_thermal,0.758,-23.58656395,-46.75978437,2018,166597.5777
5092,Oil_thermal,1.28,-23.66711548,-46.70699669,2018,281325.7249
5096,Oil_thermal,1.2,-23.36097111,-46.88292,2018,263742.8671
5100,Oil_thermal,0.704,-21.20547611,-50.43922611,2018,154729.1487
5104,Oil_thermal,1.296,-10.90721611,-37.04821278,2018,386436.4283
5108,Oil_thermal,1.35,-7.18791232,-34.9146451,2018,402537.9462
5112,Oil_thermal,2.545,-21.76208913,-43.33838435,2018,559354.664
5120,Oil_thermal,0.24,-23.61848744,-46.76484566,2018,52748.57342
5124,Oil_thermal,0.4,-23.62214253,-46.77429354,2018,87914.28903
5128,Oil_thermal,1.44,-12.74458371,-38.40470743,2018,429373.8092
5132,Oil_thermal,2.96,-25.3685613,-49.12658976,2018,1358160.327
5144,Oil_thermal,200.79,-7.85850966,-35.00803455,2018,59870810.53
5148,Oil_thermal,1.48,-26.78700519,-50.95660735,2018,679080.1635
5152,Oil_thermal,0.186,-15.248019,-40.624042,2018,55460.78369
5156,Oil_thermal,0.324,-15.24616694,-40.24738111,2018,96609.10708
5160,Oil_thermal,0.186,-15.248019,-40.624042,2018,55460.78369
5164,Oil_thermal,0.186,-15.59245611,-39.87565999,2018,55460.78369
5168,Oil_thermal,0.186,-15.65783,-40.061545,2018,55460.78369
5172,Oil_thermal,0.186,-15.56731611,-40.42204389,2018,55460.78369
5176,Oil_thermal,0.186,-15.61977194,-40.260515,2018,55460.78369
5180,Oil_thermal,0.186,-15.56731611,-40.42204389,2018,55460.78369
5184,Oil_thermal,0.186,-15.11903694,-40.07170306,2018,55460.78369
5188,Oil_thermal,0.186,-14.98846044,-39.92249037,2018,55460.78369
5192,Oil_thermal,0.186,-14.984935,-39.92144194,2018,55460.78369
5196,Oil_thermal,0.186,-14.83767633,-39.97720122,2018,55460.78369
5200,Oil_thermal,0.186,-14.75239855,-40.07970122,2018,55460.78369
5204,Oil_thermal,0.186,-14.97267633,-40.39803455,2018,55460.78369
5208,Oil_thermal,0.186,-15.11903694,-40.07170306,2018,55460.78369
5212,Oil_thermal,5.47,-23.62266987,-46.70103067,2018,1202227.902
5216,Oil_thermal,0.86,-10.92444444,-37.05222222,2018,256431.5805
5220,Oil_thermal,0.44,-10.91111111,-37.07166666,2018,131197.5528
5224,Oil_thermal,0.4,-17.34958194,-44.951065,2018,87914.28903
5228,Oil_thermal,0.075,-19.30700967,-46.03953455,2018,16483.92919
5232,Oil_thermal,0.075,-19.73759611,-45.254115,2018,16483.92919
5236,Oil_thermal,0.08,-19.90714634,-44.05390383,2018,17582.85781
5240,Oil_thermal,2.5,-8.16777778,-34.92027778,2018,745440.6411
5244,Oil_thermal,9.828,-2.50999526,-56.17202265,2018,2735327.324
5248,Oil_thermal,5.644,-2.17424041,-56.10508904,2018,1570837.14
5252,Oil_thermal,3.84,-22.03516914,-47.88754319,2018,843977.1747
5256,Oil_thermal,3.84,-21.98163069,-47.89544374,2018,843977.1747
5260,Oil_thermal,3.64,-16.70833333,-49.2725,2018,800020.0302
5264,Oil_thermal,0.24,-1.459845,-48.48782611,2018,66796.76005
5268,Oil_thermal,0.725,-23.64608966,-46.63864455,2018,159344.6489
5288,Oil_thermal,1.016,-29.95310734,-51.06267301,2018,466179.3555
5292,Oil_thermal,2.912,-22.22474934,-42.34238539,2018,640016.0241
5296,Oil_thermal,0.264,-23.54400967,-46.62653455,2018,58023.43076
5300,Oil_thermal,2.88,-20.11553551,-44.21603049,2018,632982.881
5304,Oil_thermal,0.528,-8.28666666,-35.035,2018,157437.0634
5308,Oil_thermal,0.48,-22.19320611,-48.77921806,2018,105497.1468
5312,Oil_thermal,0.44,-12.66591,-38.20632,2018,131197.5528
5316,Oil_thermal,0.96,-22.90572306,-49.62460889,2018,210994.2937
5320,Oil_thermal,4.44,-23.33143498,-47.87461913,2018,975848.6082
5324,Oil_thermal,0.364,-23.52517633,-47.12581233,2018,80002.00302
5328,Oil_thermal,0.48,-25.50684194,-48.52473306,2018,220242.2152
5332,Oil_thermal,1.456,-23.48090319,-47.00216779,2018,320008.0121
5336,Oil_thermal,1.82,-30.37487592,-54.34689174,2018,835085.066
5340,Oil_thermal,1.82,-21.013735,-49.50713806,2018,400010.0151
5344,Oil_thermal,0.508,-22.81528896,-45.18490879,2018,111651.1471
5348,Oil_thermal,3.624,-15.89032128,-41.0510361,2018,796503.4586
5352,Oil_thermal,1.44,-31.76333333,-52.48388889,2018,660726.6456
5356,Oil_thermal,2.1888,-16.00277778,-39.94694444,2018,481066.9896
5360,Oil_thermal,1.75,-8.06,-34.8875,2018,521808.4487
5364,Oil_thermal,7,-23.63666522,-46.462079,2018,1538500.058
5368,Oil_thermal,11.5,-23.84532472,-46.38157833,2018,2527535.81
5372,Oil_thermal,0.567,-23.58388889,-46.63166667,2018,124618.5047
5376,Oil_thermal,0.292,-23.757435,-46.60795389,2018,64177.43099
5380,Oil_thermal,1.8,-23.30488,-45.96959305,2018,395614.3006
5384,Oil_thermal,0.134,-19.74334363,-47.95623522,2018,29451.28683
5392,Oil_thermal,0.082,-18.91906519,-48.11247899,2018,18022.42925
5396,Oil_thermal,4.015,-8.76889195,-63.83144611,2018,882439.6761
5400,Oil_thermal,0.508,-18.91174551,-48.27186205,2018,111651.1471
5404,Oil_thermal,0.508,-26.26388848,-48.8896599,2018,233089.6778
5408,Oil_thermal,4,-23.64608966,-46.63864455,2018,879142.8903
5412,Oil_thermal,0.134,-28.92333333,-52.13,2018,61484.28508
5416,Oil_thermal,0.368,-26.99711662,-48.65535039,2018,168852.365
5420,Oil_thermal,1.92,-16.62108324,-47.74754565,2018,421988.5873
5424,Oil_thermal,0.365,-19.80354797,-42.16879183,2018,80221.78874
5428,Oil_thermal,0.508,-22.48677724,-47.44554581,2018,111651.1471
5432,Oil_thermal,1.68,-20.46110909,-45.52725145,2018,369240.0139
5436,Oil_thermal,0.134,-27.25108611,-49.95565194,2018,61484.28508
5440,Oil_thermal,0.72,-16.61506966,-43.92000455,2018,158245.7203
5444,Oil_thermal,1.524,-1.41312567,-48.44262957,2018,424159.4263
5448,Oil_thermal,0.5,-19.69118664,-44.89704742,2018,109892.8613
5452,Oil_thermal,0.55,-20.16331943,-40.23879978,2018,120882.1474
5456,Oil_thermal,0.45,-28.30025262,-54.25603071,2018,206477.0767
5460,Oil_thermal,1,-23.7812077,-53.32096808,2018,458837.9483
5464,Oil_thermal,0.347,-7.633315,-48.42480694,2018,96576.98223
5468,Oil_thermal,0.12,-19.7574,-47.95421389,2018,26374.28671
5472,Oil_thermal,0.73,-29.21202778,-51.88925,2018,334951.7023
5476,Oil_thermal,1.46,-16.87803257,-53.58278,2018,320887.155
5480,Oil_thermal,0.56,-3.49333314,-39.59833348,2018,166978.7036
5484,Oil_thermal,0.144,-14.86611111,-40.83944444,2018,42937.38092
5488,Oil_thermal,0.265,-21.36259537,-45.50324657,2018,58243.21648
5492,Oil_thermal,1.825,-23.64731306,-46.85086,2018,401108.9437
5500,Oil_thermal,0.728,-19.97202778,-44.18236111,2018,160004.006
5504,Oil_thermal,0.347,-20.32967185,-40.29196857,2018,76265.64573
5508,Oil_thermal,0.41,-23.6582946,-46.60517929,2018,90112.14626
5512,Oil_thermal,0.113,-5.75089889,-35.252255,2018,33693.91698
5516,Oil_thermal,0.347,-23.34744966,-46.86258455,2018,76265.64573
5520,Oil_thermal,1.6,-8.06681987,-34.92245137,2018,477082.0103
5524,Oil_thermal,1.088,-15.80305556,-47.86111111,2018,239126.8662
5528,Oil_thermal,0.113,-28.47675,-49.00047222,2018,51848.68816
5532,Oil_thermal,0.36,-19.66434314,-48.30633344,2018,79122.86013
5536,Oil_thermal,3.36,-16.406745,-48.93766394,2018,738480.0279
5540,Oil_thermal,2.025,-23.50656522,-46.86664566,2018,445066.0882
5544,Oil_thermal,1.772,-20.61297694,-42.14773889,2018,389460.3004
5548,Oil_thermal,1.8,-23.54754336,-46.63598082,2018,395614.3006
5552,Oil_thermal,0.694,-21.68106401,-43.44017624,2018,152531.2915
5556,Oil_thermal,0.134,-2.90336,-41.778171,2018,39955.61836
5560,Oil_thermal,0.41,-25.39359195,-51.46343111,2018,188123.5588
5564,Oil_thermal,1.456,-23.64608966,-46.63864455,2018,320008.0121
5568,Oil_thermal,0.364,-26.474445,-48.99210389,2018,167017.0132
5572,Oil_thermal,1.65,-22.22999998,-45.93638891,2018,362646.4423
5576,Oil_thermal,0.037,-19.96349956,-43.95457147,2018,8132.071735
5580,Oil_thermal,0.8,-23.95107966,-52.56711455,2018,367070.3587
5584,Oil_thermal,0.192,-27.09831,-48.91516305,2018,88096.88608
5588,Oil_thermal,0.062,-23.64608966,-46.63864455,2018,13626.7148
5592,Oil_thermal,0.265,-27.32957966,-48.85640455,2018,121592.0563
5596,Oil_thermal,0.508,-28.12273714,-54.82577347,2018,233089.6778
5604,Oil_thermal,0.113,-17.93147,-47.66514,2018,24835.78665
5608,Oil_thermal,0.084,-15.44889,-55.939,2018,18462.0007
5612,Oil_thermal,1.524,-21.42817806,-45.94891805,2018,334953.4412
5616,Oil_thermal,2.2,-26.47028312,-48.74850635,2018,1009443.486
5620,Oil_thermal,0.912,-30.04582,-52.89341306,2018,418460.2089
5628,Oil_thermal,1.016,-23.65778334,-46.85289328,2018,223302.2941
5632,Oil_thermal,2.032,-25.53052248,-49.1966609,2018,932358.711
5636,Oil_thermal,0.704,-8.29640895,-35.95191104,2018,209916.0845
5640,Oil_thermal,2.032,-29.63806272,-51.00701433,2018,932358.711
5644,Oil_thermal,1.296,-22.85024244,-45.23388591,2018,284842.2965
5648,Oil_thermal,2.032,-29.98567416,-51.16600591,2018,932358.711
5652,Oil_thermal,1.016,-29.98621559,-51.16481307,2018,466179.3555
5656,Oil_thermal,3,-25.43295611,-49.27184806,2018,1376513.845
5660,Oil_thermal,0.113,-19.47511194,-46.53861111,2018,24835.78665
5664,Oil_thermal,0.347,-20.07015966,-43.89448455,2018,76265.64573
5668,Oil_thermal,0.1,-23.08314966,-45.49288455,2018,21978.57226
5676,Oil_thermal,0.122,-26.30451806,-48.84940889,2018,55978.2297
5680,Oil_thermal,0.365,-5.10750716,-36.31995722,2018,108834.3336
5684,Oil_thermal,3.264,-22.9102778,-43.5483333,2018,717380.5985
5688,Oil_thermal,0.508,-22.32512194,-49.08300111,2018,111651.1471
5692,Oil_thermal,0.48,-27.86049966,-54.48759455,2018,220242.2152
5696,Oil_thermal,0.365,-12.15283006,-44.99005309,2018,108834.3336
5700,Oil_thermal,0.264,-27.41573189,-51.762479,2018,121133.2184
5704,Oil_thermal,1.247,-19.80058018,-44.00332028,2018,274072.7961
5708,Oil_thermal,1.44,-22.48170694,-47.45828305,2018,316491.4405
5712,Oil_thermal,0.06,-18.91472104,-48.26754695,2018,13187.14335
5716,Oil_thermal,2.4,-10.90721611,-37.04821278,2018,715623.0154
5720,Oil_thermal,0.508,-27.12098966,-52.64085455,2018,233089.6778
5724,Oil_thermal,0.755,-7.50611111,-63.02083333,2018,210131.4743
5728,Oil_thermal,0.12,-28.48846966,-49.31938455,2018,55060.5538
5736,Oil_thermal,0.96,-12.6933074,-38.31515078,2018,286249.2062
5740,Oil_thermal,2.032,-23.68611111,-46.62277778,2018,446604.5883
5744,Oil_thermal,0.12,-28.59437966,-49.32454455,2018,55060.5538
5748,Oil_thermal,0.365,-27.93989855,-52.91359011,2018,167475.8511
5752,Oil_thermal,3.2,-13.30588889,-56.57297222,2018,703314.3122
5756,Oil_thermal,1.016,-29.35843966,-51.95562455,2018,466179.3555
5760,Oil_thermal,0.08,-19.02377966,-48.32227455,2018,17582.85781
5764,Oil_thermal,2.8,-10.90721611,-37.04821278,2018,834893.518
5768,Oil_thermal,0.365,-29.51278785,-51.98529726,2018,167475.8511
5772,Oil_thermal,3.6,-21.75512966,-42.54834455,2018,791228.6013
5776,Oil_thermal,2.4,-16.6591564,-49.25923646,2018,527485.7342
5780,Oil_thermal,1.32,-23.58869231,-46.83015485,2018,290117.1538
5784,Oil_thermal,2.76,-15.64267633,-56.12303455,2018,606608.5943
5788,Oil_thermal,1.44,-23.60351389,-46.93184611,2018,316491.4405
5792,Oil_thermal,0.265,-27.24138876,-48.63361102,2018,121592.0563
5796,Oil_thermal,0.2,-22.95181018,-43.37264679,2018,43957.14452
5800,Oil_thermal,3.409,-22.94580204,-43.36408073,2018,749249.5283
5804,Oil_thermal,0.8,-18.85438848,-48.29953748,2018,175828.5781
5812,Oil_thermal,0.276,-7.93695411,-34.86363426,2018,82296.64677
5816,Oil_thermal,3.2,-29.76146667,-55.86535,2018,1468281.435
5820,Oil_thermal,1.92,-7.92267837,-34.89741035,2018,572498.4123
5824,Oil_thermal,1.6,-31.77186305,-52.41754778,2018,734140.7173
5828,Oil_thermal,2.032,-26.91610805,-49.05763111,2018,932358.711
5832,Oil_thermal,1.095,-10.7393398,-37.81717177,2018,326503.0008
5836,Oil_thermal,3,-23.64608966,-46.63864455,2018,659357.1677
5844,Oil_thermal,1.82,-23.64608966,-46.63864455,2018,400010.0151
5848,Oil_thermal,0.04,-23.54380245,-46.62676417,2018,8791.428903
5852,Oil_thermal,3.409,-22.94582779,-43.36363438,2018,749249.5283
5856,Oil_thermal,1.265,-23.5475,-46.63611111,2018,278028.9391
5860,Oil_thermal,3.2,-31.35444444,-54.03477221,2018,1468281.435
5864,Oil_thermal,0.042,-23.64608966,-46.63864455,2018,9231.000348
5868,Oil_thermal,0.3472,-30.02900967,-51.22053455,2018,159308.5357
5872,Oil_thermal,0.48,-19.02377966,-48.32227455,2018,105497.1468
5880,Oil_thermal,0.8,-23.42011988,-46.20757715,2018,175828.5781
5884,Oil_thermal,1.2,-19.02377966,-48.32227455,2018,263742.8671
5888,Oil_thermal,0.12,-18.95977887,-49.44139565,2018,26374.28671
5892,Oil_thermal,0.112,-23.529343,-46.60720123,2018,24616.00093
5896,Oil_thermal,0.347,-26.49048389,-49.07629889,2018,159216.7681
5900,Oil_thermal,0.694,-16.73050922,-43.85103588,2018,152531.2915
5904,Oil_thermal,0.324,-15.12572966,-46.14902455,2018,71210.57411
5908,Oil_thermal,0.265,-29.71976806,-52.42992889,2018,121592.0563
5912,Oil_thermal,0.184,-20.74981716,-44.73597529,2018,40440.57295
5916,Oil_thermal,0.18,-19.77345546,-47.94449577,2018,39561.43006
5920,Oil_thermal,0.365,-29.69071759,-51.07539543,2018,167475.8511
5924,Oil_thermal,4.96,-20.88382778,-51.35837222,2018,1090137.184
5928,Oil_thermal,0.053,-22.74424999,-50.60211115,2018,11648.6433
5932,Oil_thermal,1.041,-30.02900967,-51.22053455,2018,477650.3042
5936,Oil_thermal,8,-23.52878744,-46.56164567,2018,1758285.781
5940,Oil_thermal,1.683,-18.87244594,-48.25136662,2018,369899.3711
5944,Oil_thermal,0.508,-15.79408695,-47.887905,2018,111651.1471
5948,Oil_thermal,2.032,-6.07273,-49.90078111,2018,565545.9017
5952,Oil_thermal,1.15,-18.89331418,-48.23361865,2018,252753.581
5956,Oil_thermal,0.113,-26.62236966,-48.97880455,2018,51848.68816
5960,Oil_thermal,0.134,-5.78492966,-35.71101455,2018,39955.61836
5964,Oil_thermal,0.38571,-19.96992211,-47.89209721,2018,84773.55106
5968,Oil_thermal,0.347,-28.6775,-49.36972222,2018,159216.7681
5972,Oil_thermal,1.6,-19.67737195,-51.18870805,2018,351657.1561
5976,Oil_thermal,0.185,-19.57693966,-47.96769455,2018,40660.35868
5980,Oil_thermal,1.6,-17.79454305,-50.92968111,2018,351657.1561
5984,Oil_thermal,0.72,-23.71030389,-46.55025694,2018,158245.7203
5988,Oil_thermal,0.08,-23.53492311,-46.76546349,2018,17582.85781
5992,Oil_thermal,4.352,-22.31000966,-42.86435455,2018,956507.4647
5996,Oil_thermal,0.12,-18.57312966,-48.21270455,2018,26374.28671
6000,Oil_thermal,0.508,-29.16689889,-51.17886,2018,233089.6778
6004,Oil_thermal,1.12,-15.85334195,-48.96252693,2018,246160.0093
6008,Oil_thermal,10.8,-25.20537886,-53.9512981,2018,4955449.842
6012,Oil_thermal,2,-22.77972222,-47.31972222,2018,439571.4452
6016,Oil_thermal,0.35,-23.64608966,-46.63864455,2018,76925.0029
6020,Oil_thermal,0.134,-18.57489855,-46.50831233,2018,29451.28683
6024,Oil_thermal,2,-23.64608966,-46.63864455,2018,439571.4452
6028,Oil_thermal,0.72,-18.81601966,-44.43838455,2018,158245.7203
6032,Oil_thermal,1.2,-10.93861111,-37.08277778,2018,357811.5077
6036,Oil_thermal,0.347,-18.12685694,-40.36342111,2018,76265.64573
6040,Oil_thermal,0.065,-18.91861064,-48.29722222,2018,14286.07197
6044,Oil_thermal,0.365,-8.15019966,-35.28311455,2018,108834.3336
6048,Oil_thermal,1.016,-28.59505226,-52.18871704,2018,466179.3555
6052,Oil_thermal,0.508,-29.13037299,-51.51269423,2018,233089.6778
6056,Oil_thermal,0.5,-23.93472222,-47.01638889,2018,109892.8613
6060,Oil_thermal,0.1,-19.7467597,-47.93449708,2018,21978.57226
6064,Oil_thermal,0.347,-30.04582,-52.89341306,2018,159216.7681
6068,Oil_thermal,0.508,-30.04582,-52.89341306,2018,233089.6778
6072,Oil_thermal,0.347,-30.04582,-52.89341306,2018,159216.7681
6076,Oil_thermal,0.265,-12.22928389,-38.96003305,2018,79016.70795
6080,Oil_thermal,0.5,-5.91037,-35.25920889,2018,149088.1282
6084,Oil_thermal,0.192,-18.96890417,-49.4650036,2018,42198.85873
6088,Oil_thermal,0.569,-22.92875224,-43.38529448,2018,125058.0761
6092,Oil_thermal,0.2,-19.57693966,-47.96769455,2018,43957.14452
6096,Oil_thermal,0.113,-15.88999959,-52.25666639,2018,24835.78665
6100,Oil_thermal,0.288,-19.02377966,-48.32227455,2018,63298.2881
6104,Oil_thermal,0.06,-19.02377966,-48.32227455,2018,13187.14335
6108,Oil_thermal,2.24,-18.72761,-49.113,2018,492320.0186
6112,Oil_thermal,0.144,-17.86902889,-41.50432463,2018,31649.14405
6116,Oil_thermal,0.26,-18.59631484,-48.67750023,2018,57144.28787
6120,Oil_thermal,0.208,-19.737596,-45.254115,2018,45715.4303
6124,Oil_thermal,0.175,-3.47489,-66.06304194,2018,48705.97087
6128,Oil_thermal,2,-23.42053744,-46.22331233,2018,439571.4452
6132,Oil_thermal,0.208,-19.86944444,-47.42194444,2018,45715.4303
6136,Oil_thermal,0.113,-19.74350193,-47.92169164,2018,24835.78665
6140,Oil_thermal,0.22,-20.89444047,-47.00933897,2018,48352.85897
6144,Oil_thermal,0.64,-19.76350556,-47.96142222,2018,140662.8624
6148,Oil_thermal,0.6944,-18.59257111,-46.51591611,2018,152619.2058
6152,Oil_thermal,0.36,-19.55401966,-42.59316455,2018,79122.86013
6156,Oil_thermal,0.347,-27.27212077,-48.839979,2018,159216.7681
6160,Oil_thermal,0.8,-19.033855,-46.15459805,2018,175828.5781
6164,Oil_thermal,0.232,-18.728768,-47.49593468,2018,50990.28764
6168,Oil_thermal,0.52,-19.76632824,-47.95100836,2018,114288.5757
6176,Oil_thermal,0.065,-23.61508618,-46.55299617,2018,14286.07197
6180,Oil_thermal,8.934,-23.54350967,-46.62664566,2018,1963565.646
6184,Oil_thermal,0.55,-22.879343,-43.094979,2018,120882.1474
6188,Oil_thermal,2.19,-23.93169762,-52.4963937,2018,1004855.107
6192,Oil_thermal,0.192,-16.722707,-43.865422,2018,42198.85873
6200,Oil_thermal,0.26,-27.81725889,-50.33022194,2018,119297.8666
6208,Oil_thermal,0.725,-23.64608966,-46.63864455,2018,159344.6489
6212,Oil_thermal,0.368,-19.43497966,-42.59145455,2018,80881.14591
6216,Oil_thermal,0.281,-19.95595186,-47.83718353,2018,61759.78804
6220,Oil_thermal,0.144,-19.43497966,-42.59145455,2018,31649.14405
6224,Oil_thermal,0.347,-29.68558194,-53.80867499,2018,159216.7681
6228,Oil_thermal,3.355,-22.92787,-47.12746,2018,737381.0992
6232,Oil_thermal,0.324,-30.58942966,-53.46847455,2018,148663.4953
6236,Oil_thermal,0.24,-19.59133,-46.94001,2018,52748.57342
6240,Oil_thermal,0.8,-21.75189889,-41.33047611,2018,175828.5781
6244,Oil_thermal,0.125,-19.02377966,-48.32227455,2018,27473.21532
6248,Oil_thermal,0.44,-25.09254694,-50.16144194,2018,201888.6973
6252,Oil_thermal,0.1128,-19.48103195,-42.52035111,2018,24791.82951
6256,Oil_thermal,0.168,-26.22626329,-51.07688947,2018,77084.77532
6260,Oil_thermal,0.4,-19.93752389,-43.92645306,2018,87914.28903
6264,Oil_thermal,2,-18.77943966,-41.95409455,2018,439571.4452
6268,Oil_thermal,0.265,-23.43888889,-46.45277778,2018,58243.21648
6272,Oil_thermal,0.208,-19.72373614,-50.26696878,2018,45715.4303
6276,Oil_thermal,0.27,-19.76761695,-43.85000694,2018,59342.1451
6280,Oil_thermal,0.205,-21.12723304,-44.23792153,2018,45056.07313
6284,Oil_thermal,0.508,-26.30451806,-48.84940889,2018,233089.6778
6288,Oil_thermal,0.265,-29.9906057,-51.20181369,2018,121592.0563
6292,Oil_thermal,3.2,-15.79408695,-47.887905,2018,703314.3122
6296,Oil_thermal,0.364,-19.92083305,-43.93777807,2018,80002.00302
6300,Oil_thermal,1.45,-23.64608966,-46.63864455,2018,318689.2977
6304,Oil_thermal,0.12,-28.60302305,-49.32712889,2018,55060.5538
6308,Oil_thermal,1,-26.86351959,-49.09083173,2018,458837.9483
6312,Oil_thermal,0.728,-22.97726805,-49.86858,2018,160004.006
6316,Oil_thermal,0.365,-23.41351694,-51.43828,2018,167475.8511
6320,Oil_thermal,2.65,-23.50890194,-46.87465305,2018,582432.1648
6324,Oil_thermal,0.36,-23.50128966,-46.86778455,2018,79122.86013
6328,Oil_thermal,0.265,-18.94081305,-46.99743806,2018,58243.21648
6332,Oil_thermal,0.8,-22.43269611,-46.95636694,2018,175828.5781
6336,Oil_thermal,0.244,-19.41325111,-42.41816611,2018,53627.71631
6340,Oil_thermal,0.256,-23.60232554,-46.63690476,2018,56265.14498
6344,Oil_thermal,1.04,-27.0965254,-48.92013613,2018,477191.4663
6348,Oil_thermal,0.24,-22.27308728,-48.07936407,2018,52748.57342
6352,Oil_thermal,0.1696,-19.57693966,-47.96769455,2018,37275.65855
6360,Oil_thermal,0.073,-18.91200411,-48.27078455,2018,16044.35775
6364,Oil_thermal,0.365,-23.51816984,-46.62747695,2018,80221.78874
6368,Oil_thermal,2,-21.77041966,-48.54025455,2018,439571.4452
6372,Oil_thermal,0.576,-23.52798333,-46.37749167,2018,126596.5762
6376,Oil_thermal,0.192,-23.59715111,-46.68715396,2018,42198.85873
6380,Oil_thermal,0.36,-19.44628801,-43.10470092,2018,79122.86013
6384,Oil_thermal,0.113,-22.56380296,-47.16364594,2018,24835.78665
6388,Oil_thermal,0.8,-10.85724226,-37.08230141,2018,238541.0051
6392,Oil_thermal,0.21,-18.72079264,-47.48906763,2018,46155.00174
6396,Oil_thermal,0.288,-19.80381646,-42.1520645,2018,63298.2881
6400,Oil_thermal,0.22,-19.02377966,-48.32227455,2018,48352.85897
6404,Oil_thermal,0.232,-13.67527778,-57.89194445,2018,50990.28764
6408,Oil_thermal,0.5,-18.95329302,-48.2679484,2018,109892.8613
6412,Oil_thermal,1.6,-19.86052472,-47.43013931,2018,351657.1561
6416,Oil_thermal,0.144,-19.67737195,-51.18870805,2018,31649.14405
6420,Oil_thermal,0.4,-20.12372716,-44.93068529,2018,87914.28903
6424,Oil_thermal,1.23,-12.86941966,-38.50519455,2018,366756.7954
6428,Oil_thermal,0.4,-23.2323621,-45.92710166,2018,87914.28903
6432,Oil_thermal,0.16,-19.69889611,-46.17371,2018,35165.71561
6436,Oil_thermal,0.085,-3.50155427,-61.71741784,2018,23657.18585
6440,Oil_thermal,0.347,-18.96652966,-47.04178455,2018,76265.64573
6444,Oil_thermal,0.208,-20.03172966,-48.99099455,2018,45715.4303
6448,Oil_thermal,0.36,-23.39582694,-46.32049,2018,79122.86013
6452,Oil_thermal,0.134,-26.30451806,-48.84940889,2018,61484.28508
6456,Oil_thermal,0.168,-15.44489966,-55.92953455,2018,36924.00139
6460,Oil_thermal,0.6,-23.57940884,-46.63910498,2018,131871.4335
6464,Oil_thermal,1.456,-23.65008,-46.64811,2018,320008.0121
6468,Oil_thermal,0.508,-18.98864966,-49.53474455,2018,111651.1471
6472,Oil_thermal,0.425,-19.59333343,-46.94055553,2018,93408.9321
6476,Oil_thermal,0.134,-19.83026966,-44.59839455,2018,29451.28683
6480,Oil_thermal,0.184,-20.01879,-48.932375,2018,40440.57295
6484,Oil_thermal,0.8,-18.99598197,-45.95738221,2018,175828.5781
6488,Oil_thermal,0.192,-5.81818738,-42.78659719,2018,57249.84123
6496,Oil_thermal,0.364,-8.06276194,-34.88894194,2018,108536.1573
6500,Oil_thermal,0.184,-20.46488389,-45.42642806,2018,40440.57295
6504,Oil_thermal,0.87164,-18.75170226,-47.50683399,2018,191574.0272
6508,Oil_thermal,0.116,-19.78119274,-47.94539095,2018,25495.14382
6512,Oil_thermal,0.06,-19.9627,-44.16134722,2018,13187.14335
6516,Oil_thermal,0.113,-5.52652389,-47.47981111,2018,31450.14119
6520,Oil_thermal,0.508,-29.52656522,-51.2385901,2018,233089.6778
6524,Oil_thermal,0.72,-19.74919942,-47.94355624,2018,158245.7203
6528,Oil_thermal,1.2,-10.42212528,-36.92247056,2018,357811.5077
6532,Oil_thermal,0.5,-23.58554381,-46.72197608,2018,109892.8613
6536,Oil_thermal,4.8,-16.67331,-49.25581389,2018,1054971.468
6540,Oil_thermal,0.73,-27.09831,-48.91516305,2018,334951.7023
6544,Oil_thermal,0.347,-23.64731306,-46.85086,2018,76265.64573
6548,Oil_thermal,0.1344,-27.35888194,-53.40077694,2018,61667.82026
6552,Oil_thermal,1.3,-23.57176337,-46.70334952,2018,285721.4394
6556,Oil_thermal,18,-23.86694444,-46.42,2018,3956143.006
6560,Oil_thermal,0.641,-23.64608966,-46.63864455,2018,140882.6482
6564,Oil_thermal,0.4,-18.59296966,-46.49824455,2018,87914.28903
6572,Oil_thermal,2.24,-22.880765,-42.020075,2018,492320.0186
6576,Oil_thermal,0.0096,-23.64777772,-46.85777772,2018,2109.942937
6580,Oil_thermal,0.365,-29.68632611,-51.128605,2018,167475.8511
6584,Oil_thermal,4.6,-0.00840729,-51.08146896,2018,1280271.234
6588,Oil_thermal,1.5,-20.11648884,-44.83570435,2018,329678.5839
6592,Oil_thermal,0.225,-23.56111111,-46.47833333,2018,49451.78758
6596,Oil_thermal,1.48,-23.5866425,-46.78155671,2018,325282.8694
6600,Oil_thermal,0.508,-26.35517633,-52.84164566,2018,233089.6778
6604,Oil_thermal,1.016,-23.46277778,-46.53333333,2018,223302.2941
6608,Oil_thermal,0.192,-26.11138888,-49.80527777,2018,88096.88608
6612,Oil_thermal,0.3648,-5.09088704,-42.80336503,2018,108774.6983
6616,Oil_thermal,0.347,-28.6627518,-49.4279314,2018,159216.7681
6620,Oil_thermal,0.48,-5.08517633,-42.79247899,2018,143124.6031
6624,Oil_thermal,0.092,-18.96076799,-49.45586788,2018,20220.28648
6628,Oil_thermal,0.134,-5.08517633,-42.79247899,2018,39955.61836
6632,Oil_thermal,0.092,-19.94344611,-44.066345,2018,20220.28648
6636,Oil_thermal,0.4,-18.59296966,-46.49824455,2018,87914.28903
6640,Oil_thermal,0.04,-15.79083961,-47.91949064,2018,8791.428903
6644,Oil_thermal,0.8,-16.68989722,-49.24017778,2018,175828.5781
6648,Oil_thermal,1.45,-23.61820133,-46.69118455,2018,318689.2977
6652,Oil_thermal,1.9,-23.61820133,-46.69118455,2018,417592.8729
6656,Oil_thermal,1.524,-3.89478889,-38.60228055,2018,454420.6148
6660,Oil_thermal,0.368,-18.91444022,-48.18616233,2018,80881.14591
6664,Oil_thermal,0.093,-23.64608966,-46.63864455,2018,20440.0722
6668,Oil_thermal,3.2,-20.034535,-44.14586694,2018,703314.3122
6672,Oil_thermal,3,-3.723805,-38.58992806,2018,894528.7693
6676,Oil_thermal,0.256,-18.85703744,-48.27482622,2018,56265.14498
6680,Oil_thermal,0.17893,-18.89909855,-48.27232899,2018,39326.25934
6684,Oil_thermal,1.45,-23.61820133,-46.69118455,2018,318689.2977
6688,Oil_thermal,0.00024,-28.62496389,-49.04912889,2018,110.1211076
6692,Oil_thermal,0.192,-1.36555555,-48.37222222,2018,53437.40804
6696,Oil_thermal,0.3,-21.47732194,-44.34088611,2018,65935.71677
6700,Oil_thermal,0.36,-19.02377966,-48.32227455,2018,79122.86013
6704,Oil_thermal,0.48,-19.88335966,-44.07446455,2018,105497.1468
6708,Oil_thermal,0.24,-27.72501546,-52.28390392,2018,110121.1076
6712,Oil_thermal,0.325,-19.89849855,-49.35854288,2018,71430.35984
6716,Oil_thermal,0.4,-19.02377966,-48.32227455,2018,87914.28903
6720,Oil_thermal,0.44,-19.58185146,-47.98022218,2018,96705.71793
6724,Oil_thermal,0.18,-19.82210137,-47.89313212,2018,39561.43006
6728,Oil_thermal,0.1,-23.60878744,-46.75747899,2018,21978.57226
6732,Oil_thermal,1.56,-19.94557372,-44.11347144,2018,342865.7272
6736,Oil_thermal,1.12,-20.92621244,-46.98524749,2018,246160.0093
6740,Oil_thermal,0.4,-15.64487485,-56.12460492,2018,87914.28903
6744,Oil_thermal,0.208,-31.76827179,-52.3432695,2018,95438.29325
6748,Oil_thermal,0.3,-30.0496437,-51.20273339,2018,137651.3845
6752,Oil_thermal,1.04,-27.09449949,-52.63887445,2018,477191.4663
6756,Oil_thermal,0.32,-8.11486773,-35.28509335,2018,95416.40206
6760,Oil_thermal,1,-9.57264463,-35.74148984,2018,298176.2564
6764,Oil_thermal,1.12,-3.75722864,-38.53396928,2018,333957.4072
6768,Oil_thermal,0.4,-23.03709173,-45.56014859,2018,87914.28903
6772,Oil_thermal,1,-28.27086517,-52.385605,2018,458837.9483
6776,Oil_thermal,0.32,-7.94224033,-34.86475448,2018,95416.40206
6780,Oil_thermal,1,-29.69888972,-53.836506,2018,298176.2564
6784,Oil_thermal,0.72,-12.31666666,-38.76666666,2018,214686.9046
6788,Oil_thermal,1,-23.05394902,-45.60452672,2018,219785.7226
6792,Oil_thermal,1,-23.11301364,-47.21746855,2018,219785.7226
6796,Oil_thermal,1.64,-12.78704652,-38.40328509,2018,489009.0605
6800,Oil_thermal,2.8,-22.72372194,-47.64684611,2018,615400.0232
6804,Oil_thermal,0.288,-23.93373694,-46.33137111,2018,63298.2881
6808,Oil_thermal,0.288,-23.65989855,-46.52886788,2018,63298.2881
6812,Oil_thermal,0.36,-23.71030389,-46.55025694,2018,79122.86013
6816,Oil_thermal,0.368,-15.79408695,-47.887905,2018,80881.14591
6820,Oil_thermal,2.72,-23.65463004,-45.43810408,2018,597817.1654
6824,Oil_thermal,2.72,-23.46663736,-46.5811782,2018,597817.1654
6828,Oil_thermal,0.208,-23.54350966,-46.62664566,2018,45715.4303
6832,Oil_thermal,2.24,-23.65989855,-46.52886788,2018,492320.0186
6836,Oil_thermal,2.08,-23.54350966,-46.62664566,2018,457154.303
6840,Oil_thermal,0.288,-23.54329314,-46.68316284,2018,63298.2881
6844,Oil_thermal,0.52,-23.50656522,-46.86664566,2018,114288.5757
6848,Oil_thermal,0.4,-23.09056944,-45.92853888,2018,87914.28903
6852,Oil_thermal,0.704,-23.54350966,-46.62664566,2018,154729.1487
6856,Oil_thermal,0.9,-23.30488,-45.96959305,2018,197807.1503
6860,Oil_thermal,0.8,-5.88468683,-35.21329932,2018,238541.0051
6864,Oil_thermal,0.56,-12.90755402,-38.46167397,2018,166978.7036
6868,Oil_thermal,0.062,-23.30128744,-45.95636788,2018,13626.7148
6872,Oil_thermal,1.12,-23.54350966,-46.62664566,2018,246160.0093
6876,Oil_thermal,1.0176,-23.65989855,-46.52886788,2018,223653.9513
6880,Oil_thermal,0.56,-23.50890194,-46.87465305,2018,123080.0046
6884,Oil_thermal,1.92,-23.47746263,-46.64557723,2018,421988.5873
6888,Oil_thermal,0.56,-23.64734966,-46.84203455,2018,123080.0046
6892,Oil_thermal,0.56,-23.64731306,-46.85086,2018,123080.0046
6896,Oil_thermal,1.12,-23.51055555,-46.90944444,2018,246160.0093
6900,Oil_thermal,0.065,-23.17517633,-45.87775677,2018,14286.07197
6904,Oil_thermal,0.044,-23.10066389,-45.70773,2018,9670.571793
6908,Oil_thermal,1.68,-22.87665194,-43.227875,2018,369240.0139
6912,Oil_thermal,0.508,-26.30444444,-48.84555556,2018,233089.6778
6916,Oil_thermal,0.11,-23.58797633,-46.66442344,2018,24176.42948
6924,Oil_thermal,4.0496,-23.46638889,-46.86527777,2018,890044.2621
6928,Oil_thermal,0.06,-23.09057,-45.92854,2018,13187.14335
6932,Oil_thermal,2.7,-22.77307911,-47.36595955,2018,593421.451
6936,Oil_thermal,0.644,-22.81722222,-43.23694444,2018,141542.0053
6940,Oil_thermal,0.6813,-23.58083333,-46.67888889,2018,149740.0128
6944,Oil_thermal,1.68,-28.25600968,-52.40303454,2018,770847.7532
6948,Oil_thermal,10,-23.64618484,-46.63857317,2018,2197857.226
6956,Oil_thermal,0.52,-18.885,-48.25861111,2018,114288.5757
6960,Oil_thermal,0.08,-23.58555557,-46.74055554,2018,17582.85781
6964,Oil_thermal,0.168,-28.51778755,-49.3208391,2018,77084.77532
6968,Oil_thermal,0.0424,-23.68416667,-46.45944447,2018,9318.914637
6972,Oil_thermal,0.2416,-21.39593911,-45.16385007,2018,53100.23057
6976,Oil_thermal,0.2416,-21.37209999,-45.30692776,2018,53100.23057
6980,Oil_thermal,0.2416,-21.38177855,-45.34894406,2018,53100.23057
6984,Oil_thermal,0.5136,-19.36769435,-45.26982094,2018,112881.9471
6988,Oil_thermal,0.0624,-23.21799308,-45.90749205,2018,13714.62909
6992,Oil_thermal,0.8,-18.98573189,-47.46720122,2018,175828.5781
6996,Oil_thermal,3.65,-22.71861111,-46.78555556,2018,802217.8874
7000,Oil_thermal,3.8744,-23.52585953,-46.67860641,2018,851537.8036
7004,Oil_thermal,0.368,-10.98050353,-37.04517626,2018,109728.8624
7008,Oil_thermal,0.0026,-29.176425,-54.848741,2018,1192.978666
7024,Oil_thermal,6.72,-9.70083333,-64.51916667,2018,1476960.056
7028,Oil_thermal,18,-10.2125,-63.82944444,2018,3956143.006
7032,Oil_thermal,3.52,-10.56805555,-63.60722222,2018,773645.7435
7036,Oil_thermal,12,-9.36333333,-62.58555555,2018,2637428.671
7040,Oil_thermal,15,-9.41638889,-61.99472222,2018,3296785.839
7044,Oil_thermal,4.84,-9.73777773,-66.60611112,2018,1063762.897
7048,Oil_thermal,4.84,-9.86388889,-62.16583333,2018,1063762.897
7052,Oil_thermal,4.84,-9.77194444,-66.3425,2018,1063762.897
7056,Oil_thermal,9.2,-9.65085866,-65.72997307,2018,2022028.648
7060,Oil_thermal,0.88,-12.23028539,-60.68947998,2018,193411.4359
7064,Oil_thermal,0.88,-12.13177694,-61.85307694,2018,193411.4359
7068,Oil_thermal,2.2,-11.00471129,-60.84337837,2018,483528.5897
7072,Oil_thermal,0.26,-18.94861827,-47.00763568,2018,57144.28787
7076,Oil_thermal,12.51,3.83310848,-51.83660567,2018,3481781.117
7080,Oil_thermal,5.44,-24.55867975,-54.10295871,2018,2496078.439
7088,Oil_thermal,0.508,-19.29862078,-48.927979,2018,111651.1471
7092,Oil_thermal,0.18,-19.59583333,-46.93152777,2018,39561.43006
7096,Oil_thermal,1,-28.92378666,-49.67414555,2018,458837.9483
7100,Oil_thermal,0.204,-21.14944444,-42.93888889,2018,44836.28741
7104,Oil_thermal,4,-23.59517566,-46.68803455,2018,879142.8903
7108,Oil_thermal,0.8,-7.16872222,-34.899,2018,238541.0051
7112,Oil_thermal,0.96,-26.76073188,-49.15775677,2018,440484.4304
7116,Oil_thermal,0.972,-27.00156522,-49.36386789,2018,445990.4858
7120,Oil_thermal,2.4,-23.41656522,-47.15275678,2018,527485.7342
7128,Oil_thermal,3.2,-22.59555556,-48.78694444,2018,703314.3122
7136,Oil_thermal,0.08,-28.605555,-49.402222,2018,36707.03587
7140,Oil_thermal,3.2,-22.80613611,-43.2582,2018,703314.3122
7144,Oil_thermal,0.72,-12.88519445,-38.30861111,2018,214686.9046
7148,Oil_thermal,1,-12.91586111,-38.44313889,2018,298176.2564
7152,Oil_thermal,0.8,-10.94608333,-37.04866665,2018,238541.0051
7156,Oil_thermal,3.421,-21.32694444,-46.7425,2018,751886.9569
7160,Oil_thermal,1.44,-12.97916667,-38.46972222,2018,429373.8092
7164,Oil_thermal,1.08,-12.99138889,-38.44861111,2018,322030.3569
7168,Oil_thermal,0.5,-12.23083333,-38.95888889,2018,149088.1282
7172,Oil_thermal,0.576,-12.2575,-38.96666667,2018,171749.5237
7180,Oil_thermal,1.08,-9.63119444,-35.69991667,2018,322030.3569
7184,Oil_thermal,0.72,-10.90777778,-37.08583333,2018,214686.9046
7188,Oil_thermal,1.08,-9.64888888,-35.70583332,2018,322030.3569
7196,Oil_thermal,2,-21.84376945,-46.49227777,2018,439571.4452
7200,Oil_thermal,0.12,-21.78141111,-46.60638055,2018,26374.28671
7204,Oil_thermal,0.72,-12.94950001,-38.47783332,2018,214686.9046
7208,Oil_thermal,0.36,-19.96944444,-43.965,2018,79122.86013
7212,Oil_thermal,0.6056,-20.85653028,-41.09382201,2018,133102.2336
7216,Oil_thermal,0.96,-19.95416667,-43.94,2018,210994.2937
7220,Oil_thermal,0.6,-14.80988889,-39.03533333,2018,178905.7539
7224,Oil_thermal,0.1,-21.78141111,-46.60638055,2018,21978.57226
7228,Oil_thermal,2.24,-21.126843,-48.96275678,2018,492320.0186
7232,Oil_thermal,0.4,-13.8595,-40.07547222,2018,119270.5026
7236,Oil_thermal,0.136,-19.94555556,-43.93916667,2018,29890.85827
7240,Oil_thermal,0.088,-19.94355556,-43.94594444,2018,19341.14359
7244,Oil_thermal,0.576,-10.995,-37.065,2018,171749.5237
7248,Oil_thermal,0.508,-19.96394444,-43.95563889,2018,111651.1471
7252,Oil_thermal,1.08,-10.9413889,-37.05805555,2018,322030.3569
7256,Oil_thermal,1.8016,-23.58223188,-46.67361789,2018,395965.9578
7260,Oil_thermal,2.48,-6.84239855,-51.42359011,2018,690233.1871
7264,Oil_thermal,0.368,-20.06311111,-43.9795,2018,80881.14591
7268,Oil_thermal,0.72,-23.58667633,-46.67928455,2018,158245.7203
7272,Oil_thermal,1.416,-23.62881522,-46.70150678,2018,311216.5832
7280,Oil_thermal,0.704,-23.95378744,-46.32220122,2018,154729.1487
7284,Oil_thermal,0.904,-23.66517633,-46.56581233,2018,198686.2932
7288,Oil_thermal,0.1,-9.38980555,-40.4885,2018,29817.62564
7292,Oil_thermal,0.36,-9.41305556,-40.50658333,2018,107343.4523
7296,Oil_thermal,0.72,-25.45777778,-49.27083333,2018,330363.3228
7308,Oil_thermal,0.72,-14.86761111,-40.82211111,2018,214686.9046
7312,Oil_thermal,0.48,-9.75572222,-36.66413889,2018,143124.6031
7316,Oil_thermal,2.16,-20.46334167,-54.59180833,2018,474737.1608
7320,Oil_thermal,2.8992,-29.1775,-51.21944444,2018,1330262.98
7324,Oil_thermal,2.5,-23.28611111,-51.15111111,2018,1147094.871
7328,Oil_thermal,0.544,-22.89267633,-43.11414566,2018,119563.4331
7332,Oil_thermal,1.53,-12.93666667,-38.395,2018,456209.6723
7336,Oil_thermal,2.64,-27.11472179,-48.94588306,2018,1211332.184
7340,Oil_thermal,0.508,-26.90806522,-48.925729,2018,233089.6778
7344,Oil_thermal,0.496,-25.45777773,-49.2708334,2018,227583.6224
7348,Oil_thermal,0.52,-21.78083333,-43.35944444,2018,114288.5757
7352,Oil_thermal,0.704,-23.48944437,-47.4444439,2018,154729.1487
7356,Oil_thermal,0.36,-23.00857222,-47.02156111,2018,79122.86013
7360,Oil_thermal,0.128,-23.57861105,-48.03722207,2018,28132.57249
7364,Oil_thermal,1.08,-23.53027758,-47.46388904,2018,237368.5804
7368,Oil_thermal,0.736,-9.42133333,-40.50080556,2018,219457.7247
7372,Oil_thermal,0.24,-21.77743582,-46.59689949,2018,52748.57342
7376,Oil_thermal,1.824,-26.55536944,-49.12963056,2018,836920.4178
7380,Oil_thermal,0.72,-23.18573187,-46.86692345,2018,158245.7203
7384,Oil_thermal,2.512,-15.624825,-56.08677778,2018,552101.7351
7388,Oil_thermal,0.14,-23.64502464,-46.58192476,2018,30770.00116
7392,Oil_thermal,0.4,-14.79976063,-39.28952217,2018,119270.5026
7396,Oil_thermal,0.288,-26.89971025,-49.01036652,2018,132145.3291
7400,Oil_thermal,0.14,-23.64320833,-46.58409444,2018,30770.00116
7404,Oil_thermal,0.704,-23.64295411,-46.52470122,2018,154729.1487
7408,Oil_thermal,0.5382,-5.82739855,-35.17275678,2018,160478.4612
7412,Oil_thermal,0.72,-23.61333365,-46.5780557,2018,158245.7203
7416,Oil_thermal,0.352,-23.57290493,-46.65491022,2018,77364.57435
7420,Oil_thermal,0.42,-23.62912778,-46.54394722,2018,92310.00348
7424,Oil_thermal,0.19,-26.90105555,-49.24144444,2018,87179.21018
7428,Oil_thermal,0.4,-22.60402854,-42.1568138,2018,87914.28903
7432,Oil_thermal,0.22,-23.64497928,-46.58213493,2018,48352.85897
7436,Oil_thermal,0.208,-15.57656944,-56.07211944,2018,45715.4303
7440,Oil_thermal,0.6,-8.76641389,-63.884125,2018,131871.4335
7444,Oil_thermal,1.44,-23.5879166,-46.68222264,2018,316491.4405
7448,Oil_thermal,0.405,-25.43517633,-49.27220121,2018,185829.3691
7452,Oil_thermal,0.4,-19.75638889,-47.91499999,2018,87914.28903
7456,Oil_thermal,0.56,-11.84954722,-55.50910556,2018,123080.0046
7460,Oil_thermal,0.72,-28.29586472,-52.74336667,2018,330363.3228
7464,Oil_thermal,0.288,-11.84358056,-55.49358056,2018,63298.2881
7468,Oil_thermal,0.352,-19.74361111,-47.93222222,2018,77364.57435
7472,Oil_thermal,1.4592,-2.53333333,-44.225,2018,406124.3011
7476,Oil_thermal,0.32,-19.80861111,-43.17888889,2018,70331.43122
7480,Oil_thermal,1.28,-22.37010664,-47.38070198,2018,281325.7249
7484,Oil_thermal,0.32,-19.61888889,-44.04166667,2018,70331.43122
7488,Oil_thermal,4.3768,-23.37356385,-46.02785816,2018,961958.1506
7492,Oil_thermal,1.2,-29.22837726,-51.35834994,2018,550605.538
7496,Oil_thermal,0.7248,-21.59976966,-46.87013455,2018,159300.6917
7500,Oil_thermal,1.2,-12.89053055,-38.31634722,2018,357811.5077
7504,Oil_thermal,2.8,-23.41628744,-51.96109011,2018,1284746.255
7508,Oil_thermal,1.408,-23.96222226,-46.37972218,2018,309458.2974
7512,Oil_thermal,0.368,-20.06144445,-43.97502778,2018,80881.14591
7516,Oil_thermal,2.4,-19.63805556,-44.01388889,2018,527485.7342
7520,Oil_thermal,0.8,-11.89306944,-55.50483889,2018,175828.5781
7524,Oil_thermal,0.736,-12.25861111,-38.95777778,2018,219457.7247
7528,Oil_thermal,0.544,-23.26527785,-47.27999994,2018,119563.4331
7532,Oil_thermal,0.144,-16.47253846,-54.60826229,2018,31649.14405
7536,Oil_thermal,0.508,-22.42633333,-45.46286111,2018,111651.1471
7540,Oil_thermal,0.352,-19.47055556,-44.25083333,2018,77364.57435
7544,Oil_thermal,0.72,-11.67233333,-39.00169444,2018,214686.9046
7548,Oil_thermal,0.1,-16.6547371,-49.3305996,2018,21978.57226
7552,Oil_thermal,1.4784,-29.23105972,-51.3580404,2018,678346.0228
7556,Oil_thermal,0.508,-18.90455556,-48.29383333,2018,111651.1471
7560,Oil_thermal,1.24,-25.52468967,-49.32917539,2018,568959.0559
7564,Oil_thermal,0.508,-21.58972222,-45.43638889,2018,111651.1471
7568,Oil_thermal,0.168,-19.46472226,-44.24249999,2018,36924.00139
7572,Oil_thermal,0.208,-23.59325278,-46.63515833,2018,45715.4303
7580,Oil_thermal,0.72,-9.61166667,-35.71972221,2018,214686.9046
7584,Oil_thermal,0.424,-26.23,-49.34583333,2018,194547.2901
7588,Oil_thermal,0.36,-23.18722248,-46.88833298,2018,79122.86013
7592,Oil_thermal,0.32,-19.62388889,-43.22166667,2018,70331.43122
7596,Oil_thermal,0.184,-15.60509722,-56.12513888,2018,40440.57295
7600,Oil_thermal,0.352,-15.72268054,-55.13904999,2018,77364.57435
7604,Oil_thermal,0.284,-15.55336113,-56.05776981,2018,62419.14521
7608,Oil_thermal,0.508,-22.23383333,-45.9291111,2018,111651.1471
7612,Oil_thermal,0.084,-15.88748889,-52.256625,2018,18462.0007
7616,Oil_thermal,0.352,-16.71972222,-43.85944444,2018,77364.57435
7620,Oil_thermal,0.508,-19.76583333,-47.94944444,2018,111651.1471
7624,Oil_thermal,0.288,-19.53972222,-42.64805556,2018,63298.2881
7628,Oil_thermal,0.76,-21.18180559,-42.60622193,2018,167037.1492
7632,Oil_thermal,0.324,-18.92194444,-48.2825,2018,71210.57411
7636,Oil_thermal,0.208,-16.46338611,-54.64011944,2018,45715.4303
7640,Oil_thermal,1.3512,-23.72305556,-46.54333333,2018,296974.4683
7644,Oil_thermal,0.508,-19.74575,-47.93863889,2018,111651.1471
7648,Oil_thermal,0.508,-16.73347222,-43.84591666,2018,111651.1471
7652,Oil_thermal,0.208,-15.558575,-56.04972778,2018,45715.4303
7656,Oil_thermal,0.508,-21.56,-45.4425,2018,111651.1471
7660,Oil_thermal,0.76,-20.35194444,-40.29833333,2018,167037.1492
7664,Oil_thermal,0.324,-18.59583333,-46.51777778,2018,71210.57411
7668,Oil_thermal,0.352,-18.89472223,-48.27333333,2018,77364.57435
7672,Oil_thermal,0.508,-21.79055555,-46.5675,2018,111651.1471
7676,Oil_thermal,0.16,-15.64429722,-56.125275,2018,35165.71561
7680,Oil_thermal,0.84,-27.84725667,-53.37946167,2018,385423.8766
7684,Oil_thermal,0.4,-15.62072222,-56.07278333,2018,87914.28903
7688,Oil_thermal,0.168,-19.57583333,-42.64277778,2018,36924.00139
7692,Oil_thermal,0.44,-21.14508861,-47.78382278,2018,96705.71793
7696,Oil_thermal,1.44,-22.4888455,-47.39027955,2018,316491.4405
7700,Oil_thermal,0.264,-18.93,-48.27694444,2018,58023.43076
7704,Oil_thermal,0.32,-21.78833333,-46.54611111,2018,70331.43122
7708,Oil_thermal,0.184,-19.56666667,-44.07611111,2018,40440.57295
7712,Oil_thermal,1.8248,-22.96055556,-43.3875,2018,401064.9866
7716,Oil_thermal,0.352,-18.92888889,-48.24305555,2018,77364.57435
7720,Oil_thermal,0.168,-19.47491667,-42.54908333,2018,36924.00139
7724,Oil_thermal,0.4,-18.64555555,-48.18666666,2018,87914.28903
7728,Oil_thermal,0.4,-18.58575,-46.51288889,2018,87914.28903
7732,Oil_thermal,0.3648,-19.48,-42.52611111,2018,80177.8316
7736,Oil_thermal,0.4,-18.88661111,-48.25147222,2018,87914.28903
7740,Oil_thermal,0.508,-18.91230556,-48.27202778,2018,111651.1471
7744,Oil_thermal,0.324,-18.95125,-48.23797222,2018,71210.57411
7748,Oil_thermal,0.508,-18.95416667,-46.99527778,2018,111651.1471
7752,Oil_thermal,1.7736,-25.43888889,-49.2675,2018,813794.9852
7756,Oil_thermal,0.4,-19.76327778,-47.93602778,2018,87914.28903
7760,Oil_thermal,0.508,-16.72277778,-43.86833333,2018,111651.1471
7764,Oil_thermal,1.052,-22.36630046,-47.38093806,2018,231214.5802
7768,Oil_thermal,0.4,-10.1433333,-48.29500007,2018,111327.9334
7772,Oil_thermal,2.2,-22.885,-43.28472222,2018,483528.5897
7776,Oil_thermal,0.312,-19.88972222,-43.96805556,2018,68573.14544
7780,Oil_thermal,0.24,-19.47333333,-44.27111111,2018,52748.57342
7784,Oil_thermal,0.7248,-21.23372294,-50.44480471,2018,159300.6917
7788,Oil_thermal,0.32,-21.40692471,-42.67656106,2018,70331.43122
7792,Oil_thermal,0.48,-19.51,-42.63055555,2018,105497.1468
7796,Oil_thermal,0.4,-19.45575,-44.24994444,2018,87914.28903
7800,Oil_thermal,2.592,-25.43888889,-49.2675,2018,1189307.962
7804,Oil_thermal,0.5,-15.57221908,-56.07834765,2018,109892.8613
7808,Oil_thermal,4.14,-20.93355555,-48.48238889,2018,909912.8915
7812,Oil_thermal,0.92,-15.17777778,-47.74222222,2018,202202.8648
7816,Oil_thermal,0.248,-16.71672222,-43.86327779,2018,54506.8592
7820,Oil_thermal,0.4,-17.21513889,-46.87883333,2018,87914.28903
7824,Oil_thermal,0.508,-17.74505556,-48.62297222,2018,111651.1471
7828,Oil_thermal,0.28273,-22.92712078,-47.06886788,2018,62140.01734
7832,Oil_thermal,0.184,-7.19416667,-48.19583333,2018,51210.84937
7836,Oil_thermal,1.088,-26.70599667,-49.16321333,2018,499215.6878
7840,Oil_thermal,0.248,-19.47624855,-46.52351039,2018,54506.8592
7844,Oil_thermal,0.26,-7.19132889,-48.208705,2018,72363.15672
7848,Oil_thermal,0.204,-11.85756389,-55.49348611,2018,44836.28741
7852,Oil_thermal,0.496,-10.14638897,-48.35749992,2018,138046.6374
7856,Oil_thermal,0.092,-10.29388916,-48.17222365,2018,25605.42468
7860,Oil_thermal,0.096,-7.15583333,-48.18861111,2018,26718.70402
7864,Oil_thermal,1.52,-26.90555555,-48.82333333,2018,697433.6815
7868,Oil_thermal,0.12,-7.18805555,-48.19944444,2018,33398.38002
7872,Oil_thermal,0.4,-8.8669492,-48.48608076,2018,111327.9334
7876,Oil_thermal,1.12,-10.28749843,-48.29555556,2018,311718.2135
7880,Oil_thermal,0.184,-6.33111111,-47.42083333,2018,51210.84937
7884,Oil_thermal,0.184,-10.16694707,-48.87610711,2018,51210.84937
7888,Oil_thermal,0.32,-18.93834855,-46.98754011,2018,70331.43122
7892,Oil_thermal,0.4,-17.33797222,-44.92438889,2018,87914.28903
7896,Oil_thermal,0.36,-22.97055556,-46.99583333,2018,79122.86013
7900,Oil_thermal,0.32,-18.92777778,-48.29888888,2018,70331.43122
7904,Oil_thermal,0.48,-19.46175,-42.53505556,2018,105497.1468
7908,Oil_thermal,2,-12.57972222,-60.90666667,2018,439571.4452
7912,Oil_thermal,3,-20.50321137,-43.91684278,2018,659357.1677
7916,Oil_thermal,4.928,-16.63416667,-49.33,2018,1083104.041
7920,Oil_thermal,2.128,-20.27055555,-45.62305555,2018,467704.0176
7924,Oil_thermal,0.464,-19.83294419,-44.08416671,2018,101980.5753
7928,Oil_thermal,0.288,-7.19132889,-48.208705,2018,80156.11205
7932,Oil_thermal,0.64,-22.72111119,-47.64611128,2018,140662.8624
7936,Oil_thermal,0.5504,-19.82111127,-43.9472222,2018,120970.0617
7940,Oil_thermal,0.508,-21.2441389,-44.99744444,2018,111651.1471
7944,Oil_thermal,0.508,-18.91247222,-48.32627778,2018,111651.1471
7948,Oil_thermal,0.8,-21.74444446,-54.51722222,2018,175828.5781
7952,Oil_thermal,0.144,-26.74913,-49.27237889,2018,66072.66456
7956,Oil_thermal,0.084,-19.94588889,-43.93919444,2018,18462.0007
7960,Oil_thermal,0.4,-18.16975,-47.9545,2018,87914.28903
7964,Oil_thermal,0.36,-17.54230555,-39.74130556,2018,107343.4523
7968,Oil_thermal,0.32,-16.74166667,-43.86944445,2018,70331.43122
7972,Oil_thermal,0.704,-21.98548189,-42.23817344,2018,154729.1487
7976,Oil_thermal,3.12,-20.11697472,-44.21414222,2018,685731.4544
7980,Oil_thermal,0.856,-19.92378744,-43.94006233,2018,188136.5785
7984,Oil_thermal,0.1,-19.49444444,-44.2625,2018,21978.57226
7988,Oil_thermal,1.104,-20.16017633,-44.90914566,2018,242643.4377
7992,Oil_thermal,1.2,-9.42525,-40.5055,2018,357811.5077
7996,Oil_thermal,1.44,-19.45444445,-44.22555556,2018,316491.4405
8004,Oil_thermal,2.24,-18.86277778,-41.80611111,2018,492320.0186
8008,Oil_thermal,1.2,-12.90058334,-38.33255554,2018,357811.5077
8012,Oil_thermal,2,-19.54878741,-44.06636786,2018,439571.4452
8016,Oil_thermal,0.52,-18.75288889,-44.426,2018,114288.5757
8020,Oil_thermal,0.4,-23.86521546,-46.41763738,2018,87914.28903
8024,Oil_thermal,0.5448,-26.88638829,-48.73697305,2018,249974.9142
8028,Oil_thermal,0.648,-20.06206522,-44.60414566,2018,142421.1482
8032,Oil_thermal,0.4,-23.86521546,-46.41763738,2018,87914.28903
8036,Oil_thermal,0.208,-19.42726596,-44.19276793,2018,45715.4303
8040,Oil_thermal,0.4,-16.69489499,-54.68584952,2018,87914.28903
8044,Oil_thermal,0.728,-22.3155,-49.0664,2018,160004.006
8048,Oil_thermal,0.092,-22.77444444,-47.3225,2018,20220.28648
8052,Oil_thermal,0.368,-10.10212077,-48.92331233,2018,102421.6987
8056,Oil_thermal,1,-14.62823189,-57.54025678,2018,219785.7226
8060,Oil_thermal,2,-8.39294444,-34.97122222,2018,596352.5128
8064,Oil_thermal,0.208,-7.17805556,-48.19166667,2018,57890.52537
8068,Oil_thermal,0.16,-10.22361109,-48.35138885,2018,44531.17336
8072,Oil_thermal,0.672,-22.41810681,-45.49505012,2018,147696.0056
8076,Oil_thermal,0.5,-22.91388889,-48.46444445,2018,109892.8613
8080,Oil_thermal,0.4,-7.19888889,-48.21694445,2018,111327.9334
8084,Oil_thermal,0.8,-12.94475,-38.45966667,2018,238541.0051
8088,Oil_thermal,0.36,-29.86249029,-51.18045629,2018,165181.6614
8092,Oil_thermal,0.36,-25.39008233,-49.18767705,2018,165181.6614
8100,Oil_thermal,0.72,-19.56888863,-44.07805544,2018,158245.7203
8104,Oil_thermal,1.2,-23.75874,-46.5812,2018,263742.8671
8108,Oil_thermal,0.72,-12.24927778,-38.95525,2018,214686.9046
8112,Oil_thermal,1.3648,-23.11111111,-45.68583333,2018,299963.5542
8116,Oil_thermal,0.8,-23.28528549,-51.31145548,2018,367070.3587
8120,Oil_thermal,0.208,-19.44388889,-44.23944444,2018,45715.4303
8124,Oil_thermal,2.756,-23.67222222,-46.68666667,2018,605729.4514
8128,Oil_thermal,1.44,-21.16333333,-47.815,2018,316491.4405
8132,Oil_thermal,0.8,-31.40194444,-53.90166666,2018,367070.3587
8136,Oil_thermal,2.1888,-20.44271941,-45.13036638,2018,481066.9896
8140,Oil_thermal,1.8248,-19.88028466,-46.84444566,2018,401064.9866
8144,Oil_thermal,1.44,-23.48611111,-47.47194445,2018,316491.4405
8148,Oil_thermal,0.4,-5.07307778,-37.71548611,2018,119270.5026
8152,Oil_thermal,0.4,-16.44613536,-54.66734557,2018,87914.28903
8156,Oil_thermal,3.024,-22.82333333,-43.31972222,2018,664632.0251
8160,Oil_thermal,0.32,-19.44366666,-42.55616667,2018,70331.43122
8164,Oil_thermal,0.368,-21.15484456,-42.21301898,2018,80881.14591
8168,Oil_thermal,1.8248,-18.16253222,-47.90849778,2018,401064.9866
8172,Oil_thermal,1.2,-22.39305556,-41.80777778,2018,263742.8671
8176,Oil_thermal,2.5392,-19.95138889,-44.01166667,2018,558079.9068
8180,Oil_thermal,0.8,-23.83789167,-46.37689444,2018,175828.5781
8184,Oil_thermal,1.6,-20.27839389,-40.24133389,2018,351657.1561
8188,Oil_thermal,1.28,-1.45583333,-48.50444444,2018,356249.3869
8192,Oil_thermal,2.56,-20.26401161,-40.24306344,2018,562651.4498
8196,Oil_thermal,0.288,-22.98166667,-47.01277778,2018,63298.2881
8200,Oil_thermal,3.22,-20.26142566,-40.24728755,2018,707710.0267
8204,Oil_thermal,0.144,-22.75512765,-47.42276117,2018,31649.14405
8208,Oil_thermal,0.144,-22.28352389,-46.38008111,2018,31649.14405
8212,Oil_thermal,0.423,-23.21027776,-47.28305554,2018,92969.36065
8216,Oil_thermal,1.2112,-23.57625,-51.42383333,2018,555744.523
8220,Oil_thermal,0.4,-22.79091111,-47.29346944,2018,87914.28903
8224,Oil_thermal,0.4,-22.82405411,-47.07158733,2018,87914.28903
8228,Oil_thermal,0.56,-22.58601944,-47.157775,2018,123080.0046
8232,Oil_thermal,0.184,-22.7246,-47.36256944,2018,40440.57295
8236,Oil_thermal,0.48,-22.2649,-45.93997,2018,105497.1468
8240,Oil_thermal,0.64,-10.85077778,-37.07888888,2018,190832.8041
8244,Oil_thermal,2.4,-19.92663889,-43.95786112,2018,527485.7342
8248,Oil_thermal,0.72,-21.56194444,-49.84388889,2018,158245.7203
8252,Oil_thermal,0.72,-19.56416389,-46.98637222,2018,158245.7203
8256,Oil_thermal,3.15,-23.6625,-46.50611111,2018,692325.0261
8260,Oil_thermal,0.72,-1.45003088,-48.488338,2018,200390.2801
8264,Oil_thermal,0.144,-22.25333,-45.70398806,2018,31649.14405
8268,Oil_thermal,0.24,-22.78088056,-47.141975,2018,52748.57342
8272,Oil_thermal,0.32,-22.32024332,-49.06801871,2018,70331.43122
8276,Oil_thermal,0.704,-20.32138889,-40.33777778,2018,154729.1487
8280,Oil_thermal,0.56,-22.84721111,-47.212425,2018,123080.0046
8284,Oil_thermal,0.48,-22.79187778,-47.29477778,2018,105497.1468
8288,Oil_thermal,0.4,-22.90066111,-47.172625,2018,87914.28903
8296,Oil_thermal,0.72,-30.03472222,-51.18916667,2018,330363.3228
8300,Oil_thermal,0.6,-3.75194445,-38.50722222,2018,178905.7539
8304,Oil_thermal,1.0944,-19.29862078,-49.65053454,2018,502152.2507
8308,Oil_thermal,0.416,-15.59777778,-56.09166667,2018,91430.86059
8312,Oil_thermal,3,-22.99805555,-43.60611111,2018,659357.1677
8316,Oil_thermal,1.12,-11.72722222,-61.72444444,2018,246160.0093
8320,Oil_thermal,1.7978,-27.595,-48.54861111,2018,824898.8635
8324,Oil_thermal,3.264,-21.84989856,-47.46970122,2018,717380.5985
8328,Oil_thermal,1.08,-12.97694444,-38.5075,2018,322030.3569
8332,Oil_thermal,0.48,-20.45833333,-54.61333334,2018,105497.1468
8336,Oil_thermal,2.144,-15.79639498,-47.88917352,2018,471220.5892
8340,Oil_thermal,0.848,-18.62052778,-46.56616667,2018,186378.2927
8344,Oil_thermal,0.22,-29.165,-51.18055556,2018,100944.3486
8348,Oil_thermal,0.044,-29.68632611,-51.128605,2018,20188.86973
8352,Oil_thermal,1.32,-8.06276195,-34.88894194,2018,393592.6585
8356,Oil_thermal,0.48,-22.92986667,-47.09373333,2018,105497.1468
8360,Oil_thermal,0.208,-20.14175,-44.88655556,2018,45715.4303
8364,Oil_thermal,0.4,-22.71688333,-47.29474444,2018,87914.28903
8368,Oil_thermal,0.4,-23.29038056,-47.67868056,2018,87914.28903
8372,Oil_thermal,0.292,-20.14777778,-44.89177778,2018,64177.43099
8376,Oil_thermal,0.72,-2.53064111,-44.29401,2018,200390.2801
8380,Oil_thermal,0.576,-20.14327778,-44.89972222,2018,126596.5762
8384,Oil_thermal,0.72,-20.46796171,-54.60499167,2018,158245.7203
8388,Oil_thermal,0.36,-19.39740552,-40.06214719,2018,79122.86013
8392,Oil_thermal,0.24,-22.73018889,-47.34210556,2018,52748.57342
8396,Oil_thermal,0.636,-5.84194444,-35.21138889,2018,189640.0991
8400,Oil_thermal,0.208,-20.12466668,-44.88469444,2018,45715.4303
8404,Oil_thermal,0.352,-10.1925,-48.335,2018,97968.5814
8408,Oil_thermal,0.368,-20.469,-45.43052778,2018,80881.14591
8412,Oil_thermal,0.352,-21.75333333,-43.35027778,2018,77364.57435
8416,Oil_thermal,0.8,-3.73638889,-38.49972222,2018,238541.0051
8420,Oil_thermal,0.279,-22.89222222,-43.12472222,2018,61320.2166
8424,Oil_thermal,3.648,-14.86611112,-40.83944442,2018,1087746.983
8428,Oil_thermal,0.1,-29.68465556,-53.80859583,2018,45883.79483
8432,Oil_thermal,0.368,-19.86341667,-44.60036111,2018,80881.14591
8436,Oil_thermal,0.16,-19.60563889,-46.94041667,2018,35165.71561
8440,Oil_thermal,0.292,-20.02666667,-45.53611113,2018,64177.43099
8444,Oil_thermal,0.368,-20.06952778,-44.57905555,2018,80881.14591
8448,Oil_thermal,0.56,-22.67974167,-47.67751111,2018,123080.0046
8452,Oil_thermal,0.4,-22.73000833,-47.31276389,2018,87914.28903
8456,Oil_thermal,0.184,-19.59838886,-46.93725004,2018,40440.57295
8460,Oil_thermal,0.12,-20.08877779,-45.28980559,2018,26374.28671
8464,Oil_thermal,0.176,-15.7025,-47.89361111,2018,38682.28717
8468,Oil_thermal,1.2,-8.06276194,-34.88894194,2018,357811.5077
8472,Oil_thermal,1.08,-26.11583333,-50.30805556,2018,495544.9842
8476,Oil_thermal,0.36,-12.99861111,-38.46638889,2018,107343.4523
8480,Oil_thermal,0.144,-20.13908333,-44.87430556,2018,31649.14405
8484,Oil_thermal,0.4,-20.15788889,-44.90472222,2018,87914.28903
8488,Oil_thermal,0.4,-15.6025,-47.681575,2018,87914.28903
8492,Oil_thermal,0.208,-20.729195,-46.60555478,2018,45715.4303
8496,Oil_thermal,0.368,-20.69172221,-44.82625,2018,80881.14591
8500,Oil_thermal,0.144,-20.13275002,-44.91425001,2018,31649.14405
8504,Oil_thermal,0.316,-17.05244609,-48.95714505,2018,69452.28833
8508,Oil_thermal,4.44,-1.44627242,-48.48970473,2018,1235740.061
8512,Oil_thermal,2.736,-1.36555556,-48.37222222,2018,761483.0645
8516,Oil_thermal,0.12,-20.07522136,-44.57305482,2018,26374.28671
8520,Oil_thermal,2.748,-19.916843,-43.92831233,2018,603971.1656
8524,Oil_thermal,0.496,-20.11577777,-44.8915,2018,109013.7184
8528,Oil_thermal,0.144,-21.57360583,-45.44009472,2018,31649.14405
8532,Oil_thermal,2.748,-13.82888889,-56.08222222,2018,603971.1656
8536,Oil_thermal,0.36,-26.89239856,-49.11164566,2018,165181.6614
8540,Oil_thermal,0.96,-12.6975,-38.32416667,2018,286249.2062
8544,Oil_thermal,4.8,-23.56388888,-46.64722222,2018,1054971.468
8548,Oil_thermal,0.368,-21.2589826,-44.97856186,2018,80881.14591
8552,Oil_thermal,0.144,-22.23030306,-45.93714389,2018,31649.14405
8556,Oil_thermal,2.4,-22.41972222,-44.29027778,2018,527485.7342
8560,Oil_thermal,3.395,-22.94111111,-47.15,2018,746172.5281
8564,Oil_thermal,1.524,-2.526843,-44.29720122,2018,424159.4263
8568,Oil_thermal,1.28,-22.74666667,-42.78222222,2018,281325.7249
8572,Oil_thermal,1.76,-25.45805555,-49.25694444,2018,807554.7891
8576,Oil_thermal,3.1056,-7.794343,-34.91664566,2018,926016.1819
8580,Oil_thermal,2.736,-22.83888889,-43.32444444,2018,601333.737
8584,Oil_thermal,0.184,-22.42601083,-45.46189972,2018,40440.57295
8588,Oil_thermal,1.32,-23.59663227,-46.85851202,2018,290117.1538
8592,Oil_thermal,1.092,-22.55527778,-47.36916667,2018,240006.0091
8596,Oil_thermal,0.4264,-23.47250002,-46.53138883,2018,93716.63211
8600,Oil_thermal,2.748,-22.24527778,-45.95888889,2018,603971.1656
8604,Oil_thermal,1.44,-12.43031,-38.94977195,2018,429373.8092
8612,Oil_thermal,1.76,-12.54916667,-38.29722222,2018,524790.2113
8616,Oil_thermal,0.4,-28.84052464,-49.71747625,2018,183535.1793
8620,Oil_thermal,0.8,-23.09152778,-50.37286111,2018,367070.3587
8624,Oil_thermal,1.48,-8.11194444,-34.9325,2018,441300.8595
8628,Oil_thermal,1.944,-22.90444445,-47.0625,2018,427263.4447
8632,Oil_thermal,0.1872,-26.86777778,-49.22805555,2018,85894.46393
8636,Oil_thermal,3.264,-22.82694444,-43.05388889,2018,717380.5985
8640,Oil_thermal,2,-23.68082502,-46.69168776,2018,439571.4452
8644,Oil_thermal,0.1,-19.43555556,-44.22111111,2018,21978.57226
8648,Oil_thermal,2,-24.47583333,-47.82833333,2018,439571.4452
8652,Oil_thermal,0.144,-21.42876555,-45.9415925,2018,31649.14405
8656,Oil_thermal,0.092,-19.94032407,-43.95616058,2018,20220.28648
8660,Oil_thermal,0.496,-22.87665194,-43.227875,2018,109013.7184
8664,Oil_thermal,3.7392,-23.49156522,-47.45109011,2018,821822.7739
8668,Oil_thermal,0.4,-15.65960555,-47.84394445,2018,87914.28903
8672,Oil_thermal,0.368,-21.54027778,-45.44333333,2018,80881.14591
8676,Oil_thermal,1.0992,-22.47795411,-47.44720121,2018,241588.4663
8680,Oil_thermal,0.508,-19.82557384,-44.62580043,2018,111651.1471
8684,Oil_thermal,0.8,-22.95418725,-47.1161617,2018,175828.5781
8688,Oil_thermal,0.8,-22.7522441,-47.38881794,2018,175828.5781
8692,Oil_thermal,0.76,-24.00582998,-46.42763376,2018,167037.1492
8696,Oil_thermal,1.5,-28.91583333,-49.66111112,2018,688256.9225
8700,Oil_thermal,0.8,-21.19480928,-47.75607603,2018,175828.5781
8704,Oil_thermal,0.72,-20.81846099,-49.3728453,2018,158245.7203
8708,Oil_thermal,0.288,-23.48974219,-47.44170167,2018,63298.2881
8712,Oil_thermal,0.248,-22.51805556,-44.10666667,2018,54506.8592
8716,Oil_thermal,4.8,-22.90055555,-43.18805556,2018,1054971.468
8720,Oil_thermal,0.26,-20.14916667,-44.87977778,2018,57144.28787
8724,Oil_thermal,0.144,-20.69983333,-44.8235,2018,31649.14405
8728,Oil_thermal,1.6608,-19.32963056,-40.07009444,2018,365020.1281
8732,Oil_thermal,0.72,-22.67692424,-47.68657349,2018,158245.7203
8736,Oil_thermal,0.4,-23.52556624,-46.81995441,2018,87914.28903
8740,Oil_thermal,0.8,-29.70436471,-53.73931107,2018,367070.3587
8744,Oil_thermal,0.8,-32.06631425,-52.14800023,2018,367070.3587
8748,Oil_thermal,0.3636,-23.52524333,-46.57422,2018,79914.08873
8752,Oil_thermal,3.2,-7.86015833,-34.90966944,2018,954164.0206
8756,Oil_thermal,0.72,-29.80603043,-51.16516294,2018,330363.3228
8760,Oil_thermal,0.8,-15.58636111,-56.08635555,2018,175828.5781
8764,Oil_thermal,0.72,-23.55986118,-46.44722606,2018,158245.7203
8768,Oil_thermal,0.8,-23.54824492,-46.94650595,2018,175828.5781
8772,Oil_thermal,0.72,-5.86610872,-35.21795506,2018,214686.9046
8776,Oil_thermal,0.12,-10.20055555,-48.30694444,2018,33398.38002
8780,Oil_thermal,0.36,-23.49344099,-46.42126675,2018,79122.86013
8784,Oil_thermal,0.8,-29.94499915,-51.01131799,2018,367070.3587
8788,Oil_thermal,0.72,-23.43907212,-46.507135,2018,158245.7203
8792,Oil_thermal,0.368,-19.96783333,-44.21,2018,80881.14591
8796,Oil_thermal,0.531,-23.98281771,-46.26434228,2018,116706.2187
8800,Oil_thermal,0.508,-2.52573179,-44.2933121,2018,141386.4754
8804,Oil_thermal,2.1424,-22.00954167,-47.45011389,2018,470868.932
8808,Oil_thermal,0.8,-31.74090745,-52.36508539,2018,367070.3587
8812,Oil_thermal,0.64,-30.03111111,-51.22694444,2018,293656.2869
8816,Oil_thermal,0.64,-9.65722222,-35.73611111,2018,190832.8041
8820,Oil_thermal,0.72,-22.18064842,-49.96970146,2018,158245.7203
8824,Oil_thermal,1,-23.49600028,-46.45616639,2018,219785.7226
8828,Oil_thermal,4.352,-22.23111111,-49.90916667,2018,956507.4647
8832,Oil_thermal,0.8,-12.14512213,-44.99078593,2018,238541.0051
8836,Oil_thermal,1.8,-3.7488889,-38.45388887,2018,536717.2616
8840,Oil_thermal,0.0648,-23.51861111,-51.43027778,2018,29732.69905
8844,Oil_thermal,0.2,-23.31333333,-51.16083333,2018,91767.58967
8848,Oil_thermal,0.36,-23.65683171,-46.52228143,2018,79122.86013
8852,Oil_thermal,0.3496,-5.07025441,-42.8160323,2018,104242.4192
8856,Oil_thermal,0.3496,-3.73083333,-38.5288889,2018,104242.4192
8860,Oil_thermal,0.56,-10.17861111,-48.33472222,2018,155859.1068
8864,Oil_thermal,0.9168,-29.17416666,-51.21777778,2018,420662.631
8868,Oil_thermal,0.4048,-30.0275,-51.20388889,2018,185737.6015
8872,Oil_thermal,0.8,-9.74716229,-36.63539637,2018,238541.0051
8876,Oil_thermal,2.2992,-30.06972222,-51.22500001,2018,1054960.211
8880,Oil_thermal,0.72,-23.01480175,-45.52371351,2018,158245.7203
8884,Oil_thermal,0.8,-3.85654571,-38.47121182,2018,238541.0051
8888,Oil_thermal,0.12,-16.89416667,-49.00138886,2018,26374.28671
8892,Oil_thermal,0.3496,-9.66083334,-35.72722222,2018,104242.4192
8896,Oil_thermal,0.72,-22.84265667,-43.3752025,2018,158245.7203
8900,Oil_thermal,3.1056,-12.08434306,-38.34359011,2018,926016.1819
8904,Oil_thermal,0.4,-22.75902778,-47.33982222,2018,87914.28903
8908,Oil_thermal,0.72,-23.52263002,-46.30214268,2018,158245.7203
8912,Oil_thermal,0.72,-29.9986936,-51.14110137,2018,330363.3228
8916,Oil_thermal,0.72,-23.60220421,-46.91732129,2018,158245.7203
8920,Oil_thermal,0.72,-23.69093037,-46.57452086,2018,158245.7203
8924,Oil_thermal,0.404,-31.75194444,-52.37694444,2018,185370.5311
8928,Oil_thermal,0.64,-29.7075,-53.8125,2018,293656.2869
8932,Oil_thermal,1.6,-20.25597071,-40.23533753,2018,351657.1561
8936,Oil_thermal,1.48,-23.52374413,-46.57644945,2018,325282.8694
8940,Oil_thermal,0.6496,-8.25427778,-35.01,2018,193695.2962
8944,Oil_thermal,0.952,-22.85391361,-43.31152556,2018,209236.0079
8948,Oil_thermal,0.8,-5.06229348,-42.81117601,2018,238541.0051
8952,Oil_thermal,0.432,-22.29855075,-49.0661844,2018,94947.43215
8956,Oil_thermal,1.05,-8.27694444,-35.03666667,2018,313085.0692
8960,Oil_thermal,1.68,-23.52472222,-46.6625,2018,369240.0139
8964,Oil_thermal,0.8,-23.67724083,-46.43759917,2018,175828.5781
8968,Oil_thermal,0.24,-22.83221667,-47.24558333,2018,52748.57342
8972,Oil_thermal,0.72,-20.63101667,-47.28713056,2018,158245.7203
8976,Oil_thermal,0.264,-23.20527778,-45.88555555,2018,58023.43076
8980,Oil_thermal,1.08,-23.58126194,-46.60055404,2018,237368.5804
8984,Oil_thermal,0.144,-20.83194444,-49.35777778,2018,31649.14405
8988,Oil_thermal,0.76,-5.89134806,-35.256295,2018,226613.9549
8992,Oil_thermal,1.12,-22.91111111,-47.09638889,2018,246160.0093
8996,Oil_thermal,0.144,-25.09805556,-50.14694445,2018,66072.66456
9000,Oil_thermal,0.3496,-5.79194444,-35.21111111,2018,104242.4192
9004,Oil_thermal,0.136,-23.49944444,-46.82583334,2018,29890.85827
9008,Oil_thermal,1.84,-26.88816625,-49.20985508,2018,844261.8249
9012,Oil_thermal,0.5,-26.89795407,-49.0697012,2018,229418.9742
9016,Oil_thermal,0.0648,-23.39638889,-51.95555556,2018,29732.69905
9020,Oil_thermal,0.8,-22.89235144,-43.677741,2018,175828.5781
9024,Oil_thermal,0.3496,-8.05472222,-34.87861111,2018,104242.4192
9028,Oil_thermal,0.4,-2.91019444,-41.73886109,2018,119270.5026
9032,Oil_thermal,0.72,-22.33523974,-41.74024792,2018,158245.7203
9036,Oil_thermal,0.044,-22.22444448,-54.80666665,2018,9670.571793
9040,Oil_thermal,0.256,-21.15416667,-47.82083333,2018,56265.14498
9048,Oil_thermal,0.184,-20.72266667,-46.60711111,2018,40440.57295
9052,Oil_thermal,2.1744,-22.8960718,-47.20337316,2018,477902.0752
9056,Oil_thermal,0.052,-22.21823212,-54.81470148,2018,11428.85757
9060,Oil_thermal,0.1296,-24.97249999,-53.44861111,2018,59465.3981
9064,Oil_thermal,1.028,-23.14281457,-47.24665621,2018,225939.7228
9068,Oil_thermal,0.76,-16.63175412,-49.27551733,2018,167037.1492
9072,Oil_thermal,0.72,-10.25814694,-48.31142833,2018,200390.2801
9076,Oil_thermal,1.22672,-26.2165,-49.40208333,2018,562865.688
9080,Oil_thermal,1.12,-15.83265018,-48.08079066,2018,246160.0093
9084,Oil_thermal,0.8,-23.47293326,-46.90698566,2018,175828.5781
9088,Oil_thermal,0.8,-18.90226196,-48.2793572,2018,175828.5781
9092,Oil_thermal,0.72,-12.96762417,-38.47966472,2018,214686.9046
9096,Oil_thermal,1.12,-23.27415092,-45.97394847,2018,246160.0093
9100,Oil_thermal,0.368,-20.89725,-45.26705555,2018,80881.14591
9108,Oil_thermal,1.80115,-24.77583339,-49.88555544,2018,826435.9706
9116,Oil_thermal,0.8,-23.18010066,-45.86629341,2018,175828.5781
9120,Oil_thermal,2.2224,-23.74944622,-46.56221176,2018,488451.7899
9124,Oil_thermal,0.144,-23.41877974,-51.94629501,2018,66072.66456
9128,Oil_thermal,0.5655,-1.40611045,-48.43694598,2018,157389.8659
9132,Oil_thermal,0.6,-15.78722204,-47.85416682,2018,131871.4335
9136,Oil_thermal,2.88,-12.67728,-38.48317,2018,858747.6185
9140,Oil_thermal,0.36,-23.66863483,-46.73640833,2018,79122.86013
9144,Oil_thermal,0.864,-22.93722222,-43.37416667,2018,189894.8643
9148,Oil_thermal,0.8,-17.80571806,-50.92243139,2018,175828.5781
9152,Oil_thermal,0.8,-20.356955,-40.33413,2018,175828.5781
9156,Oil_thermal,0.68,-19.52527778,-44.09166667,2018,149454.2914
9160,Oil_thermal,1.36,-5.75089889,-35.252255,2018,405519.7087
9164,Oil_thermal,0.96,-5.84981306,-35.20597194,2018,286249.2062
9168,Oil_thermal,0.4,-5.80090889,-35.21553111,2018,119270.5026
9172,Oil_thermal,0.8,-5.75592345,-35.2429712,2018,238541.0051
9176,Oil_thermal,0.56,-5.77083333,-35.26861111,2018,166978.7036
9180,Oil_thermal,2.544,-19.96225111,-44.16038,2018,559134.8782
9184,Oil_thermal,0.4,-5.75089889,-35.252255,2018,119270.5026
9188,Oil_thermal,2.7528,-26.63472222,-48.70472222,2018,1263089.104
9192,Oil_thermal,1.08,-5.79358305,-35.20355194,2018,322030.3569
9196,Oil_thermal,0.264,-11.86464722,-55.50443056,2018,58023.43076
9200,Oil_thermal,1.6,-22.82777778,-43.05194445,2018,351657.1561
9204,Oil_thermal,0.32,-18.91694444,-48.28055556,2018,70331.43122
9208,Oil_thermal,0.36,-22.95166631,-43.18527793,2018,79122.86013
9212,Oil_thermal,1.12,-5.884255,-35.22898611,2018,333957.4072
9216,Oil_thermal,2.4,-23.28472222,-45.94166667,2018,527485.7342
9220,Oil_thermal,0.6675,-0.61860502,-47.35055523,2018,185778.4889
9224,Oil_thermal,4,-23.13138889,-45.75305556,2018,879142.8903
9228,Oil_thermal,1.1,-22.99239856,-43.24997901,2018,241764.2948
9232,Oil_thermal,0.738,-1.44555555,-48.4775,2018,205400.0371
9236,Oil_thermal,2.0552,-22.95444444,-43.18722222,2018,451703.617
9240,Oil_thermal,0.4,-16.74964691,-49.30408193,2018,87914.28903
9244,Oil_thermal,2.576,-23.62767633,-46.72636789,2018,566168.0214
9248,Oil_thermal,0.6375,-1.39055573,-48.42555543,2018,177428.8939
9256,Oil_thermal,0.72,-16.09352103,-47.98323016,2018,158245.7203
9260,Oil_thermal,0.8504,-22.96611111,-47.13638889,2018,186905.7785
9264,Oil_thermal,1.025,-1.45722257,-48.49472218,2018,285277.8294
9268,Oil_thermal,2.392,-1.29749919,-47.93750081,2018,665741.0418
9272,Oil_thermal,1.2,-5.88721111,-35.21008,2018,357811.5077
9276,Oil_thermal,3.64,-23.55027778,-46.72111111,2018,800020.0302
9280,Oil_thermal,1,-23.68718898,-46.566969,2018,219785.7226
9284,Oil_thermal,3.7,-2.99940555,-60.00175278,2018,1029783.384
9288,Oil_thermal,0.392,-5.08888889,-42.80944444,2018,116885.0925
9292,Oil_thermal,4.352,-1.40166667,-48.43444445,2018,1211247.915
9296,Oil_thermal,0.4312,-22.36888889,-46.95361111,2018,94771.60358
9300,Oil_thermal,0.4,-23.0952,-47.71755833,2018,87914.28903
9304,Oil_thermal,0.112,-22.73640833,-47.38004167,2018,24616.00093
9308,Oil_thermal,0.64,-5.78805556,-35.20277778,2018,190832.8041
9312,Oil_thermal,2.4,-22.89444468,-43.11249786,2018,527485.7342
9316,Oil_thermal,3.5,-23.59277778,-46.83361111,2018,769250.029
9320,Oil_thermal,1.524,-30.02781666,-51.1578222,2018,699269.0333
9324,Oil_thermal,0.36,-15.62153255,-56.06474051,2018,79122.86013
9328,Oil_thermal,0.86,-1.36361111,-48.37416667,2018,239355.0568
9332,Oil_thermal,4.536,-7.50839849,-34.97467356,2018,1352527.499
9336,Oil_thermal,0.324,-19.5286111,-42.62444444,2018,71210.57411
9340,Oil_thermal,0.092,-31.45,-52.64055556,2018,42213.09125
9344,Oil_thermal,0.092,-31.625,-52.31777778,2018,42213.09125
9348,Oil_thermal,2.56,-20.26800194,-40.25252889,2018,562651.4498
9352,Oil_thermal,0.208,-20.89391667,-45.27238889,2018,45715.4303
9356,Oil_thermal,1.524,-1.44966443,-48.49818018,2018,424159.4263
9360,Oil_thermal,2.8992,-23.33906522,-51.17664567,2018,1330262.98
9364,Oil_thermal,2.4,-5.12611111,-42.80861111,2018,715623.0154
9368,Oil_thermal,1,-5.08239855,-42.779979,2018,298176.2564
9372,Oil_thermal,1,-22.237075,-45.885458,2018,219785.7226
9376,Oil_thermal,0.06,-31.89104689,-52.31975082,2018,27530.2769
9380,Oil_thermal,4,-5.0804541,-42.77942344,2018,1192705.026
9384,Oil_thermal,1.0488,-12.83239572,-38.40802815,2018,312727.2577
9388,Oil_thermal,0.36,-18.40952778,-49.20780556,2018,79122.86013
9392,Oil_thermal,0.36,-29.86249029,-51.18045629,2018,165181.6614
9396,Oil_thermal,1.44,-19.92361122,-43.93833319,2018,316491.4405
9400,Oil_thermal,1.2,-16.72333388,-49.26416653,2018,263742.8671
9404,Oil_thermal,2.016,-25.42333334,-49.28027778,2018,925017.3038
9408,Oil_thermal,1.8,-3.85527778,-38.59666667,2018,536717.2616
9412,Oil_thermal,0.144,-20.16083334,-44.88186111,2018,31649.14405
9416,Oil_thermal,0.184,-19.58447222,-46.94405556,2018,40440.57295
9420,Oil_thermal,0.12,-20.29213889,-45.53930556,2018,26374.28671
9424,Oil_thermal,0.735,-16.40148583,-48.93706361,2018,161542.5061
9428,Oil_thermal,0.4,-28.84489861,-49.61997888,2018,183535.1793
9432,Oil_thermal,0.096,-6.32683253,-47.44583276,2018,26718.70402
9436,Oil_thermal,0.144,-28.66962078,-49.36136791,2018,66072.66456
9440,Oil_thermal,0.72,-20.22614611,-40.27016472,2018,158245.7203
9444,Oil_thermal,0.8,-23.65611111,-46.6625,2018,175828.5781
9448,Oil_thermal,0.8,-23.54527778,-46.5575,2018,175828.5781
9452,Oil_thermal,0.16,-27.59027778,-48.53249999,2018,73414.07173
9456,Oil_thermal,0.6056,-22.76777778,-42.07972222,2018,133102.2336
9460,Oil_thermal,0.092,-31.58117,-52.34116,2018,42213.09125
9464,Oil_thermal,0.36,-9.79000006,-36.6575,2018,107343.4523
9468,Oil_thermal,3.028,-22.71,-42.24861111,2018,665511.168
9472,Oil_thermal,0.343,-16.61472667,-49.25874389,2018,75386.50284
9476,Oil_thermal,0.288,-20.14888889,-44.87936111,2018,63298.2881
9480,Oil_thermal,0.12,-22.832576,-42.132255,2018,26374.28671
9484,Oil_thermal,0.72,-22.90823864,-47.09254637,2018,158245.7203
9488,Oil_thermal,0.12,-22.7775,-41.94222222,2018,26374.28671
9492,Oil_thermal,0.108,-26.91610805,-49.05763111,2018,49554.49842
9496,Oil_thermal,0.2392,-1.44944454,-48.49777723,2018,66574.10418
9500,Oil_thermal,1.23265,-1.3563889,-48.39916681,2018,343070.9428
9504,Oil_thermal,3.028,-22.63749999,-42.29805555,2018,665511.168
9508,Oil_thermal,0.8,-21.72561917,-43.39304028,2018,175828.5781
9512,Oil_thermal,3.969,-12.84291278,-38.44785889,2018,1183461.562
9516,Oil_thermal,0.08,-22.83861111,-42.21916667,2018,17582.85781
9520,Oil_thermal,1.8326,-23.17280194,-47.26693,2018,402779.3152
9524,Oil_thermal,0.72,-8.02858139,-34.94378694,2018,214686.9046
9528,Oil_thermal,1.6,-19.94472222,-44.11861111,2018,351657.1561
9532,Oil_thermal,1.2,-15.61488918,-56.10277068,2018,263742.8671
9536,Oil_thermal,0.092,-22.77444444,-47.3225,2018,20220.28648
9540,Oil_thermal,0.2695,-12.828205,-38.43353083,2018,80358.50111
9544,Oil_thermal,0.208,-22.83111111,-42.02333333,2018,45715.4303
9548,Oil_thermal,0.9,-23.51305556,-46.655,2018,197807.1503
9552,Oil_thermal,0.508,-16.35744446,-46.89936109,2018,111651.1471
9556,Oil_thermal,0.144,-22.775,-41.91944444,2018,31649.14405
9560,Oil_thermal,0.288,-22.82666667,-42.12527778,2018,63298.2881
9564,Oil_thermal,0.72,-22.84584558,-47.09009242,2018,158245.7203
9568,Oil_thermal,1.44,-22.85361111,-47.02722222,2018,316491.4405
9572,Oil_thermal,0.72,-23.67407582,-46.61317822,2018,158245.7203
9576,Oil_thermal,0.4096,-23.976843,-46.22220122,2018,90024.23197
9580,Oil_thermal,0.664,-23.53517633,-46.759979,2018,145937.7198
9584,Oil_thermal,0.76,-29.70763152,-51.13617614,2018,348716.8407
9588,Oil_thermal,0.4096,-23.62583333,-46.68638889,2018,90024.23197
9592,Oil_thermal,0.72,-23.65611111,-46.59555556,2018,158245.7203
9596,Oil_thermal,0.06,-31.61903882,-52.31023499,2018,27530.2769
9600,Oil_thermal,1.08,-15.73503048,-47.90486744,2018,237368.5804
9604,Oil_thermal,0.72,-18.87932622,-41.95881726,2018,158245.7203
9608,Oil_thermal,1.08,-23.46833333,-46.52166667,2018,237368.5804
9612,Oil_thermal,1.44,-23.52277778,-46.60083333,2018,316491.4405
9616,Oil_thermal,0.184,-22.87722221,-42.0513889,2018,40440.57295
9620,Oil_thermal,0.66,-22.88767633,-47.01442344,2018,145058.5769
9624,Oil_thermal,0.8192,-23.72722222,-46.55222222,2018,180048.4639
9628,Oil_thermal,0.72,-23.50472222,-46.8325,2018,158245.7203
9632,Oil_thermal,0.72,-23.64608966,-46.63864455,2018,158245.7203
9636,Oil_thermal,0.368,-23.51295411,-46.61914566,2018,80881.14591
9640,Oil_thermal,0.12,-22.88472222,-42.05277778,2018,26374.28671
9644,Oil_thermal,2.5504,-23.53555556,-46.77138889,2018,560541.5069
9648,Oil_thermal,0.36,-23.09962078,-45.70025678,2018,79122.86013
9652,Oil_thermal,0.72,-22.75816639,-43.43205028,2018,158245.7203
9656,Oil_thermal,1,-23.66972222,-46.53527778,2018,219785.7226
9660,Oil_thermal,0.508,-5.53111111,-47.48472222,2018,141386.4754
9664,Oil_thermal,4,-15.61027772,-56.15444444,2018,879142.8903
9668,Oil_thermal,1.44,-23.96722222,-46.36944444,2018,316491.4405
9672,Oil_thermal,0.8,-3.71144676,-40.33656264,2018,238541.0051
9676,Oil_thermal,0.864,-22.78525306,-43.30988806,2018,189894.8643
9680,Oil_thermal,1.08,-18.35194444,-49.21972222,2018,237368.5804
9684,Oil_thermal,0.72,-8.29681417,-35.9725375,2018,214686.9046
9688,Oil_thermal,0.29766,-22.92666667,-47.08111111,2018,65421.41818
9692,Oil_thermal,0.8,-21.71046667,-41.30906583,2018,175828.5781
9696,Oil_thermal,3.99999,-16.59035047,-49.86455253,2018,879140.6925
9700,Oil_thermal,0.369,-23.52305556,-46.82638889,2018,81100.93163
9704,Oil_thermal,0.63,-23.20230076,-46.98044915,2018,138465.0052
9708,Oil_thermal,0.8,-12.23436765,-38.97389048,2018,238541.0051
9712,Oil_thermal,0.576,-20.46638889,-54.60055555,2018,126596.5762
9716,Oil_thermal,0.48,-19.70111111,-43.95555556,2018,105497.1468
9720,Oil_thermal,0.092,-31.0263889,-52.04944443,2018,42213.09125
9724,Oil_thermal,0.208,-22.88972222,-42.04916667,2018,45715.4303
9728,Oil_thermal,0.369,-23.2175,-45.89055555,2018,81100.93163
9732,Oil_thermal,0.3608,-22.81132333,-45.19821667,2018,79298.68871
9736,Oil_thermal,0.414,-21.99190944,-47.88519195,2018,90991.28915
9740,Oil_thermal,0.414,-23.25502466,-47.31948049,2018,90991.28915
9744,Oil_thermal,0.2296,-23.66609167,-46.72204722,2018,50462.8019
9748,Oil_thermal,0.369,-23.67472222,-46.71277778,2018,81100.93163
9752,Oil_thermal,0.46,-22.93237887,-45.444683,2018,101101.4324
9756,Oil_thermal,0.4232,-23.21712524,-47.29914999,2018,93013.31779
9760,Oil_thermal,0.4232,-23.11440801,-47.21906517,2018,93013.31779
9764,Oil_thermal,0.02,-23.58527778,-46.88916667,2018,4395.714452
9768,Oil_thermal,2.6,-17.59472222,-44.71833334,2018,571442.8787
9772,Oil_thermal,0.4232,-22.36780277,-46.95436389,2018,93013.31779
9776,Oil_thermal,0.414,-23.68028889,-46.59765833,2018,90991.28915
9780,Oil_thermal,0.4232,-22.74967222,-47.37226667,2018,93013.31779
9784,Oil_thermal,0.414,-22.822145,-47.26580306,2018,90991.28915
9788,Oil_thermal,0.084,-22.62027778,-42.00555556,2018,18462.0007
9792,Oil_thermal,0.414,-24.186121,-46.79099099,2018,90991.28915
9796,Oil_thermal,0.506,-22.73557472,-47.60834778,2018,111211.5756
9800,Oil_thermal,3.36,-26.77861111,-53.20194444,2018,1541695.506
9804,Oil_thermal,0.369,-22.84416667,-47.10055556,2018,81100.93163
9808,Oil_thermal,0.72,-7.22769668,-39.34704082,2018,214686.9046
9812,Oil_thermal,0.414,-23.29000833,-45.95378333,2018,90991.28915
9816,Oil_thermal,1.2,-22.69916667,-43.46527778,2018,263742.8671
9820,Oil_thermal,2.6,-9.55462078,-35.73664566,2018,775258.2667
9824,Oil_thermal,1.56,-22.82954694,-43.032335,2018,342865.7272
9828,Oil_thermal,1.08,-5.14850966,-42.78470122,2018,322030.3569
9832,Oil_thermal,0.72,-23.76747075,-46.71790581,2018,158245.7203
9836,Oil_thermal,3.6744,-23.21209167,-47.57558917,2018,807580.659
9840,Oil_thermal,1,-10.84472222,-61.99333333,2018,219785.7226
9844,Oil_thermal,1.656,-22.99667912,-47.10702894,2018,363965.1566
9848,Oil_thermal,0.416,-22.97833336,-45.46416667,2018,91430.86059
9852,Oil_thermal,0.32,-23.53414778,-46.21692778,2018,70331.43122
9856,Oil_thermal,0.3608,-23.43297778,-46.40434722,2018,79298.68871
9860,Oil_thermal,9.26,-16.98862222,-48.96139722,2018,2035215.791
9864,Oil_thermal,0.5715,-3.87972222,-38.62138889,2018,170407.7305
9868,Oil_thermal,1.2,-21.18080556,-43.98241667,2018,263742.8671
9872,Oil_thermal,2.44,-7.81867745,-35.30713881,2018,727550.0657
9876,Oil_thermal,0.4,-22.52722222,-43.54749998,2018,87914.28903
9880,Oil_thermal,0.1476,-23.43131436,-46.4129506,2018,32440.37265
9884,Oil_thermal,0.36,-11.82921389,-55.51398889,2018,79122.86013
9888,Oil_thermal,0.5136,-19.78273444,-45.27658111,2018,112881.9471
9892,Oil_thermal,0.0816,-23.48443056,-46.54353333,2018,17934.51496
9896,Oil_thermal,0.2304,-15.80388921,-47.89606661,2018,50638.63048
9900,Oil_thermal,0.272,-15.83172917,-47.91095984,2018,59781.71654
9904,Oil_thermal,0.36,-15.75950833,-47.87851667,2018,79122.86013
9908,Oil_thermal,0.2107,-23.79743661,-47.69166344,2018,46308.85175
9912,Oil_thermal,0.4,-15.96556649,-48.02278683,2018,87914.28903
9916,Oil_thermal,0.36,-20.38138891,-44.48444452,2018,79122.86013
9920,Oil_thermal,0.508,-28.2775,-54.26916667,2018,233089.6778
9924,Oil_thermal,0.12922,-1.42138889,-48.48138889,2018,35964.48889
9928,Oil_thermal,1,-8.11922222,-34.90519444,2018,298176.2564
9932,Oil_thermal,4,-29.9725,-51.194125,2018,1835351.793
9936,Oil_thermal,0.76,-23.54406528,-46.61525666,2018,167037.1492
9940,Oil_thermal,0.9376,-22.75566694,-47.32508472,2018,206071.0935
9944,Oil_thermal,2.16,-8.33833333,-35.02222222,2018,644060.7139
9948,Oil_thermal,1.224,-20.44583333,-43.9325,2018,269017.7244
9952,Oil_thermal,0.72,-23.43669644,-46.71992284,2018,158245.7203
9956,Oil_thermal,3.624,-26.24653333,-52.70111111,2018,1662828.725
9960,Oil_thermal,0.4504,-19.89027777,-44.58055556,2018,98991.48945
9968,Oil_thermal,2.8,-26.949292,-52.530506,2018,1284746.255
9972,Oil_thermal,0.72,-5.17154885,-37.37351718,2018,214686.9046
9976,Oil_thermal,0.288,-15.77992681,-47.87441298,2018,63298.2881
9980,Oil_thermal,0.12,-22.87527777,-42.03888889,2018,26374.28671
9984,Oil_thermal,2.1984,-23.02138889,-43.48861111,2018,483176.9325
9988,Oil_thermal,2.1792,-18.90999982,-48.25944432,2018,478957.0466
9992,Oil_thermal,1.2,-22.75416667,-46.09444445,2018,263742.8671
9996,Oil_thermal,0.72,-21.81786917,-48.17245916,2018,158245.7203
10000,Oil_thermal,0.288,-15.72078871,-47.88292216,2018,63298.2881
10004,Oil_thermal,0.72,-23.61166667,-46.74083333,2018,158245.7203
10008,Oil_thermal,0.28,-23.01722222,-45.55166667,2018,61540.00232
10012,Oil_thermal,4,-23.20805555,-46.77777778,2018,879142.8903
10016,Oil_thermal,0.36,-15.81552126,-48.01062189,2018,79122.86013
10020,Oil_thermal,0.12,-22.84944444,-42.24027778,2018,26374.28671
10024,Oil_thermal,0.369,-23.02502339,-45.5735844,2018,81100.93163
10028,Oil_thermal,1.5408,-22.77861111,-42.16583333,2018,338645.8413
10032,Oil_thermal,1.524,-22.8388889,-43.37000014,2018,334953.4412
10036,Oil_thermal,1.44,-23.59663227,-46.85851202,2018,316491.4405
10040,Oil_thermal,0.16,-26.29861111,-48.84472222,2018,73414.07173
10044,Oil_thermal,0.72,-9.4512525,-40.4881825,2018,214686.9046
10048,Oil_thermal,1.6,-28.40067633,-54.96256233,2018,734140.7173
10052,Oil_thermal,2.4,-21.23046044,-50.50778638,2018,527485.7342
10056,Oil_thermal,2.16,-14.45906522,-54.029979,2018,474737.1608
10060,Oil_thermal,1.104,-28.43170411,-53.877979,2018,506557.095
10064,Oil_thermal,0.00018,-2.42083333,-54.71666667,2018,50.09757003
10068,Oil_thermal,0.266,-18.91314137,-46.96980695,2018,58463.00221
10076,Oil_thermal,1.012,-22.75611111,-45.10916667,2018,222423.1512
10080,Oil_thermal,0.32,-16.65363889,-49.2531111,2018,70331.43122
10084,Oil_thermal,0.36,-16.67583333,-49.26330556,2018,79122.86013
10088,Oil_thermal,0.72,-17.78966664,-50.92019442,2018,158245.7203
10092,Oil_thermal,0.36,-16.65961112,-49.2594722,2018,79122.86013
10096,Oil_thermal,3.12,-27.854843,-54.470729,2018,1431574.399
10100,Oil_thermal,0.32,-16.69766667,-49.3139722,2018,70331.43122
10104,Oil_thermal,0.56,-16.70394444,-49.2683889,2018,123080.0046
10108,Oil_thermal,0.508,-28.65248466,-55.89593955,2018,233089.6778
10112,Oil_thermal,0.36,-16.77025002,-49.35202776,2018,79122.86013
10116,Oil_thermal,0.4,-16.73075001,-49.23422221,2018,87914.28903
10120,Oil_thermal,0.36,-16.68472221,-49.29308331,2018,79122.86013
10124,Oil_thermal,0.32,-17.88713891,-51.71405553,2018,70331.43122
10128,Oil_thermal,0.01,-1.07333333,-61.54611111,2018,2783.198335
10132,Oil_thermal,0.4,-16.70880558,-49.27380553,2018,87914.28903
10136,Oil_thermal,0.56,-16.66366666,-49.29799999,2018,123080.0046
10140,Oil_thermal,0.4,-15.54647222,-47.32477778,2018,87914.28903
10144,Oil_thermal,0.32,-21.78208331,-43.35788885,2018,70331.43122
10148,Oil_thermal,4,-19.94169378,-44.01165197,2018,879142.8903
10152,Oil_thermal,0.56,-16.65922222,-49.18738888,2018,123080.0046
10156,Oil_thermal,0.56,-17.549,-52.54505556,2018,123080.0046
10160,Oil_thermal,0.36,-21.74022222,-43.36905556,2018,79122.86013
10164,Oil_thermal,0.4,-16.33341667,-48.93161111,2018,87914.28903
10168,Oil_thermal,0.168,-21.75855556,-43.34677778,2018,36924.00139
10172,Oil_thermal,0.3472,-21.14972222,-42.42611111,2018,76309.60288
10176,Oil_thermal,0.56,-16.65419444,-49.32988889,2018,123080.0046
10180,Oil_thermal,0.36,-21.75469444,-43.35422222,2018,79122.86013
10184,Oil_thermal,0.36,-16.78683333,-49.27938889,2018,79122.86013
10188,Oil_thermal,3.186,-23.82777778,-46.36166667,2018,700237.3121
10192,Oil_thermal,0.6728,-23.59944444,-46.63694444,2018,147871.8341
10208,Oil_thermal,0.508,-21.76961111,-43.36966667,2018,111651.1471
10212,Oil_thermal,0.208,-19.95575,-47.89625,2018,45715.4303
10216,Oil_thermal,1.694,-8.02027778,-62.87277778,2018,372317.014
10220,Oil_thermal,0.198,-8.22,-63.18416667,2018,43517.57307
10224,Oil_thermal,0.286,-8.17305555,-62.77916664,2018,62858.71666
10228,Oil_thermal,0.077,-8.02277778,-62.77277778,2018,16923.50064
10232,Oil_thermal,0.742,-8.15888889,-63.32111112,2018,163081.0062
10236,Oil_thermal,0.234,-8.23555552,-63.25250002,2018,51429.85908
10240,Oil_thermal,1.682,-8.435,-63.49583333,2018,369679.5854
10244,Oil_thermal,0.232,-12.85105927,-62.90259268,2018,50990.28764
10248,Oil_thermal,0.662,-13.08583327,-62.27777774,2018,145498.1483
10252,Oil_thermal,0.66,-11.88444444,-65.01916667,2018,145058.5769
10256,Oil_thermal,0.56,-15.56623611,-54.30894444,2018,123080.0046
10260,Oil_thermal,0.1,-23.52972222,-46.66277778,2018,21978.57226
10264,Oil_thermal,0.36,-21.75894444,-43.35011111,2018,79122.86013
10268,Oil_thermal,0.4,-27.59023889,-48.51507778,2018,183535.1793
10272,Oil_thermal,2.916,-22.4475,-47.54833333,2018,640895.167
10276,Oil_thermal,2.6,-27.18344085,-52.23343761,2018,1192978.666
10280,Oil_thermal,0.092,-22.85483333,-47.05111111,2018,20220.28648
10284,Oil_thermal,0.184,-22.85277778,-47.04972222,2018,40440.57295
10288,Oil_thermal,0.0648,-23.30480556,-45.97216667,2018,14242.11482
10292,Oil_thermal,0.0648,-19.98395186,-43.8498016,2018,14242.11482
10296,Oil_thermal,0.56,-16.64302,-49.27479,2018,123080.0046
10300,Oil_thermal,0.092,-22.93086111,-45.46141667,2018,20220.28648
10304,Oil_thermal,0.144,-8.06166667,-34.92027778,2018,42937.38092
10308,Oil_thermal,0.0648,-23.57003333,-48.028425,2018,14242.11482
10312,Oil_thermal,0.46,-22.92051667,-48.46655555,2018,101101.4324
10316,Oil_thermal,0.092,-23.99286111,-46.25772222,2018,20220.28648
10320,Oil_thermal,1.016,-22.75308333,-47.29783333,2018,223302.2941
10324,Oil_thermal,0.184,-22.01486111,-47.87825,2018,40440.57295
10328,Oil_thermal,0.092,-23.26356111,-47.30037222,2018,20220.28648
10332,Oil_thermal,0.256,-16.49865,-49.43028001,2018,56265.14498
10336,Oil_thermal,0.508,-21.75477778,-43.35072222,2018,111651.1471
10340,Oil_thermal,0.1128,-22.72141667,-47.63288889,2018,24791.82951
10344,Oil_thermal,0.084,-21.14133333,-47.98297222,2018,18462.0007
10348,Oil_thermal,0.288,-15.59888889,-56.10027778,2018,63298.2881
10352,Oil_thermal,0.5496,-4.85361111,-43.35333333,2018,152964.5805
10356,Oil_thermal,0.064,-8.1275,-34.91527778,2018,19083.28041
10360,Oil_thermal,0.184,-21.79144444,-48.20263889,2018,40440.57295
10364,Oil_thermal,0.72,-16.74158333,-49.27661111,2018,158245.7203
10368,Oil_thermal,2.4,-7.19925,-48.30195194,2018,667967.6005
10372,Oil_thermal,1.794,-22.925,-43.36111111,2018,394295.5863
10376,Oil_thermal,0.184,-10.91405556,-37.0545,2018,54864.43118
10380,Oil_thermal,0.0416,-23.75966,-46.03011,2018,9143.086059
10388,Oil_thermal,0.44,-22.88925,-43.28780556,2018,96705.71793
10392,Oil_thermal,0.48,-23.19913889,-45.90027778,2018,105497.1468
10396,Oil_thermal,0.184,-21.7675,-41.32361111,2018,40440.57295
10400,Oil_thermal,0.24,-23.03183333,-45.56869444,2018,52748.57342
10404,Oil_thermal,0.208,-23.60444444,-46.61805556,2018,45715.4303
10408,Oil_thermal,0.208,-23.66863889,-46.68097222,2018,45715.4303
10412,Oil_thermal,0.208,-23.515,-46.43555556,2018,45715.4303
10416,Oil_thermal,0.368,-22.85280556,-43.25613888,2018,80881.14591
10420,Oil_thermal,0.1,-23.63675,-46.51897222,2018,21978.57226
10424,Oil_thermal,0.384,-9.64675,-35.71288889,2018,114499.6825
10428,Oil_thermal,0.092,-23.49055556,-46.58,2018,20220.28648
10432,Oil_thermal,0.392,-22.8325,-43.07561111,2018,86156.00325
10436,Oil_thermal,0.368,-22.92016667,-43.21216667,2018,80881.14591
10440,Oil_thermal,0.1,-23.68416667,-46.62363889,2018,21978.57226
10444,Oil_thermal,0.368,-22.95483333,-43.19044444,2018,80881.14591
10448,Oil_thermal,0.06,-31.33138931,-54.10979024,2018,27530.2769
10452,Oil_thermal,0.092,-22.95713889,-46.97697222,2018,20220.28648
10456,Oil_thermal,0.208,-23.58694444,-46.71694444,2018,45715.4303
10460,Oil_thermal,0.184,-22.87933333,-43.40608333,2018,40440.57295
10464,Oil_thermal,0.092,-23.64972222,-46.66638889,2018,20220.28648
10468,Oil_thermal,0.044,-22.39769444,-47.56433333,2018,9670.571793
10472,Oil_thermal,0.144,-30.07005556,-51.23127778,2018,66072.66456
10476,Oil_thermal,0.144,-24.01772222,-46.4555,2018,31649.14405
10480,Oil_thermal,0.184,-22.92319,-43.45026,2018,40440.57295
10484,Oil_thermal,0.0648,-23.44027778,-46.5475,2018,14242.11482
10488,Oil_thermal,0.208,-23.48722222,-46.73166667,2018,45715.4303
10492,Oil_thermal,0.208,-23.485,-46.62361111,2018,45715.4303
10496,Oil_thermal,0.092,-23.53138889,-46.2,2018,20220.28648
10500,Oil_thermal,0.0648,-23.66772222,-46.53977778,2018,14242.11482
10504,Oil_thermal,0.144,-23.65008,-46.64811,2018,31649.14405
10508,Oil_thermal,0.208,-23.61472222,-46.74361111,2018,45715.4303
10512,Oil_thermal,0.616,-15.79213889,-47.90990179,2018,135388.0051
10516,Oil_thermal,0.1344,-23.55166667,-46.65472222,2018,29539.20111
10520,Oil_thermal,0.8,-23.51266667,-46.70527778,2018,175828.5781
10524,Oil_thermal,0.368,-23.01419444,-43.46644444,2018,80881.14591
10528,Oil_thermal,0.484,-12.98997222,-38.45944444,2018,144317.3081
10532,Oil_thermal,0.2912,-23.52111111,-46.66527778,2018,64001.60241
10536,Oil_thermal,0.092,-23.55663889,-46.66227778,2018,20220.28648
10540,Oil_thermal,0.092,-22.92319,-43.45026,2018,20220.28648
10544,Oil_thermal,0.12,-20.36438889,-40.30094444,2018,26374.28671
10548,Oil_thermal,0.32,-23.65008,-46.64811,2018,70331.43122
10552,Oil_thermal,0.144,-23.61,-46.69472222,2018,31649.14405
10556,Oil_thermal,0.0688,-7.12166667,-34.83816667,2018,20514.52644
10560,Oil_thermal,0.184,-22.56997222,-47.422,2018,40440.57295
10564,Oil_thermal,2.4,-23.54722222,-46.63416667,2018,527485.7342
10568,Oil_thermal,0.1876,-23.58277778,-46.68313889,2018,41231.80156
10572,Oil_thermal,0.24,-23.5475,-46.63611111,2018,52748.57342
10576,Oil_thermal,1.6192,-19.92238889,-43.92211111,2018,355877.042
10580,Oil_thermal,0.144,-21.22982778,-50.44735833,2018,31649.14405
10584,Oil_thermal,0.208,-23.54694444,-46.57722222,2018,45715.4303
10588,Oil_thermal,0.168,-18.57888889,-46.51805556,2018,36924.00139
10596,Oil_thermal,0.208,-23.5725,-46.57027778,2018,45715.4303
10604,Oil_thermal,0.8624,-23.53805556,-46.77666667,2018,189543.2072
10608,Oil_thermal,0.896,-23.49911111,-46.85066667,2018,196928.0074
10612,Oil_thermal,0.72,-22.93183333,-43.32608333,2018,158245.7203
10616,Oil_thermal,0.184,-22.53283333,-43.19308333,2018,40440.57295
10620,Oil_thermal,0.5496,-5.08916667,-42.80194444,2018,163877.6705
10624,Oil_thermal,0.208,-23.52972222,-46.6875,2018,45715.4303
10628,Oil_thermal,0.32,-21.74153574,-43.36321834,2018,70331.43122
10632,Oil_thermal,0.092,-24.08057,-49.30356,2018,20220.28648
10636,Oil_thermal,0.12,-20.30311111,-40.31455556,2018,26374.28671
10640,Oil_thermal,0.24,-7.16427778,-34.86027778,2018,71562.30154
10644,Oil_thermal,0.12,-20.80638889,-49.39083333,2018,26374.28671
10652,Oil_thermal,0.56,-12.93247222,-38.50707778,2018,166978.7036
10656,Oil_thermal,0.52,-22.90666667,-47.08583333,2018,114288.5757
10660,Oil_thermal,0.72,-12.89024444,-38.31338611,2018,214686.9046
10664,Oil_thermal,0.736,-12.93888889,-38.38641111,2018,219457.7247
10668,Oil_thermal,0.184,-21.69891667,-43.42463889,2018,40440.57295
10672,Oil_thermal,0.36,-19.7480555,-47.98055559,2018,79122.86013
10676,Oil_thermal,3.92,-15.65261885,-56.12292242,2018,861560.0325
10680,Oil_thermal,0.648,-23.43889,-46.475836,2018,142421.1482
10684,Oil_thermal,0.0296,-21.67222222,-51.08111111,2018,6505.657388
10688,Oil_thermal,0.24,-22.24111111,-51.42611111,2018,52748.57342
10692,Oil_thermal,0.26,-26.90494195,-48.70266826,2018,119297.8666
10696,Oil_thermal,0.16,-23.51138891,-47.4888889,2018,35165.71561
10700,Oil_thermal,0.4232,-22.31219167,-49.05798889,2018,93013.31779
10704,Oil_thermal,0.0504,-23.61194445,-46.65916666,2018,11077.20042
10708,Oil_thermal,2.16,-8.33805555,-35.02277778,2018,644060.7139
10712,Oil_thermal,2,-10.32666666,-56.97944445,2018,439571.4452
10716,Oil_thermal,3,-7.14003794,-34.99055165,2018,894528.7693
10720,Oil_thermal,0.08,-23.49701509,-46.8298032,2018,17582.85781
10724,Oil_thermal,0.256,-23.63297223,-46.71197222,2018,56265.14498
10728,Oil_thermal,1.35,-23.42555558,-46.41416667,2018,296710.7255
10732,Oil_thermal,4.48,-22.78085437,-45.14807569,2018,984640.0371
10736,Oil_thermal,2.4,-16.39805555,-48.965,2018,527485.7342
10740,Oil_thermal,3.036,-12.68462139,-38.30055556,2018,905263.1145
10748,Oil_thermal,0.1,-23.53777779,-46.63416666,2018,21978.57226
10752,Oil_thermal,0.0912,-23.52055557,-46.66583333,2018,20044.4579
10756,Oil_thermal,1.2,-10.67000034,-37.80500011,2018,357811.5077
10760,Oil_thermal,2.25,-23.4330555,-46.32805553,2018,494517.8758
10764,Oil_thermal,0.0176,-30.06476249,-51.22350139,2018,8075.547891
10768,Oil_thermal,5.04,-0.15667598,-50.38664855,2018,1402731.961
10772,Oil_thermal,8.04,-1.51251578,-52.58307508,2018,2237691.462
10776,Oil_thermal,3.8,-0.98596678,-49.94593211,2018,1057615.367
10780,Oil_thermal,1.2,-3.60724188,-55.32992016,2018,333983.8002
10784,Oil_thermal,1.3,-0.16089936,-50.0014821,2018,361815.7836
10788,Oil_thermal,2.4,-1.25324775,-48.55351001,2018,667967.6005
10792,Oil_thermal,2.432,-2.16973152,-56.74221191,2018,676873.8351
10796,Oil_thermal,7.015,-1.40416262,-51.63833053,2018,1952413.632
10800,Oil_thermal,3.2,-6.22873371,-57.76063407,2018,890623.4673
10804,Oil_thermal,21.63,-2.16304346,-56.10055107,2018,6020057.999
10808,Oil_thermal,5.226,-1.54083174,-49.25027579,2018,1454499.45
10812,Oil_thermal,5.48,-2.00250287,-49.86222416,2018,1525192.688
10816,Oil_thermal,8.04,-1.74832844,-52.23833037,2018,2237691.462
10820,Oil_thermal,3.96,-1.79416556,-53.4755554,2018,1102146.541
10824,Oil_thermal,1.6,-0.71848205,-49.18068195,2018,445311.7336
10828,Oil_thermal,15.99,-9.3432816,-50.33387252,2018,4450334.138
10832,Oil_thermal,6.06,-1.72110873,-49.52888922,2018,1686618.191
10836,Oil_thermal,5.24,-2.10444103,-56.48749194,2018,1458395.928
10840,Oil_thermal,0.192,-19.80916667,-47.92530544,2018,42198.85873
10844,Oil_thermal,0.22,-23.65388889,-46.71638888,2018,48352.85897
10848,Oil_thermal,5,-23.56500095,-46.63833143,2018,1098928.613
10856,Oil_thermal,0.891,-2.67277786,-65.67416667,2018,247982.9717
10860,Oil_thermal,0.891,-3.86277778,-62.48166667,2018,247982.9717
10864,Oil_thermal,0.891,-1.82611111,-66.59888889,2018,247982.9717
10868,Oil_thermal,1.408,-3.5294557,-64.41118006,2018,391874.3256
10872,Oil_thermal,2.464,-1.87777778,-66.99388889,2018,685780.0698
10876,Oil_thermal,2.816,-6.43944444,-68.24611111,2018,783748.6512
10880,Oil_thermal,3.168,-3.47226134,-66.06544538,2018,881717.2326
10884,Oil_thermal,4.095,-7.05472225,-71.691389,2018,1139719.718
10888,Oil_thermal,4.224,-1.83481271,-65.60696942,2018,1175622.977
10892,Oil_thermal,3.872,-3.23472222,-64.78666667,2018,1077654.395
10896,Oil_thermal,4.224,-2.98611111,-65.15777778,2018,1175622.977
10900,Oil_thermal,4.095,-7.44083333,-70.02972222,2018,1139719.718
10904,Oil_thermal,8.448,-6.66055555,-69.87611111,2018,2351245.954
10908,Oil_thermal,9.531,-4.87722222,-66.89638889,2018,2652666.333
10912,Oil_thermal,29.652,-3.35444444,-64.67027778,2018,8252739.704
10916,Oil_thermal,0.63,-4.04166666,-69.5286111,2018,175341.4951
10920,Oil_thermal,0.891,-2.93083333,-69.69638887,2018,247982.9717
10924,Oil_thermal,0.63,-5.13694389,-72.81111111,2018,175341.4951
10928,Oil_thermal,0.891,-3.05361111,-69.00222222,2018,247982.9717
10932,Oil_thermal,1.408,-3.07861112,-68.06277778,2018,391874.3256
10936,Oil_thermal,3.872,-3.36916667,-68.19111093,2018,1077654.395
10940,Oil_thermal,4.928,-2.8877777,-67.79416658,2018,1371560.14
10944,Oil_thermal,5.984,-2.74222222,-66.76833333,2018,1665465.884
10948,Oil_thermal,4.928,-4.49781,-69.4507,2018,1371560.14
10952,Oil_thermal,6.336,-2.52416661,-66.03861108,2018,1763434.465
10956,Oil_thermal,19.062,-4.25749934,-69.93861144,2018,5305332.667
10960,Oil_thermal,10.59,-4.35611111,-70.03527778,2018,2947407.037
10964,Oil_thermal,0.22,-23.59888892,-46.76027775,2018,48352.85897
10968,Oil_thermal,1.088,-22.96649429,-43.18819252,2018,239126.8662
10972,Oil_thermal,0.8,-23.7128376,-46.54705943,2018,175828.5781
10988,Oil_thermal,0.4,-16.67888889,-49.25388888,2018,87914.28903
10992,Oil_thermal,1.32,-10.94666667,-37.075,2018,393592.6585
10996,Oil_thermal,0.504,-10.96888889,-37.05416666,2018,150280.8332
11004,Oil_thermal,0.1344,-29.70388888,-53.80055556,2018,61667.82026
11008,Oil_thermal,1.1144,-23.528838,-46.66322658,2018,244929.2092
11016,Oil_thermal,0.168,-1.45689444,-48.47871111,2018,46757.73203
11020,Oil_thermal,0.0848,-23.21000001,-45.88583332,2018,18637.82927
11024,Oil_thermal,0.10625,-23.20861111,-45.90166666,2018,23352.23302
11032,Oil_thermal,0.8,-18.57500744,-46.5136126,2018,175828.5781
11036,Oil_thermal,1.6,-8.03148929,-34.90254682,2018,477082.0103
11040,Oil_thermal,1.6,-23.63042116,-46.70786582,2018,351657.1561
11044,Oil_thermal,0.24,-27.65083333,-52.24777777,2018,110121.1076
11048,Oil_thermal,0.04,-23.65916666,-46.535,2018,8791.428903
11060,Oil_thermal,0.76,-23.6435602,-46.64273247,2018,167037.1492
11068,Oil_thermal,2.25,-23.53191287,-46.61974485,2018,494517.8758
11072,Oil_thermal,0.3472,-23.30625014,-45.96277647,2018,76309.60288
11076,Oil_thermal,1.8,-23.55805318,-46.6574979,2018,395614.3006
11084,Oil_thermal,1.8248,-19.76894242,-44.11691785,2018,401064.9866
11088,Oil_thermal,0.044,-27.6212164,-52.26137997,2018,20188.86973
11100,Oil_thermal,0.0506,-27.62110933,-52.2613871,2018,23217.20019
11104,Oil_thermal,1.6,-22.86694087,-43.60444087,2018,351657.1561
11108,Oil_thermal,0.6056,-21.38952607,-42.69340124,2018,133102.2336
11116,Oil_thermal,0.8215,-2.76512348,-57.75970602,2018,228639.7432
11120,Oil_thermal,2.103,-2.45623488,-57.10763924,2018,585306.6099
11124,Oil_thermal,0.8215,-2.44408848,-57.28882348,2018,228639.7432
11128,Oil_thermal,10.212,-2.62313763,-60.94733315,2018,2842202.14
11132,Oil_thermal,5.427,-2.91318555,-59.0427175,2018,1510441.737
11136,Oil_thermal,10.614,-3.11449277,-59.01879612,2018,2954086.713
11140,Oil_thermal,5.914,-2.57527146,-57.86419416,2018,1645983.495
11144,Oil_thermal,1.744,-2.79335328,-57.21898529,2018,485389.7897
11148,Oil_thermal,7.375,-2.80653741,-57.06510345,2018,2052608.772
11152,Oil_thermal,5.914,-2.96537386,-57.5863244,2018,1645983.495
11156,Oil_thermal,30.388,-3.37707371,-57.72706191,2018,8457583.101
11160,Oil_thermal,5.914,-7.71559029,-66.99410287,2018,1645983.495
11164,Oil_thermal,1.616,-3.69305556,-61.06444444,2018,449764.851
11168,Oil_thermal,8.349,-5.62138889,-63.18777778,2018,2323692.29
11172,Oil_thermal,1.091,-6.25036111,-64.24633333,2018,303646.9384
11176,Oil_thermal,0.8215,-3.54722222,-58.92972222,2018,228639.7432
11180,Oil_thermal,0.8215,-3.27540639,-60.93412139,2018,228639.7432
11184,Oil_thermal,1.1875,-3.18686597,-59.501154,2018,330504.8023
11188,Oil_thermal,10.212,-3.43187485,-60.45961901,2018,2842202.14
11192,Oil_thermal,19.697,-7.28121389,-64.77726944,2018,5482065.761
11196,Oil_thermal,1.412,-4.28977,-61.8039825,2018,392987.6049
11200,Oil_thermal,15.801,-3.41094333,-59.9083125,2018,4397731.689
11204,Oil_thermal,15.801,-3.81153095,-60.36110945,2018,4397731.689
11208,Oil_thermal,8.836,-3.19755722,-59.82844599,2018,2459234.049
11212,Oil_thermal,1.45,-3.31227667,-61.11511,2018,403563.7586
11216,Oil_thermal,5.427,-6.524411,-64.385392,2018,1510441.737
11220,Oil_thermal,10.127,-3.89247835,-61.37047689,2018,2818544.954
11224,Oil_thermal,1.412,-3.42044936,-61.36289291,2018,392987.6049
11228,Oil_thermal,18.723,-8.76931107,-67.32919716,2018,5210982.243
11232,Oil_thermal,13.65,-5.8151832,-61.29239035,2018,3799065.728
11236,Oil_thermal,6.175,-7.20932222,-59.89181944,2018,1718624.972
11240,Oil_thermal,21.223,-7.48501389,-63.02585,2018,5906781.827
11244,Oil_thermal,9.218,-3.88630556,-59.07238889,2018,2565552.225
11248,Oil_thermal,10.518,-4.40491667,-59.59077778,2018,2927368.009
11252,Oil_thermal,11.066,-0.12944444,-67.08972222,2018,3079887.278
11256,Oil_thermal,11.066,-3.60569444,-59.13347222,2018,3079887.278
11260,Oil_thermal,1.6,-22.86709078,-43.6044266,2018,351657.1561
11264,Oil_thermal,1.6,-22.86739773,-43.60441946,2018,351657.1561
11268,Oil_thermal,0.728,-23.56748651,-46.59172818,2018,160004.006
11272,Oil_thermal,1.6,-22.86723355,-43.60441946,2018,351657.1561
11276,Oil_thermal,0.32,-23.56611711,-46.69000185,2018,70331.43122
11280,Oil_thermal,1.092,-23.60796962,-46.72539345,2018,240006.0091
11284,Oil_thermal,1.2,-23.4966625,-46.84666369,2018,263742.8671
11288,Oil_thermal,0.6056,-21.40824745,-42.6822496,2018,133102.2336
11292,Oil_thermal,2.6,-23.6293577,-46.57944907,2018,571442.8787
11296,Oil_thermal,0.675,-23.6836111,-46.55722222,2018,148355.3627
11300,Oil_thermal,0.4,-23.61733023,-46.49617585,2018,87914.28903
11304,Oil_thermal,2.032,-20.31638443,-45.48507894,2018,446604.5883
11308,Oil_thermal,0.364,-23.56756667,-46.59171944,2018,80002.00302
11312,Oil_thermal,1.44,-23.59030953,-46.68225714,2018,316491.4405
11324,Oil_thermal,2.4,-23.4022222,-46.8341667,2018,527485.7342
11328,Oil_thermal,0.2504,-23.615,-46.6922222,2018,55034.34493
11332,Oil_thermal,0.32,-10.9432222,-37.048375,2018,95416.40206
11336,Oil_thermal,0.8,-23.6213889,-46.7866667,2018,175828.5781
11340,Oil_thermal,1.2,-16.0014383,-56.1684722,2018,263742.8671
11344,Oil_thermal,0.1824,-23.4735917,-46.5340028,2018,40088.9158
11356,Oil_thermal,29.52,-0.01428905,-51.18078158,2018,8216001.486
11360,Oil_thermal,24.48,0.03510479,-51.08255073,2018,6813269.525
11364,Oil_thermal,36,-0.01376398,-51.18081887,2018,10019514.01
11368,Oil_thermal,2.4,-23.69111111,-46.54916667,2018,527485.7342
11372,Oil_thermal,0.56,-10.89444444,-37.05944445,2018,166978.7036
11376,Oil_thermal,1.84,-27.58138889,-49.00722222,2018,844261.8249
11380,Oil_thermal,0.136,-19.748161,-47.976036,2018,29890.85827
