ID,Fuel_type,Granted_power_MW,latitude,longitude,year,Fuel_consumed_plant_GJ
2028,Oil_thermal,0.5456,-3.05445119,-69.002235,2020,67264.79009
2032,Oil_thermal,0.232,-12.9999983,-60.94480395,2020,21143.67804
2036,Oil_thermal,3.18,-3.70101671,-65.33081093,2020,392049.1798
2040,Oil_thermal,1.92,-3.41817574,-68.28735283,2020,236708.9387
2052,Oil_thermal,5.35,-7.20250574,-59.88690518,2020,659579.5949
2056,Oil_thermal,7.67,-5.12066596,-60.38043633,2020,945602.8959
2064,Oil_thermal,1.52,-4.36615749,-70.18798928,2020,187394.5765
2068,Oil_thermal,7.94,-3.57942916,-59.13275442,2020,978890.0904
2072,Oil_thermal,0.9,-4.04549803,-59.37053558,2020,110957.315
2076,Oil_thermal,1.222,-1.89737215,-50.21113971,2020,150655.3766
2080,Oil_thermal,0.72,-7.35277998,-50.4075014,2020,88765.85203
2084,Oil_thermal,5.26,-0.97274561,-62.9256602,2020,648483.8634
2088,Oil_thermal,0.44,-9.29167023,-50.04608449,2020,54245.79846
2092,Oil_thermal,2.982,-2.8063048,-57.06650043,2020,367638.5705
2096,Oil_thermal,0.3088,-8.52174068,-46.74677434,2020,38070.68765
2100,Oil_thermal,5.12,-4.37498902,-70.02734843,2020,631223.8366
2104,Oil_thermal,6.52,-3.89780895,-61.37472681,2020,803824.1045
2108,Oil_thermal,0.75,-3.07833887,-68.06277772,2020,92464.4292
2112,Oil_thermal,2.76,-2.96885845,-57.58803746,2020,340269.0994
2116,Oil_thermal,7.641,-8.76805555,-67.31888888,2020,942027.6046
2120,Oil_thermal,0.224,-12.43831043,-64.22856358,2020,20414.5857
2124,Oil_thermal,5.6,-4.38972222,-59.59611111,2020,690401.0713
2132,Oil_thermal,4.1,-2.46083334,-57.10277778,2020,505472.2129
2140,Oil_thermal,169.08,-7.23073189,-35.889979,2020,16581295.44
2144,Oil_thermal,0.55,-3.30562507,-60.61374745,2020,67807.24808
2148,Oil_thermal,3.38,-6.53444444,-64.38361111,2020,416706.3609
2152,Oil_thermal,5.456,-4.87722222,-66.89638889,2020,672647.9009
2156,Oil_thermal,2.42,-3.19739694,-59.82631389,2020,298351.8915
2160,Oil_thermal,17.52,-3.81888888,-60.36805553,2020,2159969.066
2164,Oil_thermal,0.8544,-3.30496317,-60.61485602,2020,105335.4777
2168,Oil_thermal,32.6,-21.54869966,-47.77251455,2020,2971051.311
2172,Oil_thermal,138.172,-22.35628767,-46.96053455,2020,12592518.46
2176,Oil_thermal,19.31,-4.09055556,-63.14694444,2020,2380650.837
2184,Oil_thermal,10.946,-13.11489866,-60.51859055,2020,997580.6028
2188,Oil_thermal,74.4,-29.93900967,-51.70853455,2020,32087952.41
2192,Oil_thermal,3.38,-7.44083333,-70.02972222,2020,416706.3609
2196,Oil_thermal,0.55,-4.37212137,-70.19218565,2020,67807.24808
2200,Oil_thermal,0.06,-11.04799138,-45.19299114,2020,5884.065095
2208,Oil_thermal,6.12,-2.52452989,-66.03914881,2020,754509.7422
2216,Oil_thermal,1.28,-7.5460003,-72.58400008,2020,157805.9592
2220,Oil_thermal,13.25,-7.51577731,-63.02464789,2020,1633538.249
2224,Oil_thermal,1.11,-0.12600966,-67.07953455,2020,136847.3552
2232,Oil_thermal,0.438,-2.93090559,-69.69636525,2020,53999.22665
2236,Oil_thermal,2.68,-7.05472225,-71.691389,2020,330406.227
2240,Oil_thermal,29.7,-3.13416702,-58.44610748,2020,3661591.396
2244,Oil_thermal,1.76,-6.43944471,-68.24611134,2020,216983.1938
2248,Oil_thermal,0.324,-15.24616694,-40.24738111,2020,31773.95152
2252,Oil_thermal,0.434,-3.59795366,-60.80803455,2020,53506.08303
2256,Oil_thermal,0.28,-1.8219442,-66.60888918,2020,34520.05357
2268,Oil_thermal,1.22,-3.47388902,-66.06694405,2020,150408.8048
2272,Oil_thermal,6.54,-2.74226188,-66.76832294,2020,806289.8226
2276,Oil_thermal,6.3,-7.26583333,-64.79361111,2020,776701.2052
2280,Oil_thermal,1.425,-1.88010513,-66.99727264,2020,175682.4155
2284,Oil_thermal,0.3,-0.79492201,-47.59874769,2020,36985.77168
2288,Oil_thermal,15.55,-3.29128766,-60.60747855,2020,1917095.832
2292,Oil_thermal,6.02,-3.43210867,-60.45940728,2020,742181.1517
2296,Oil_thermal,6.45,-5.81487451,-61.29264516,2020,795194.0911
2300,Oil_thermal,3.9,-1.83504968,-65.60700876,2020,480815.0318
2304,Oil_thermal,9.68,-3.39555556,-57.71611111,2020,1193407.566
2308,Oil_thermal,1.825,-21.43982535,-47.34580139,2020,166324.1915
2312,Oil_thermal,0.372,-2.4570353,-57.28118077,2020,45862.35688
2316,Oil_thermal,0.42,-1.88432068,-48.76789855,2020,51780.08035
2320,Oil_thermal,4.2,-1.52733889,-52.576835,2020,517800.8035
2324,Oil_thermal,8,-0.92305556,-52.43305556,2020,986287.2448
2328,Oil_thermal,0.1,-3.86277772,-62.48166664,2020,12328.59056
2332,Oil_thermal,4.68,-2.18916664,-56.71444444,2020,576978.0382
2340,Oil_thermal,3.597,-9.84350966,-57.80192344,2020,327818.1462
2344,Oil_thermal,0.048,-11.71992506,-61.77320562,2020,4374.554078
2348,Oil_thermal,3.2,-10.41010773,-65.33184863,2020,291636.9385
2352,Oil_thermal,2.683,-13.02200966,-57.06453455,2020,244519.3456
2356,Oil_thermal,2.502,-9.96795411,-57.45553455,2020,228023.6313
2360,Oil_thermal,9.164,-3.89972222,-59.09222222,2020,1129792.039
2364,Oil_thermal,5.2,-2.62369772,-60.9553335,2020,641086.7091
2368,Oil_thermal,5.08,-3.38638889,-59.27388889,2020,626292.4004
2372,Oil_thermal,9.125,-7.03489855,-55.394979,2020,1124983.889
2376,Oil_thermal,4.42,-3.22027778,-59.02194444,2020,544923.7027
2380,Oil_thermal,175.56,-16.80600967,-49.914979,2020,15999931.54
2384,Oil_thermal,1.2,-3.0000541,-47.35538198,2020,147943.0867
2388,Oil_thermal,29.55,-2.63292277,-56.74383495,2020,3643098.51
2392,Oil_thermal,5.28,-7.70598852,-66.99989767,2020,650949.5815
2396,Oil_thermal,0.818,-2.79666635,-57.27972179,2020,100847.8708
2400,Oil_thermal,13,-11.68323166,-61.17497855,2020,1184775.063
2404,Oil_thermal,390,-23.69628767,-46.66859055,2020,35543251.88
2408,Oil_thermal,0.048,-6.75281556,-37.74468611,2020,4374.554078
2412,Oil_thermal,15.3,-1.76200966,-55.85653455,2020,1886274.356
2416,Oil_thermal,2.3,-2.4210648,-48.15092695,2020,283557.5829
2420,Oil_thermal,71.9,-29.8698262,-51.17719592,2020,31009728.21
2440,Oil_thermal,2.344,-12.93517633,-51.81275678,2020,213624.0575
2444,Oil_thermal,6,-23.87383333,-46.42641667,2020,546819.2597
2448,Oil_thermal,2.67,-2.57139445,-57.86943436,2020,329173.3679
2456,Oil_thermal,2.84,-0.42055555,-65.03527779,2020,350131.9719
2464,Oil_thermal,20.02,-4.25350966,-69.92914555,2020,2468183.83
2468,Oil_thermal,3.78,-5.61739866,-63.17831255,2020,466020.7231
2472,Oil_thermal,16.482,-3.35045366,-64.66081255,2020,2031998.296
2476,Oil_thermal,4.2,-2.88781371,-67.79418371,2020,517800.8035
2480,Oil_thermal,4.7592,-3.84517633,-32.41720121,2020,466724.0434
2484,Oil_thermal,0.95,-3.69305555,-61.06444444,2020,117121.6103
2492,Oil_thermal,4.94,-2.53073166,-57.75109055,2020,609032.3736
2500,Oil_thermal,5.65,-2.61391578,-56.66644576,2020,696565.3666
2504,Oil_thermal,0.308,-1.39136033,-69.42428279,2020,37972.05892
2508,Oil_thermal,1.355,-3.53235922,-64.41015251,2020,167052.4021
2512,Oil_thermal,0.429,-2.78900966,-57.06053455,2020,52889.6535
2516,Oil_thermal,0.686,-3.27694444,-60.93305555,2020,84574.13124
2520,Oil_thermal,1.112,-8.84045411,-49.72192344,2020,137093.927
2524,Oil_thermal,5.02,-3.10591691,-67.94644389,2020,618895.2461
2528,Oil_thermal,0.016,-1.395,-61.78416667,2020,1972.57449
2532,Oil_thermal,2.2,-29.75628744,-51.13775678,2020,948837.3025
2536,Oil_thermal,0.2592,-1.52733889,-52.576835,2020,31955.70673
2540,Oil_thermal,4.12,-3.46406418,-68.94884092,2020,507937.931
2548,Oil_thermal,0.789,-2.95045366,-58.05247855,2020,97272.57951
2552,Oil_thermal,225.1,-20.12500967,-40.29853455,2020,20514835.89
2556,Oil_thermal,8.988,-23.20766388,-46.82340351,2020,819135.251
2560,Oil_thermal,5.1,-2.74968043,-58.02233714,2020,628758.1185
2568,Oil_thermal,8.78,-0.12944444,-67.08972222,2020,1082450.251
2576,Oil_thermal,2.76,-3.12184266,-58.14775655,2020,340269.0994
2580,Oil_thermal,8.2,-6.66055601,-69.8761111,2020,1010944.426
2584,Oil_thermal,5.1,-2.98601703,-65.15742708,2020,628758.1185
2588,Oil_thermal,0.72,-1.79795411,-50.70581233,2020,88765.85203
2600,Oil_thermal,2.68,-2.83777326,-58.20971967,2020,330406.227
2604,Oil_thermal,0.72,-0.12600966,-67.07953455,2020,88765.85203
2612,Oil_thermal,5,-23.48914378,-46.43968359,2020,455682.7164
2632,Oil_thermal,7.59,-3.13359877,-58.48522924,2020,935740.0235
2636,Oil_thermal,4.85,-1.50598776,-48.62601361,2020,597936.6421
2640,Oil_thermal,3.05,-22.78079297,-45.16880095,2020,277966.457
2648,Oil_thermal,0.2,-2.67617447,-56.62643685,2020,24657.18112
2652,Oil_thermal,0.08,-3.19739694,-59.82631389,2020,9862.872448
2656,Oil_thermal,0.418,-3.54722222,-58.92972222,2020,51533.50854
2660,Oil_thermal,0.96,-3.83173471,-55.49931418,2020,118354.4694
2664,Oil_thermal,0.2,-2.94657294,-48.95325214,2020,24657.18112
2668,Oil_thermal,18.02,-23.66000967,-46.52853455,2020,1642280.51
2676,Oil_thermal,0.424,-5.13694389,-72.81111111,2020,52273.22397
2680,Oil_thermal,24.4,-19.74400967,-47.92253455,2020,2223731.656
2684,Oil_thermal,0.996,-19.96660049,-43.83431831,2020,90771.99711
2688,Oil_thermal,6.4,-3.14777805,-59.95305611,2020,789029.7958
2692,Oil_thermal,23.75,-12.76607635,-60.13894002,2020,2164492.903
2700,Oil_thermal,10.7,-24.72636111,-48.105,2020,975161.0131
2704,Oil_thermal,64,-8.79444444,-63.81555556,2020,5832738.77
2712,Oil_thermal,0.324,-3.41611816,-61.3647506,2020,39944.63341
2716,Oil_thermal,0.6552,-4.29691577,-69.53766101,2020,80776.92535
2736,Oil_thermal,1.8,-3.74515298,-47.49884055,2020,221914.6301
2740,Oil_thermal,0.75,-2.76184266,-57.74997855,2020,92464.4292
2768,Oil_thermal,8.25,3.83843478,-51.82664566,2020,1017108.721
2788,Oil_thermal,9.624,-23.64600967,-46.71025655,2020,877098.0925
2796,Oil_thermal,0.44,-22.78500967,-50.20853455,2020,40100.07904
2800,Oil_thermal,0.472,-22.73922442,-50.20863749,2020,43016.44843
2816,Oil_thermal,0.04,-0.97280105,-62.92566966,2020,4931.436224
2832,Oil_thermal,3.75,-22.16474423,-49.95874051,2020,341762.0373
2836,Oil_thermal,0.144,-22.66199977,-50.41199989,2020,13123.66223
2844,Oil_thermal,1.5,-3.70776888,-38.58011483,2020,147101.6274
2856,Oil_thermal,4.5,-3.67150804,-40.34515899,2020,441304.8822
2860,Oil_thermal,11.45,-22.97989867,-43.42081255,2020,1043513.421
2868,Oil_thermal,1.6,-21.79036,-48.17444,2020,145818.4693
2872,Oil_thermal,1.6,-12.29792347,-38.96633375,2020,156908.4025
2884,Oil_thermal,0.72,-23.15399151,-46.93675746,2020,65618.31116
2888,Oil_thermal,1.08,-15.59200966,-56.08753455,2020,98427.46674
2892,Oil_thermal,4.76,-23.54400967,-46.62653455,2020,433809.946
2896,Oil_thermal,0.8,-22.85795579,-47.22002043,2020,72909.23463
2900,Oil_thermal,2,-22.77400967,-47.28653455,2020,182273.0866
2948,Oil_thermal,4,-23.54400967,-46.62653455,2020,364546.1731
2952,Oil_thermal,3.75,-21.14624595,-47.82860155,2020,341762.0373
2956,Oil_thermal,4.48,-22.87665194,-43.227875,2020,408291.7139
2964,Oil_thermal,2,-22.92787,-47.12746,2020,182273.0866
2970,Oil_thermal,0.9,-26.10040806,-49.797685,2020,388160.7147
2974,Oil_thermal,23,-19.6275,-46.98611111,2020,2096140.495
2982,Oil_thermal,14.76,-3.73274187,-38.64339191,2020,1447480.013
2986,Oil_thermal,11.48,-4.34840551,-38.86096552,2020,1125817.788
2990,Oil_thermal,13.12,-7.23243966,-39.47796455,2020,1286648.901
2994,Oil_thermal,11.48,-4.55308691,-37.77001242,2020,1125817.788
2998,Oil_thermal,14.76,-6.37591626,-39.29668971,2020,1447480.013
3002,Oil_thermal,14.76,-3.58275732,-38.87382734,2020,1447480.013
3006,Oil_thermal,14.76,-7.20942363,-39.30611274,2020,1447480.013
3010,Oil_thermal,13.12,-4.86128766,-42.78164555,2020,1286648.901
3014,Oil_thermal,13.12,-5.34184266,-42.80692355,2020,1286648.901
3018,Oil_thermal,13.12,-4.84239866,-42.18359055,2020,1286648.901
3022,Oil_thermal,13.12,-5.03611816,-42.44527091,2020,1286648.901
3026,Oil_thermal,1.598,-10.83323189,-61.45442344,2020,145636.1962
3030,Oil_thermal,136.2,-9.39737611,-40.49999889,2020,13356827.77
3046,Oil_thermal,57.22,-19.96626178,-44.09553798,2020,5214833.007
3050,Oil_thermal,0.223,-12.96700966,-38.50153455,2020,21869.1086
3054,Oil_thermal,2.175,-23.48640133,-46.74389289,2020,198221.9816
3058,Oil_thermal,1.0704,-23.51666589,-46.91567289,2020,97552.55593
3062,Oil_thermal,44.44,-16.39639274,-48.93035943,2020,4050107.983
3066,Oil_thermal,31.8,-12.66534901,-38.33517137,2020,3118554.501
3070,Oil_thermal,3.84,-23.60087338,-48.09491741,2020,349964.3262
3074,Oil_thermal,53.576,-16.58166695,-49.25749997,2020,4882731.443
3078,Oil_thermal,53.12,-5.87062078,-35.29331233,2020,5209358.965
3082,Oil_thermal,12.895,-14.23926827,-41.72330298,2020,1264583.657
3090,Oil_thermal,1.296,-21.46899111,-47.00717111,2020,118112.9601
3094,Oil_thermal,0.725,-21.59200967,-46.87953455,2020,66073.99388
3098,Oil_thermal,2,-22.70944337,-47.01242972,2020,182273.0866
3106,Oil_thermal,36,-14.34323166,-48.43081255,2020,3280915.558
3114,Oil_thermal,1.342,-22.70678194,-46.98234305,2020,122305.2411
3126,Oil_thermal,0.696,-22.701,-46.764,2020,63431.03412
3134,Oil_thermal,1.44,-21.36000967,-46.93053455,2020,131236.6223
3138,Oil_thermal,0.696,-22.74377111,-46.89780194,2020,63431.03412
3142,Oil_thermal,4.924,-23.69000967,-46.55553455,2020,448756.3391
3146,Oil_thermal,4.4504,-10.84875389,-37.12849611,2020,436440.7217
3154,Oil_thermal,6.4,-22.82104145,-47.19009321,2020,583273.877
3158,Oil_thermal,3.898,-22.75992195,-47.15438611,2020,355250.2457
3162,Oil_thermal,1.36,-21.21171815,-47.81516992,2020,123945.6989
3166,Oil_thermal,0.824,-21.13799358,-47.99003332,2020,75096.51166
3170,Oil_thermal,1.296,-23.52900967,-46.78253455,2020,118112.9601
3174,Oil_thermal,3,-21.25344611,-50.64263889,2020,273409.6298
3178,Oil_thermal,0.9,-20.88199986,-49.56999982,2020,82022.88895
3182,Oil_thermal,0.36,-21.46899111,-47.00717112,2020,32809.15558
3186,Oil_thermal,1.6,-22.89900967,-43.19853455,2020,145818.4693
3190,Oil_thermal,0.6,-22.32512194,-49.08300111,2020,54681.92597
3194,Oil_thermal,2.04,-21.25100967,-48.31253455,2020,185918.5483
3198,Oil_thermal,0.9,-22.93222222,-48.46499999,2020,82022.88895
3206,Oil_thermal,3.5,-22.10614611,-50.17602806,2020,318977.9015
3210,Oil_thermal,1.056,-22.23212805,-48.71887389,2020,96240.18971
3214,Oil_thermal,1.45,-22.315,-49.061,2020,132147.9878
3218,Oil_thermal,1.172,-20.53000967,-49.30453455,2020,106812.0287
3226,Oil_thermal,3.688,-16.00442078,-49.78671233,2020,336111.5716
3230,Oil_thermal,2,-23.00834127,-44.35506151,2020,182273.0866
3234,Oil_thermal,3.688,-16.40200967,-49.20953455,2020,336111.5716
3238,Oil_thermal,0.369,-16.32882611,-48.95721806,2020,33629.38447
3242,Oil_thermal,0.725,-22.32512194,-49.08300111,2020,66073.99388
3246,Oil_thermal,0.352,-23.49060984,-46.84341668,2020,32080.06324
3250,Oil_thermal,0.3688,-17.73031883,-49.08887156,2020,33611.15716
3254,Oil_thermal,0.36,-22.73266016,-48.57284175,2020,32809.15558
3258,Oil_thermal,0.62,-21.184835,-47.80547611,2020,56504.65683
3262,Oil_thermal,0.142,-22.32512194,-49.08300111,2020,12941.38915
3266,Oil_thermal,0.725,-21.20547611,-50.43922611,2020,66073.99388
3270,Oil_thermal,0.564,-23.54400967,-46.62653455,2020,51401.01041
3274,Oil_thermal,0.48,-23.50179628,-46.82215025,2020,43745.54078
3278,Oil_thermal,1.45,-23.54400967,-46.62653455,2020,132147.9878
3282,Oil_thermal,4.8,-22.46900716,-48.98803336,2020,437455.4078
3286,Oil_thermal,0.2,-19.864738,-44.60538,2020,18227.30866
3294,Oil_thermal,0.184,-21.88796909,-42.70403336,2020,16769.12396
3298,Oil_thermal,11.48,-22.70327398,-47.62459851,2020,1046247.517
3302,Oil_thermal,0.288,-21.16502482,-47.7947477,2020,26247.32447
3306,Oil_thermal,0.64,-23.4801378,-46.52712351,2020,58327.3877
3310,Oil_thermal,0.648,-21.18551389,-47.80895556,2020,59056.48005
3314,Oil_thermal,0.144,-22.29100121,-49.55301195,2020,13123.66223
3318,Oil_thermal,0.252,-22.21000967,-49.93653455,2020,22966.40891
3322,Oil_thermal,1.15,-23.6588269,-46.70334205,2020,104807.0248
3326,Oil_thermal,0.324,-22.21322844,-49.96762605,2020,29528.24002
3330,Oil_thermal,3.75,-22.90734194,-47.06015611,2020,341762.0373
3334,Oil_thermal,0.68,-22.32512194,-49.08300111,2020,61972.84943
3338,Oil_thermal,1.3112,-23.60663208,-46.69634612,2020,119498.2356
3342,Oil_thermal,1.62,-23.68200967,-46.61353455,2020,147641.2001
3346,Oil_thermal,0.64,-12.78710046,-38.40329097,2020,62763.36102
3350,Oil_thermal,0.648,-23.47689805,-46.35160306,2020,59056.48005
3354,Oil_thermal,3.2,-2.69500966,-59.69053455,2020,394514.8979
3358,Oil_thermal,0.972,-21.99404889,-47.42517306,2020,88584.72007
3366,Oil_thermal,5.475,-23.54400967,-46.62653455,2020,498972.5745
3374,Oil_thermal,0.9,-23.53766244,-46.70962344,2020,82022.88895
3378,Oil_thermal,0.72,-13.01477195,-38.48806111,2020,70608.78115
3382,Oil_thermal,0.16,-23.26544194,-47.29975,2020,14581.84693
3386,Oil_thermal,2.23,-23.69000967,-46.55553455,2020,203234.4915
3390,Oil_thermal,0.691,-23.54400967,-46.62653455,2020,62975.35141
3394,Oil_thermal,1.05,-4.49381966,-69.44123455,2020,129450.2009
3398,Oil_thermal,0.6,-21.79036,-48.17444,2020,54681.92597
3402,Oil_thermal,2,-8.28300966,-35.02553455,2020,196135.5032
3406,Oil_thermal,0.208,-22.21493306,-49.95164611,2020,18956.401
3410,Oil_thermal,0.74,-23.49800967,-47.44853455,2020,67441.04203
3414,Oil_thermal,0.04,-23.49090709,-46.58830961,2020,3645.461731
3418,Oil_thermal,1.267,-23.43620688,-46.39120175,2020,115470.0003
3422,Oil_thermal,2,-27.00400967,-51.14253455,2020,862579.3659
3426,Oil_thermal,0.72,-9.29323189,-50.092479,2020,88765.85203
3430,Oil_thermal,0.32,-23.46850611,-46.53108389,2020,29163.69385
3438,Oil_thermal,1.44,-4.45133806,-43.88608,2020,177531.7041
3442,Oil_thermal,3.6,-22.90200967,-47.05153455,2020,328091.5558
3450,Oil_thermal,0.64,-23.22826667,-45.91116944,2020,58327.3877
3454,Oil_thermal,0.264,-23.47459513,-46.47537426,2020,24060.04743
3458,Oil_thermal,1.666,-20.79323966,-49.34864455,2020,151833.4811
3462,Oil_thermal,14.8,-18.16600967,-47.93253455,2020,1348820.841
3470,Oil_thermal,0.04,-21.99200967,-47.41653455,2020,3645.461731
3478,Oil_thermal,4.92,-4.27200966,-55.97453455,2020,606566.6555
3482,Oil_thermal,93.0368,-3.10916667,-59.93944444,2020,11470126.14
3486,Oil_thermal,0.208,-21.93075278,-50.51347222,2020,18956.401
3490,Oil_thermal,0.352,-22.77744411,-45.15442092,2020,32080.06324
3494,Oil_thermal,0.576,-20.55323189,-48.55853455,2020,52494.64893
3498,Oil_thermal,1.08,-3.77370966,-38.53213455,2020,105913.1717
3502,Oil_thermal,0.216,-3.77249999,-38.53666666,2020,21182.63434
3506,Oil_thermal,0.024,-3.73648694,-38.66401806,2020,2353.626038
3510,Oil_thermal,0.024,-3.61882966,-39.50631455,2020,2353.626038
3514,Oil_thermal,0.128,-4.25371288,-69.93996964,2020,15780.59592
3518,Oil_thermal,1.008,-3.03238871,-60.04556857,2020,124272.1928
3522,Oil_thermal,0.032,-5.91200966,-35.25353455,2020,3138.168051
3526,Oil_thermal,0.72,-5.91200966,-35.25353455,2020,70608.78115
3530,Oil_thermal,0.064,-5.90829529,-35.24910041,2020,6276.336102
3534,Oil_thermal,0.044,-21.17800003,-47.81000001,2020,4010.007904
3538,Oil_thermal,0.972,-23.52900967,-46.78253455,2020,88584.72007
3542,Oil_thermal,0.144,-3.38067101,-64.72489846,2020,17753.17041
3546,Oil_thermal,0.35,-1.45888901,-61.63305556,2020,43150.06696
3550,Oil_thermal,1.115,-23.45045278,-46.48895833,2020,101617.2458
3554,Oil_thermal,2.494,-23.64610427,-46.72130838,2020,227294.5389
3558,Oil_thermal,1.8,-23.54400967,-46.62653455,2020,164045.7779
3562,Oil_thermal,0.128,-31.71775545,-52.32939429,2020,55205.07942
3566,Oil_thermal,0.72,-27.66628933,-48.54275849,2020,310528.5717
3570,Oil_thermal,0.307,-23.50689022,-46.62681789,2020,27978.91879
3574,Oil_thermal,0.312,-19.01098025,-57.66784027,2020,28434.6015
3578,Oil_thermal,0.588,-26.22306982,-48.79955747,2020,253598.3336
3582,Oil_thermal,0.018,-21.58410193,-45.46897959,2020,1640.457779
3586,Oil_thermal,0.541,-23.50890194,-46.87465305,2020,49304.86992
3590,Oil_thermal,0.13,-22.55184243,-55.70358151,2020,11847.75063
3594,Oil_thermal,0.044,-22.1259999,-51.38899998,2020,4010.007904
3598,Oil_thermal,0.048,-22.315,-49.061,2020,4374.554078
3602,Oil_thermal,0.065,-21.83450167,-46.56289289,2020,5923.875313
3606,Oil_thermal,1.25,-22.79765,-43.35168056,2020,113920.6791
3610,Oil_thermal,0.084,-23.22832783,-45.8615712,2020,7655.469636
3614,Oil_thermal,0.678,-20.45779368,-54.66855982,2020,61790.57635
3618,Oil_thermal,0.4,-25.59441271,-54.48882214,2020,172515.8732
3622,Oil_thermal,0.876,-23.33111332,-51.13717383,2020,377809.7623
3626,Oil_thermal,2.273,-23.62740607,-46.65579564,2020,207153.3629
3630,Oil_thermal,0.184,-23.54400967,-46.62653455,2020,16769.12396
3634,Oil_thermal,0.12,-23.49800967,-47.44853455,2020,10936.38519
3638,Oil_thermal,0.797,-8.71375169,-63.89986455,2020,72635.825
3654,Oil_thermal,1.28,-23.61086111,-46.69668056,2020,116654.7754
3658,Oil_thermal,0.96,-23.51040573,-46.61167482,2020,87491.08155
3662,Oil_thermal,1.448,-9.26356712,-60.31520132,2020,131965.7147
3666,Oil_thermal,0.032,-23.50712355,-46.66365955,2020,2916.369385
3670,Oil_thermal,3.865,-23.00781136,-47.13716498,2020,352242.7398
3678,Oil_thermal,0.984,-25.53213991,-49.17351327,2020,424389.048
3682,Oil_thermal,2.704,-29.99304407,-51.16833331,2020,1166207.303
3686,Oil_thermal,0.054,-31.38481244,-54.10293178,2020,23289.64288
3690,Oil_thermal,0.608,-26.87956562,-48.64989171,2020,262224.1272
3694,Oil_thermal,0.744,-27.5995412,-48.54515277,2020,320879.5241
3698,Oil_thermal,0.0176,-20.89769596,-51.57032781,2020,1604.003162
3702,Oil_thermal,0.0176,-22.41251194,-47.56353305,2020,1604.003162
3706,Oil_thermal,0.024,-23.93373695,-46.33137111,2020,2187.277039
3710,Oil_thermal,0.012,-22.95689611,-46.54233305,2020,1093.638519
3714,Oil_thermal,0.011,-23.26544194,-47.29975,2020,1002.501976
3718,Oil_thermal,0.184,-22.71688411,-46.77276242,2020,16769.12396
3722,Oil_thermal,0.144,-23.301575,-48.052685,2020,13123.66223
3726,Oil_thermal,0.144,-23.09800967,-48.60653455,2020,13123.66223
3730,Oil_thermal,0.092,-23.35200967,-47.84753455,2020,8384.561982
3734,Oil_thermal,0.092,-23.58787306,-48.04614305,2020,8384.561982
3738,Oil_thermal,0.092,-24.09068056,-49.22723611,2020,8384.561982
3742,Oil_thermal,0.136,-22.871,-49.163,2020,12394.56989
3746,Oil_thermal,0.092,-24.00680111,-48.351435,2020,8384.561982
3750,Oil_thermal,0.092,-23.92000967,-48.68353455,2020,8384.561982
3754,Oil_thermal,0.092,-23.63700967,-47.81553455,2020,8384.561982
3758,Oil_thermal,0.092,-23.10319389,-48.92326305,2020,8384.561982
3762,Oil_thermal,0.022,-18.50841111,-54.75805611,2020,2005.003952
3766,Oil_thermal,0.0176,-23.44000967,-46.90853455,2020,1604.003162
3770,Oil_thermal,0.024,-23.49800967,-47.44853455,2020,2187.277039
3774,Oil_thermal,0.024,-24.31800001,-49.144,2020,2187.277039
3778,Oil_thermal,0.844,-23.35027694,-47.68989389,2020,76919.24253
3782,Oil_thermal,0.725,-23.54400967,-46.62653455,2020,66073.99388
3786,Oil_thermal,6.56,-3.09027778,-59.91527778,2020,808755.5407
3790,Oil_thermal,14.6,-23.54400967,-46.62653455,2020,1330593.532
3794,Oil_thermal,0.984,-10.38962078,-57.70692344,2020,89678.35859
3798,Oil_thermal,0.96,-22.87665194,-43.227875,2020,87491.08155
3802,Oil_thermal,4.44,-30.03003694,-51.22866,2020,1914926.192
3806,Oil_thermal,0.369,-21.0482101,-49.36180095,2020,33629.38447
3810,Oil_thermal,0.088,-22.21000967,-49.93653455,2020,8020.015809
3814,Oil_thermal,0.352,-22.72026174,-46.86234907,2020,32080.06324
3818,Oil_thermal,0.17,-9.51306214,-35.78445876,2020,16671.51777
3822,Oil_thermal,1.62,-23.51900967,-46.17853455,2020,147641.2001
3834,Oil_thermal,0.065,-23.53361194,-46.78881,2020,5923.875313
3838,Oil_thermal,0.156,-23.45155256,-46.3343467,2020,14217.30075
3842,Oil_thermal,3.567,-22.45300967,-47.52053455,2020,325084.0499
3846,Oil_thermal,4,-23.58976244,-46.68094011,2020,364546.1731
3850,Oil_thermal,0.464,-23.538681,-46.40721183,2020,42287.35608
3854,Oil_thermal,0.096,-22.98654087,-43.37216208,2020,8749.108155
3858,Oil_thermal,0.228,-20.63103231,-49.65593533,2020,20779.13187
3862,Oil_thermal,0.23,-5.06345714,-42.8213166,2020,22555.58287
3866,Oil_thermal,0.64,-8.28589806,-35.96707306,2020,62763.36102
3870,Oil_thermal,2.96,-1.459845,-48.48782611,2020,364926.2806
3874,Oil_thermal,3.066,-21.67100967,-45.91053455,2020,279424.6417
3878,Oil_thermal,0.029,-19.9093049,-43.9885908,2020,2642.959755
3882,Oil_thermal,0.144,-21.69592029,-41.29839919,2020,13123.66223
3886,Oil_thermal,2,-22.89900967,-43.19853455,2020,182273.0866
3890,Oil_thermal,140.331,-16.7938888,-49.23944452,2020,12789282.26
3894,Oil_thermal,0.048,-21.79254875,-43.38625517,2020,4374.554078
3898,Oil_thermal,0.616,-7.14718849,-34.95042855,2020,60409.73498
3902,Oil_thermal,0.244,-22.34201432,-41.76533089,2020,22237.31656
3906,Oil_thermal,1.609,-20.83757544,-49.40683683,2020,146638.6981
3910,Oil_thermal,0.728,-22.87665194,-43.227875,2020,66347.40351
3914,Oil_thermal,0.204,-19.84842719,-43.94794977,2020,18591.85483
3918,Oil_thermal,0.024,-19.85036296,-43.94604072,2020,2187.277039
3922,Oil_thermal,0.024,-19.84884124,-43.94927905,2020,2187.277039
3926,Oil_thermal,2.72,-23.61648056,-46.69881389,2020,247891.3977
3930,Oil_thermal,0.324,-22.9102973,-43.16344602,2020,29528.24002
3934,Oil_thermal,2.2,-19.63712078,-43.962479,2020,200500.3952
3938,Oil_thermal,0.1,-7.19787,-59.88566611,2020,12328.59056
3942,Oil_thermal,0.16,-1.39749994,-61.97555561,2020,19725.7449
3946,Oil_thermal,0.08,-2.79292386,-57.06995717,2020,9862.872448
3950,Oil_thermal,0.08,-2.79214339,-57.06858422,2020,9862.872448
3954,Oil_thermal,0.1,-3.89801553,-61.37312659,2020,12328.59056
3958,Oil_thermal,0.0648,-3.89451305,-61.37157111,2020,7988.926683
3962,Oil_thermal,0.35,-6.25027777,-64.24638888,2020,43150.06696
3966,Oil_thermal,0.4296,-3.91582984,-62.91474181,2020,52963.62504
3970,Oil_thermal,0.08,-3.54614726,-63.00796909,2020,9862.872448
3974,Oil_thermal,0.35,-2.57777777,-57.99027777,2020,43150.06696
3978,Oil_thermal,4.68,-5.813205,-61.29924805,2020,576978.0382
3982,Oil_thermal,0.16,-16.70578339,-43.82101898,2020,14581.84693
3986,Oil_thermal,85.38,-2.88850966,-60.02386789,2020,10526150.62
3990,Oil_thermal,1.92,-22.98330278,-43.36685556,2020,174982.1631
3994,Oil_thermal,0.909,-26.91138889,-48.69083333,2020,392042.3218
3998,Oil_thermal,0.208,-22.21935915,-49.94603089,2020,18956.401
4002,Oil_thermal,0.204,-22.21070889,-49.65653,2020,18591.85483
4010,Oil_thermal,0.12,-22.21070889,-49.65653,2020,10936.38519
4014,Oil_thermal,0.8,-23.71030389,-46.55025694,2020,72909.23463
4022,Oil_thermal,0.067,-23.57445009,-46.60318247,2020,6106.1484
4026,Oil_thermal,0.067,-23.54711484,-46.6290722,2020,6106.1484
4030,Oil_thermal,0.067,-23.55901631,-46.61467527,2020,6106.1484
4034,Oil_thermal,0.248,-23.60312491,-46.60266348,2020,22601.86273
4038,Oil_thermal,0.064,-23.61417393,-46.50122587,2020,5832.73877
4042,Oil_thermal,0.062,-23.59817688,-46.59720884,2020,5650.465683
4046,Oil_thermal,0.12,-23.54178723,-46.6293613,2020,10936.38519
4050,Oil_thermal,0.208,-18.87548395,-41.95825326,2020,18956.401
4054,Oil_thermal,0.392,-20.26666667,-40.28638889,2020,35725.52497
4058,Oil_thermal,0.39,-5.76416228,-64.40444277,2020,48081.50318
4062,Oil_thermal,0.568,-4.28777774,-61.80166668,2020,70026.39438
4066,Oil_thermal,0.7,-3.18415525,-59.48333362,2020,86300.13392
4070,Oil_thermal,0.96,-23.502,-47.458,2020,87491.08155
4074,Oil_thermal,0.36,-10.90721611,-37.04821278,2020,35304.39057
4078,Oil_thermal,0.96,-19.64500967,-42.74053455,2020,87491.08155
4082,Oil_thermal,0.4,-23.62168409,-46.77446869,2020,36454.61731
4086,Oil_thermal,0.368,-10.9111111,-37.07166676,2020,36088.93259
4094,Oil_thermal,0.134,-23.50666037,-46.68858299,2020,12212.2968
4098,Oil_thermal,0.23,-3.74925298,-61.65993287,2020,28355.75829
4102,Oil_thermal,0.12,-2.53745623,-57.75954314,2020,14794.30867
4106,Oil_thermal,147.1547,-12.69881695,-38.32574,2020,14431130.57
4110,Oil_thermal,150,-12.69021355,-38.30193735,2020,14710162.74
4114,Oil_thermal,66.4,-5.86880966,-35.30464844,2020,6511698.706
4118,Oil_thermal,94.08,-7.85678744,-35.00936789,2020,9226214.07
4122,Oil_thermal,143.04,-7.86077304,-35.01876676,2020,14027611.19
4126,Oil_thermal,0.4,-23.9614885,-46.38098979,2020,36454.61731
4130,Oil_thermal,1.23,-10.31587806,-36.57671805,2020,120623.3345
4134,Oil_thermal,0.448,-16.63209397,-49.21961258,2020,40829.17139
4138,Oil_thermal,0.704,-15.65438537,-56.11557692,2020,64160.12647
4142,Oil_thermal,0.954,-10.2922144,-48.35628189,2020,117614.7539
4146,Oil_thermal,2.42,-15.86267633,-47.90720122,2020,220550.4347
4150,Oil_thermal,0.288,-18.890123,-48.22986413,2020,26247.32447
4154,Oil_thermal,0.128,-19.76597297,-47.96239004,2020,11665.47754
4158,Oil_thermal,0.14,-23.17545411,-45.877479,2020,12759.11606
4166,Oil_thermal,1.5,-2.91277777,-59.04444443,2020,184928.8584
4170,Oil_thermal,1.2,-23.50153691,-46.85243625,2020,109363.8519
4174,Oil_thermal,2.545,-23.54400967,-46.62653455,2020,231942.5027
4178,Oil_thermal,0.96,-16.67331,-49.25581389,2020,87491.08155
4182,Oil_thermal,0.48,-23.43580992,-46.48281008,2020,43745.54078
4186,Oil_thermal,0.48,-23.43759452,-46.4818464,2020,43745.54078
4190,Oil_thermal,9.6,-23.42930967,-46.45713455,2020,874910.8155
4194,Oil_thermal,0.688,-23.64608966,-46.63864455,2020,62701.94178
4202,Oil_thermal,490,-22.90986348,-43.73963785,2020,44656906.21
4210,Oil_thermal,0.448,-18.20022034,-45.461054,2020,40829.17139
4214,Oil_thermal,0.445,-23.02244569,-45.53939842,2020,40555.76176
4218,Oil_thermal,0.24,-23.45340722,-46.916338,2020,21872.77039
4222,Oil_thermal,0.41,-22.51900967,-44.09453455,2020,37365.98275
4226,Oil_thermal,0.72,-23.56741338,-46.64313464,2020,65618.31116
4230,Oil_thermal,1.056,-23.54400967,-46.62653455,2020,96240.18971
4234,Oil_thermal,1.408,-22.87665194,-43.227875,2020,128320.2529
4238,Oil_thermal,4.944,-20.79288582,-49.21579928,2020,450579.07
4242,Oil_thermal,0.208,-19.46400967,-42.52753455,2020,18956.401
4246,Oil_thermal,0.64,-20.29049778,-40.30387325,2020,58327.3877
4250,Oil_thermal,0.324,-23.47689805,-46.35160306,2020,29528.24002
4254,Oil_thermal,0.7296,-22.78927414,-43.30640351,2020,66493.22198
4258,Oil_thermal,0.0473,-23.529725,-46.66754167,2020,4310.758497
4266,Oil_thermal,7.5,-15.24500966,-40.23853455,2020,735508.1369
4270,Oil_thermal,0.648,-20.55040634,-47.41008151,2020,59056.48005
4274,Oil_thermal,0.04,-23.49651659,-46.62326903,2020,3645.461731
4278,Oil_thermal,0.648,-23.5475,-46.63611111,2020,59056.48005
4282,Oil_thermal,3.6,-27.06186363,-48.90368216,2020,1552642.859
4286,Oil_thermal,0.496,-29.66500967,-52.77953455,2020,213919.6828
4290,Oil_thermal,1.944,-29.66425408,-51.11871065,2020,838427.1437
4294,Oil_thermal,170.852,-7.20957357,-34.92295892,2020,16755071.49
4298,Oil_thermal,148.8,-12.72999389,-38.4821208,2020,14592481.44
4302,Oil_thermal,170.852,-7.16140967,-34.86031455,2020,16755071.49
4306,Oil_thermal,3.36,-15.57720002,-56.07137218,2020,306218.7854
4310,Oil_thermal,148.8,-12.73021042,-38.48121661,2020,14592481.44
4314,Oil_thermal,168,-3.87300966,-38.61653455,2020,16475382.27
4318,Oil_thermal,2.0384,-23.54400967,-46.62653455,2020,185772.7298
4322,Oil_thermal,1.92,-12.96700966,-38.50153455,2020,188290.0831
4326,Oil_thermal,174.6,-20.37395966,-40.42928178,2020,15912440.46
4330,Oil_thermal,165.87,-3.5661887,-44.55871817,2020,20449433.16
4334,Oil_thermal,0.32,-23.30488,-45.96959305,2020,29163.69385
4338,Oil_thermal,4.5,-6.95488898,-40.52030541,2020,441304.8822
4346,Oil_thermal,3.3,-22.89036389,-43.24329222,2020,300750.5928
4350,Oil_thermal,0.648,-23.64731306,-46.85086,2020,59056.48005
4354,Oil_thermal,1.92,-22.40700967,-47.55153455,2020,174982.1631
4362,Oil_thermal,0.48,-28.51400967,-49.31153455,2020,207019.0478
4366,Oil_thermal,0.48,-8.20099837,-35.56500075,2020,47072.52076
4370,Oil_thermal,1.334,-29.91400967,-51.17453455,2020,575340.4371
4378,Oil_thermal,0.09,-2.84663993,-66.92774449,2020,11095.7315
4382,Oil_thermal,165.87,-3.5661887,-44.55871817,2020,20449433.16
4390,Oil_thermal,381.255,-8.351993,-35.022973,2020,37388820.63
4398,Oil_thermal,45.8,-1.76375389,-55.8628,2020,5646494.476
4402,Oil_thermal,0.324,-12.78045411,-38.39442344,2020,31773.95152
4406,Oil_thermal,0.168,-26.00927078,-50.60844566,2020,72456.66674
4410,Oil_thermal,1.8,-22.90734194,-47.06015611,2020,164045.7779
4414,Oil_thermal,0.168,-12.78045411,-38.39442344,2020,16475.38227
4418,Oil_thermal,0.552,-20.79723,-49.35811,2020,50307.37189
4426,Oil_thermal,0.32,-23.025318,-45.55692622,2020,29163.69385
4430,Oil_thermal,0.135,-18.64827,-48.191605,2020,12303.43334
4434,Oil_thermal,0.12,-17.06861111,-47.11027778,2020,10936.38519
4438,Oil_thermal,0.04,-23.54400967,-46.62653455,2020,3645.461731
4442,Oil_thermal,0.208,-23.60351389,-46.93184611,2020,18956.401
4446,Oil_thermal,0.324,-23.548,-46.636,2020,29528.24002
4450,Oil_thermal,0.168,-23.56232633,-46.56640678,2020,15310.93927
4466,Oil_thermal,2.448,-28.53076244,-49.30935955,2020,1055797.144
4470,Oil_thermal,0.445,-22.87665194,-43.227875,2020,40555.76176
4474,Oil_thermal,2.56,-1.403039,-48.430705,2020,315611.9183
4478,Oil_thermal,0.972,-22.38628742,-44.95720123,2020,88584.72007
4482,Oil_thermal,3.6,-22.87721666,-43.27164722,2020,328091.5558
4486,Oil_thermal,0.264,-27.09960118,-52.61537809,2020,113860.4763
4490,Oil_thermal,0.1704,-23.548,-46.636,2020,15529.66698
4494,Oil_thermal,0.972,-12.33742746,-38.77677937,2020,95321.85455
4498,Oil_thermal,0.208,-20.4675936,-54.63132435,2020,18956.401
4502,Oil_thermal,0.48,-23.52210819,-51.43730969,2020,207019.0478
4506,Oil_thermal,0.48,-23.49620133,-46.74257622,2020,43745.54078
4510,Oil_thermal,0.208,-29.16739855,-51.50970122,2020,89708.25406
4514,Oil_thermal,1.44,-5.35260611,-49.142025,2020,177531.7041
4518,Oil_thermal,0.062,-24.95379805,-53.45972194,2020,26739.96034
4522,Oil_thermal,0.48,-26.87505438,-52.40124848,2020,207019.0478
4526,Oil_thermal,0.186,-7.94318805,-34.88479194,2020,18240.6018
4530,Oil_thermal,0.64,-22.87665194,-43.227875,2020,58327.3877
4534,Oil_thermal,0.64,-22.87665194,-43.227875,2020,58327.3877
4538,Oil_thermal,0.96,-22.87665194,-43.227875,2020,87491.08155
4542,Oil_thermal,1.44,-23.54378744,-46.62636789,2020,131236.6223
4546,Oil_thermal,0.186,-22.726843,-45.11525678,2020,16951.39705
4550,Oil_thermal,0.528,-3.37762601,-64.72105304,2020,65094.95815
4554,Oil_thermal,0.128,-0.13035725,-67.05720588,2020,15780.59592
4558,Oil_thermal,0.128,3.86188165,-51.79710575,2020,15780.59592
4562,Oil_thermal,0.408,-11.88491213,-55.58321342,2020,37183.70966
4566,Oil_thermal,0.128,-1.36123448,-48.24543986,2020,15780.59592
4570,Oil_thermal,0.408,-11.63242544,-50.68594226,2020,37183.70966
4574,Oil_thermal,1,-3.14925529,-59.99194968,2020,123285.9056
4578,Oil_thermal,0.408,-5.53726743,-47.46283394,2020,50300.64948
4582,Oil_thermal,0.408,-9.33755804,-54.96550625,2020,50300.64948
4586,Oil_thermal,0.408,-10.78989851,-65.28745145,2020,37183.70966
4590,Oil_thermal,0.04,-1.86955635,-55.51672102,2020,4931.436224
4594,Oil_thermal,0.612,-6.23804158,-57.77715557,2020,75450.97422
4598,Oil_thermal,0.408,-15.85943706,-58.46875146,2020,37183.70966
4602,Oil_thermal,0.408,-6.64161422,-51.95748438,2020,50300.64948
4606,Oil_thermal,0.408,-6.63660272,-69.88493604,2020,50300.64948
4610,Oil_thermal,0.6,-0.13035725,-67.05720588,2020,73971.54336
4614,Oil_thermal,0.528,-8.70992011,-63.89491111,2020,48120.09485
4618,Oil_thermal,0.4,-4.24883925,-69.93548406,2020,49314.36224
4622,Oil_thermal,0.4,-3.14667302,-59.99764441,2020,49314.36224
4626,Oil_thermal,0.612,-1.86941787,-55.51600655,2020,75450.97422
4630,Oil_thermal,0.528,-1.3904556,-48.4799983,2020,65094.95815
4634,Oil_thermal,0.136,-3.37776877,-64.72291021,2020,16766.88316
4638,Oil_thermal,0.4,-8.70976683,-63.89499035,2020,36454.61731
4642,Oil_thermal,0.528,-2.42887722,-54.79870083,2020,65094.95815
4646,Oil_thermal,0.136,-15.85978552,-58.46868027,2020,12394.56989
4650,Oil_thermal,0.136,-6.63660272,-69.88493604,2020,16766.88316
4654,Oil_thermal,0.136,-10.78997705,-65.28744296,2020,12394.56989
4658,Oil_thermal,0.528,-8.34977496,-49.31391389,2020,65094.95815
4662,Oil_thermal,0.528,0.04971232,-51.0690356,2020,65094.95815
4666,Oil_thermal,0.528,-12.69328256,-60.10302861,2020,48120.09485
4670,Oil_thermal,0.528,-2.58378413,-44.23662698,2020,65094.95815
4674,Oil_thermal,0.136,-11.88438389,-55.58289279,2020,12394.56989
4678,Oil_thermal,0.408,-5.81090711,-61.28244172,2020,50300.64948
4682,Oil_thermal,0.04,-1.76375389,-55.8628,2020,4931.436224
4686,Oil_thermal,0.264,-3.03364167,-60.04054167,2020,32547.47908
4690,Oil_thermal,0.08,-3.19456645,-52.20932663,2020,9862.872448
4694,Oil_thermal,0.04,-2.99239934,-60.04774827,2020,4931.436224
4698,Oil_thermal,0.04,-5.37071667,-49.13604444,2020,4931.436224
4702,Oil_thermal,0.04,-4.8764487,-66.90005818,2020,4931.436224
4706,Oil_thermal,2.5,-3.05738744,-60.07695955,2020,308214.764
4710,Oil_thermal,0.04,-23.71030389,-46.55025694,2020,3645.461731
4714,Oil_thermal,0.186,-18.9427777,-46.97979849,2020,16951.39705
4718,Oil_thermal,2.023,-12.91025182,-38.33034256,2020,198391.0615
4722,Oil_thermal,0.0176,-22.95689611,-46.54233305,2020,1604.003162
4726,Oil_thermal,0.012,-22.95689611,-46.54233305,2020,1093.638519
4730,Oil_thermal,1.44,-23.2033176,-45.88352164,2020,131236.6223
4734,Oil_thermal,0.0022,-23.02633894,-45.55501433,2020,200.5003952
4742,Oil_thermal,0.304,-23.52962078,-46.73525678,2020,27705.50916
4746,Oil_thermal,2.368,-8.1318571,-34.91895659,2020,232224.4358
4750,Oil_thermal,1.408,-10.90712078,-37.06220122,2020,138079.3942
4754,Oil_thermal,0.368,-9.65903259,-35.70264841,2020,36088.93259
4758,Oil_thermal,1.8,-20.32573189,-40.28442344,2020,164045.7779
4762,Oil_thermal,0.06,-19.58573189,-46.92803455,2020,5468.192597
4766,Oil_thermal,0.64,-22.87665194,-43.227875,2020,58327.3877
4770,Oil_thermal,0.72,-28.56123467,-49.26438733,2020,310528.5717
4774,Oil_thermal,0.324,-19.64671196,-46.94969441,2020,29528.24002
4778,Oil_thermal,0.016,-23.6972109,-46.57632989,2020,1458.184693
4782,Oil_thermal,1.016,-22.96349555,-47.09934861,2020,92594.72797
4786,Oil_thermal,0.105,-23.54350967,-46.62664566,2020,9569.337045
4790,Oil_thermal,1.08,-23.58682057,-46.72306282,2020,98427.46674
4794,Oil_thermal,1.92,-12.69881694,-38.32573999,2020,188290.0831
4798,Oil_thermal,1.08,-21.76648498,-41.34324668,2020,98427.46674
4802,Oil_thermal,0.72,-26.90739855,-48.68136789,2020,310528.5717
4806,Oil_thermal,1.92,-19.93691857,-44.10144292,2020,174982.1631
4810,Oil_thermal,1.1,-20.16331943,-40.23879978,2020,100250.1976
4814,Oil_thermal,0.72,-29.70494167,-51.13301667,2020,310528.5717
4818,Oil_thermal,0.364,-26.991819,-48.634617,2020,156989.4446
4822,Oil_thermal,0.324,-23.49749419,-46.83698872,2020,29528.24002
4826,Oil_thermal,0.144,-23.53361194,-46.78881,2020,13123.66223
4830,Oil_thermal,0.72,-8.06276194,-34.88894194,2020,70608.78115
4834,Oil_thermal,0.062,-23.54750001,-46.63611321,2020,5650.465683
4838,Oil_thermal,1.44,-7.92267837,-34.89741035,2020,141217.5623
4842,Oil_thermal,0.648,-30.07712078,-51.01386789,2020,279475.7146
4846,Oil_thermal,0.062,-26.48194578,-49.07667344,2020,26739.96034
4850,Oil_thermal,0.186,-27.09478851,-48.61703204,2020,80219.88103
4854,Oil_thermal,0.112,-19.756283,-47.93185,2020,10207.29285
4858,Oil_thermal,0.364,-28.62213316,-49.25949749,2020,156989.4446
4862,Oil_thermal,1.296,-12.81845237,-38.43378965,2020,127095.8061
4866,Oil_thermal,0.96,-23.11703271,-46.4788931,2020,87491.08155
4870,Oil_thermal,0.232,-20.7279624,-46.6129397,2020,21143.67804
4874,Oil_thermal,6,-25.56675686,-48.62000221,2020,2587738.098
4878,Oil_thermal,0.132,-20.29232433,-45.53938393,2020,12030.02371
4882,Oil_thermal,0.728,-24.94700044,-53.50771408,2020,313978.8892
4886,Oil_thermal,0.113,-19.58296604,-46.94803187,2020,10298.42939
4890,Oil_thermal,0.232,-31.31801999,-54.10712421,2020,100059.2064
4894,Oil_thermal,1.44,-29.49661764,-51.41499853,2020,621057.1435
4898,Oil_thermal,0.24,-24.18472222,-53.0275,2020,103509.5239
4902,Oil_thermal,0.311,-18.92258884,-48.28827493,2020,28343.46496
4906,Oil_thermal,0.728,-23.66773473,-52.58627406,2020,313978.8892
4910,Oil_thermal,0.324,-23.15812329,-47.00307795,2020,29528.24002
4914,Oil_thermal,0.648,-24.96155911,-53.50781,2020,279475.7146
4930,Oil_thermal,0.8,-20.55257882,-47.41263916,2020,72909.23463
4934,Oil_thermal,0.8,-10.97077178,-37.06133498,2020,78454.20127
4938,Oil_thermal,1.08,-10.94201942,-37.05872494,2020,105913.1717
4942,Oil_thermal,0.72,-10.90716714,-37.08611739,2020,70608.78115
4946,Oil_thermal,0.576,-10.99525355,-37.06595358,2020,56487.02492
4950,Oil_thermal,0.4,-10.84597863,-37.06325306,2020,39227.10064
4954,Oil_thermal,0.4,-10.94527778,-37.04785277,2020,39227.10064
4958,Oil_thermal,1.296,-29.6904986,-51.07562354,2020,558951.4291
4966,Oil_thermal,0.36,-20.10033824,-43.05750042,2020,32809.15558
4970,Oil_thermal,0.364,-28.646843,-49.20053455,2020,156989.4446
4974,Oil_thermal,0.8,-23.50452222,-46.85487222,2020,72909.23463
4978,Oil_thermal,0.705,-23.46783998,-46.48418301,2020,64251.26301
4982,Oil_thermal,0.456,-23.71554432,-51.11257359,2020,196668.0954
4986,Oil_thermal,0.073,-23.61442982,-46.50447143,2020,6652.96766
4990,Oil_thermal,0.134,-20.91319015,-46.98167511,2020,12212.2968
4994,Oil_thermal,0.232,-9.66579342,-35.73529028,2020,22751.71837
4998,Oil_thermal,0.96,-22.76083577,-43.38234967,2020,87491.08155
5002,Oil_thermal,1.296,-28.44177846,-52.18732228,2020,558951.4291
5006,Oil_thermal,0.153,-20.71353343,-46.61254989,2020,13943.89112
5010,Oil_thermal,0.63,-22.90933218,-43.18162027,2020,57416.02227
5014,Oil_thermal,0.728,-19.49349047,-44.30772034,2020,66347.40351
5018,Oil_thermal,0.972,-23.53244203,-46.79171975,2020,88584.72007
5022,Oil_thermal,8,-19.86028117,-44.60833096,2020,729092.3463
5026,Oil_thermal,1.246,-17.69138889,-49.14222222,2020,113556.1329
5030,Oil_thermal,0.648,-23.00267633,-44.30859011,2020,59056.48005
5034,Oil_thermal,1.6,-18.88938467,-48.24853733,2020,145818.4693
5038,Oil_thermal,0.062,-23.53222355,-46.56604566,2020,5650.465683
5042,Oil_thermal,0.4,-23.497267,-46.835044,2020,36454.61731
5046,Oil_thermal,0.88,-23.64608966,-46.63864455,2020,80200.15809
5050,Oil_thermal,0.352,-23.52631359,-46.58147703,2020,32080.06324
5054,Oil_thermal,0.812,-23.54400967,-46.62653455,2020,74002.87315
5058,Oil_thermal,0.352,-23.54400967,-46.62653455,2020,32080.06324
5062,Oil_thermal,0.12,-23.54400967,-46.62653455,2020,10936.38519
5066,Oil_thermal,0.352,-23.54400967,-46.62653455,2020,32080.06324
5070,Oil_thermal,0.808,-23.68044733,-46.68714074,2020,73638.32697
5074,Oil_thermal,0.369,-23.44853744,-46.72858733,2020,33629.38447
5078,Oil_thermal,0.416,-23.50890194,-46.87465305,2020,37912.80201
5082,Oil_thermal,4,-23.67399855,-46.68797344,2020,364546.1731
5086,Oil_thermal,0.922,-23.75008004,-46.68550888,2020,84027.89291
5090,Oil_thermal,0.758,-23.58656395,-46.75978437,2020,69081.49981
5094,Oil_thermal,1.28,-23.66711548,-46.70699669,2020,116654.7754
5098,Oil_thermal,1.2,-23.36097111,-46.88292,2020,109363.8519
5102,Oil_thermal,0.704,-21.20547611,-50.43922611,2020,64160.12647
5106,Oil_thermal,1.296,-10.90721611,-37.04821278,2020,127095.8061
5110,Oil_thermal,1.35,-7.18791232,-34.9146451,2020,132391.4646
5114,Oil_thermal,2.545,-21.76208913,-43.33838435,2020,231942.5027
5122,Oil_thermal,0.24,-23.61848744,-46.76484566,2020,21872.77039
5126,Oil_thermal,0.4,-23.62214253,-46.77429354,2020,36454.61731
5130,Oil_thermal,1.44,-12.74458371,-38.40470743,2020,141217.5623
5134,Oil_thermal,2.96,-25.3685613,-49.12658976,2020,1276617.462
5146,Oil_thermal,200.79,-7.85850966,-35.00803455,2020,19691023.84
5150,Oil_thermal,1.48,-26.78700519,-50.95660735,2020,638308.7308
5154,Oil_thermal,0.186,-15.248019,-40.624042,2020,18240.6018
5158,Oil_thermal,0.324,-15.24616694,-40.24738111,2020,31773.95152
5162,Oil_thermal,0.186,-15.248019,-40.624042,2020,18240.6018
5166,Oil_thermal,0.186,-15.59245611,-39.87565999,2020,18240.6018
5170,Oil_thermal,0.186,-15.65783,-40.061545,2020,18240.6018
5174,Oil_thermal,0.186,-15.56731611,-40.42204389,2020,18240.6018
5178,Oil_thermal,0.186,-15.61977194,-40.260515,2020,18240.6018
5182,Oil_thermal,0.186,-15.56731611,-40.42204389,2020,18240.6018
5186,Oil_thermal,0.186,-15.11903694,-40.07170306,2020,18240.6018
5190,Oil_thermal,0.186,-14.98846044,-39.92249037,2020,18240.6018
5194,Oil_thermal,0.186,-14.984935,-39.92144194,2020,18240.6018
5198,Oil_thermal,0.186,-14.83767633,-39.97720122,2020,18240.6018
5202,Oil_thermal,0.186,-14.75239855,-40.07970122,2020,18240.6018
5206,Oil_thermal,0.186,-14.97267633,-40.39803455,2020,18240.6018
5210,Oil_thermal,0.186,-15.11903694,-40.07170306,2020,18240.6018
5214,Oil_thermal,5.47,-23.62266987,-46.70103067,2020,498516.8918
5218,Oil_thermal,0.86,-10.92444444,-37.05222222,2020,84338.26637
5222,Oil_thermal,0.44,-10.91111111,-37.07166666,2020,43149.8107
5226,Oil_thermal,0.4,-17.34958194,-44.951065,2020,36454.61731
5230,Oil_thermal,0.075,-19.30700967,-46.03953455,2020,6835.240746
5234,Oil_thermal,0.075,-19.73759611,-45.254115,2020,6835.240746
5238,Oil_thermal,0.08,-19.90714634,-44.05390383,2020,7290.923463
5242,Oil_thermal,2.5,-8.16777778,-34.92027778,2020,245169.379
5246,Oil_thermal,9.828,-2.50999526,-56.17202265,2020,1211653.88
5250,Oil_thermal,5.644,-2.17424041,-56.10508904,2020,695825.6512
5254,Oil_thermal,3.84,-22.03516914,-47.88754319,2020,349964.3262
5258,Oil_thermal,3.84,-21.98163069,-47.89544374,2020,349964.3262
5262,Oil_thermal,3.64,-16.70833333,-49.2725,2020,331737.0175
5266,Oil_thermal,0.24,-1.459845,-48.48782611,2020,29588.61734
5270,Oil_thermal,0.725,-23.64608966,-46.63864455,2020,66073.99388
5290,Oil_thermal,1.016,-29.95310734,-51.06267301,2020,438190.3179
5294,Oil_thermal,2.912,-22.22474934,-42.34238539,2020,265389.614
5298,Oil_thermal,0.264,-23.54400967,-46.62653455,2020,24060.04743
5302,Oil_thermal,2.88,-20.11553551,-44.21603049,2020,262473.2447
5306,Oil_thermal,0.528,-8.28666666,-35.035,2020,51779.77284
5310,Oil_thermal,0.48,-22.19320611,-48.77921806,2020,43745.54078
5314,Oil_thermal,0.44,-12.66591,-38.20632,2020,43149.8107
5318,Oil_thermal,0.96,-22.90572306,-49.62460889,2020,87491.08155
5322,Oil_thermal,4.44,-23.33143498,-47.87461913,2020,404646.2522
5326,Oil_thermal,0.364,-23.52517633,-47.12581233,2020,33173.70175
5330,Oil_thermal,0.48,-25.50684194,-48.52473306,2020,207019.0478
5334,Oil_thermal,1.456,-23.48090319,-47.00216779,2020,132694.807
5338,Oil_thermal,1.82,-30.37487592,-54.34689174,2020,784947.223
5342,Oil_thermal,1.82,-21.013735,-49.50713806,2020,165868.5088
5346,Oil_thermal,0.508,-22.81528896,-45.18490879,2020,46297.36399
5350,Oil_thermal,3.624,-15.89032128,-41.0510361,2020,330278.8329
5354,Oil_thermal,1.44,-31.76333333,-52.48388889,2020,621057.1435
5358,Oil_thermal,2.1888,-16.00277778,-39.94694444,2020,199479.6659
5362,Oil_thermal,1.75,-8.06,-34.8875,2020,171618.5653
5366,Oil_thermal,7,-23.63666522,-46.462079,2020,637955.803
5370,Oil_thermal,11.5,-23.84532472,-46.38157833,2020,1048070.248
5374,Oil_thermal,0.567,-23.58388889,-46.63166667,2020,51674.42004
5378,Oil_thermal,0.292,-23.757435,-46.60795389,2020,26611.87064
5382,Oil_thermal,1.8,-23.30488,-45.96959305,2020,164045.7779
5386,Oil_thermal,0.134,-19.74334363,-47.95623522,2020,12212.2968
5394,Oil_thermal,0.082,-18.91906519,-48.11247899,2020,7473.196549
5398,Oil_thermal,4.015,-8.76889195,-63.83144611,2020,365913.2213
5402,Oil_thermal,0.508,-18.91174551,-48.27186205,2020,46297.36399
5406,Oil_thermal,0.508,-26.26388848,-48.8896599,2020,219095.1589
5410,Oil_thermal,4,-23.64608966,-46.63864455,2020,364546.1731
5414,Oil_thermal,0.134,-28.92333333,-52.13,2020,57792.81752
5418,Oil_thermal,0.368,-26.99711662,-48.65535039,2020,158714.6033
5422,Oil_thermal,1.92,-16.62108324,-47.74754565,2020,174982.1631
5426,Oil_thermal,0.365,-19.80354797,-42.16879183,2020,33264.8383
5430,Oil_thermal,0.508,-22.48677724,-47.44554581,2020,46297.36399
5434,Oil_thermal,1.68,-20.46110909,-45.52725145,2020,153109.3927
5438,Oil_thermal,0.134,-27.25108611,-49.95565194,2020,57792.81752
5442,Oil_thermal,0.72,-16.61506966,-43.92000455,2020,65618.31116
5446,Oil_thermal,1.524,-1.41312567,-48.44262957,2020,187887.7201
5450,Oil_thermal,0.5,-19.69118664,-44.89704742,2020,45568.27164
5454,Oil_thermal,0.55,-20.16331943,-40.23879978,2020,50125.09881
5458,Oil_thermal,0.45,-28.30025262,-54.25603071,2020,194080.3573
5462,Oil_thermal,1,-23.7812077,-53.32096808,2020,431289.683
5466,Oil_thermal,0.347,-7.633315,-48.42480694,2020,42780.20924
5470,Oil_thermal,0.12,-19.7574,-47.95421389,2020,10936.38519
5474,Oil_thermal,0.73,-29.21202778,-51.88925,2020,314841.4686
5478,Oil_thermal,1.46,-16.87803257,-53.58278,2020,133059.3532
5482,Oil_thermal,0.56,-3.49333314,-39.59833348,2020,54917.94089
5486,Oil_thermal,0.144,-14.86611111,-40.83944444,2020,14121.75623
5490,Oil_thermal,0.265,-21.36259537,-45.50324657,2020,24151.18397
5494,Oil_thermal,1.825,-23.64731306,-46.85086,2020,166324.1915
5502,Oil_thermal,0.728,-19.97202778,-44.18236111,2020,66347.40351
5506,Oil_thermal,0.347,-20.32967185,-40.29196857,2020,31624.38052
5510,Oil_thermal,0.41,-23.6582946,-46.60517929,2020,37365.98275
5514,Oil_thermal,0.113,-5.75089889,-35.252255,2020,11081.65593
5518,Oil_thermal,0.347,-23.34744966,-46.86258455,2020,31624.38052
5522,Oil_thermal,1.6,-8.06681987,-34.92245137,2020,156908.4025
5526,Oil_thermal,1.088,-15.80305556,-47.86111111,2020,99156.55909
5530,Oil_thermal,0.113,-28.47675,-49.00047222,2020,48735.73418
5534,Oil_thermal,0.36,-19.66434314,-48.30633344,2020,32809.15558
5538,Oil_thermal,3.36,-16.406745,-48.93766394,2020,306218.7854
5542,Oil_thermal,2.025,-23.50656522,-46.86664566,2020,184551.5001
5546,Oil_thermal,1.772,-20.61297694,-42.14773889,2020,161493.9547
5550,Oil_thermal,1.8,-23.54754336,-46.63598082,2020,164045.7779
5554,Oil_thermal,0.694,-21.68106401,-43.44017624,2020,63248.76104
5558,Oil_thermal,0.134,-2.90336,-41.778171,2020,13141.07871
5562,Oil_thermal,0.41,-25.39359195,-51.46343111,2020,176828.77
5566,Oil_thermal,1.456,-23.64608966,-46.63864455,2020,132694.807
5570,Oil_thermal,0.364,-26.474445,-48.99210389,2020,156989.4446
5574,Oil_thermal,1.65,-22.22999998,-45.93638891,2020,150375.2964
5578,Oil_thermal,0.037,-19.96349956,-43.95457147,2020,3372.052101
5582,Oil_thermal,0.8,-23.95107966,-52.56711455,2020,345031.7464
5586,Oil_thermal,0.192,-27.09831,-48.91516305,2020,82807.61913
5590,Oil_thermal,0.062,-23.64608966,-46.63864455,2020,5650.465683
5594,Oil_thermal,0.265,-27.32957966,-48.85640455,2020,114291.766
5598,Oil_thermal,0.508,-28.12273714,-54.82577347,2020,219095.1589
5606,Oil_thermal,0.113,-17.93147,-47.66514,2020,10298.42939
5610,Oil_thermal,0.084,-15.44889,-55.939,2020,7655.469636
5614,Oil_thermal,1.524,-21.42817806,-45.94891805,2020,138892.092
5618,Oil_thermal,2.2,-26.47028312,-48.74850635,2020,948837.3025
5622,Oil_thermal,0.912,-30.04582,-52.89341306,2020,393336.1909
5630,Oil_thermal,1.016,-23.65778334,-46.85289328,2020,92594.72797
5634,Oil_thermal,2.032,-25.53052248,-49.1966609,2020,876380.6358
5638,Oil_thermal,0.704,-8.29640895,-35.95191104,2020,69039.69712
5642,Oil_thermal,2.032,-29.63806272,-51.00701433,2020,876380.6358
5646,Oil_thermal,1.296,-22.85024244,-45.23388591,2020,118112.9601
5650,Oil_thermal,2.032,-29.98567416,-51.16600591,2020,876380.6358
5654,Oil_thermal,1.016,-29.98621559,-51.16481307,2020,438190.3179
5658,Oil_thermal,3,-25.43295611,-49.27184806,2020,1293869.049
5662,Oil_thermal,0.113,-19.47511194,-46.53861111,2020,10298.42939
5666,Oil_thermal,0.347,-20.07015966,-43.89448455,2020,31624.38052
5670,Oil_thermal,0.1,-23.08314966,-45.49288455,2020,9113.654328
5678,Oil_thermal,0.122,-26.30451806,-48.84940889,2020,52617.34132
5682,Oil_thermal,0.365,-5.10750716,-36.31995722,2020,35794.72933
5686,Oil_thermal,3.264,-22.9102778,-43.5483333,2020,297469.6773
5690,Oil_thermal,0.508,-22.32512194,-49.08300111,2020,46297.36399
5694,Oil_thermal,0.48,-27.86049966,-54.48759455,2020,207019.0478
5698,Oil_thermal,0.365,-12.15283006,-44.99005309,2020,35794.72933
5702,Oil_thermal,0.264,-27.41573189,-51.762479,2020,113860.4763
5706,Oil_thermal,1.247,-19.80058018,-44.00332028,2020,113647.2695
5710,Oil_thermal,1.44,-22.48170694,-47.45828305,2020,131236.6223
5714,Oil_thermal,0.06,-18.91472104,-48.26754695,2020,5468.192597
5718,Oil_thermal,2.4,-10.90721611,-37.04821278,2020,235362.6038
5722,Oil_thermal,0.508,-27.12098966,-52.64085455,2020,219095.1589
5726,Oil_thermal,0.755,-7.50611111,-63.02083333,2020,93080.85872
5730,Oil_thermal,0.12,-28.48846966,-49.31938455,2020,51754.76196
5738,Oil_thermal,0.96,-12.6933074,-38.31515078,2020,94145.04153
5742,Oil_thermal,2.032,-23.68611111,-46.62277778,2020,185189.4559
5746,Oil_thermal,0.12,-28.59437966,-49.32454455,2020,51754.76196
5750,Oil_thermal,0.365,-27.93989855,-52.91359011,2020,157420.7343
5754,Oil_thermal,3.2,-13.30588889,-56.57297222,2020,291636.9385
5758,Oil_thermal,1.016,-29.35843966,-51.95562455,2020,438190.3179
5762,Oil_thermal,0.08,-19.02377966,-48.32227455,2020,7290.923463
5766,Oil_thermal,2.8,-10.90721611,-37.04821278,2020,274589.7045
5770,Oil_thermal,0.365,-29.51278785,-51.98529726,2020,157420.7343
5774,Oil_thermal,3.6,-21.75512966,-42.54834455,2020,328091.5558
5778,Oil_thermal,2.4,-16.6591564,-49.25923646,2020,218727.7039
5782,Oil_thermal,1.32,-23.58869231,-46.83015485,2020,120300.2371
5786,Oil_thermal,2.76,-15.64267633,-56.12303455,2020,251536.8595
5790,Oil_thermal,1.44,-23.60351389,-46.93184611,2020,131236.6223
5794,Oil_thermal,0.265,-27.24138876,-48.63361102,2020,114291.766
5798,Oil_thermal,0.2,-22.95181018,-43.37264679,2020,18227.30866
5802,Oil_thermal,3.409,-22.94580204,-43.36408073,2020,310684.476
5806,Oil_thermal,0.8,-18.85438848,-48.29953748,2020,72909.23463
5814,Oil_thermal,0.276,-7.93695411,-34.86363426,2020,27066.69944
5818,Oil_thermal,3.2,-29.76146667,-55.86535,2020,1380126.985
5822,Oil_thermal,1.92,-7.92267837,-34.89741035,2020,188290.0831
5826,Oil_thermal,1.6,-31.77186305,-52.41754778,2020,690063.4927
5830,Oil_thermal,2.032,-26.91610805,-49.05763111,2020,876380.6358
5834,Oil_thermal,1.095,-10.7393398,-37.81717177,2020,107384.188
5838,Oil_thermal,3,-23.64608966,-46.63864455,2020,273409.6298
5846,Oil_thermal,1.82,-23.64608966,-46.63864455,2020,165868.5088
5850,Oil_thermal,0.04,-23.54380245,-46.62676417,2020,3645.461731
5854,Oil_thermal,3.409,-22.94582779,-43.36363438,2020,310684.476
5858,Oil_thermal,1.265,-23.5475,-46.63611111,2020,115287.7273
5862,Oil_thermal,3.2,-31.35444444,-54.03477221,2020,1380126.985
5866,Oil_thermal,0.042,-23.64608966,-46.63864455,2020,3827.734818
5870,Oil_thermal,0.3472,-30.02900967,-51.22053455,2020,149743.7779
5874,Oil_thermal,0.48,-19.02377966,-48.32227455,2020,43745.54078
5882,Oil_thermal,0.8,-23.42011988,-46.20757715,2020,72909.23463
5886,Oil_thermal,1.2,-19.02377966,-48.32227455,2020,109363.8519
5890,Oil_thermal,0.12,-18.95977887,-49.44139565,2020,10936.38519
5894,Oil_thermal,0.112,-23.529343,-46.60720123,2020,10207.29285
5898,Oil_thermal,0.347,-26.49048389,-49.07629889,2020,149657.52
5902,Oil_thermal,0.694,-16.73050922,-43.85103588,2020,63248.76104
5906,Oil_thermal,0.324,-15.12572966,-46.14902455,2020,29528.24002
5910,Oil_thermal,0.265,-29.71976806,-52.42992889,2020,114291.766
5914,Oil_thermal,0.184,-20.74981716,-44.73597529,2020,16769.12396
5918,Oil_thermal,0.18,-19.77345546,-47.94449577,2020,16404.57779
5922,Oil_thermal,0.365,-29.69071759,-51.07539543,2020,157420.7343
5926,Oil_thermal,4.96,-20.88382778,-51.35837222,2020,452037.2547
5930,Oil_thermal,0.053,-22.74424999,-50.60211115,2020,4830.236794
5934,Oil_thermal,1.041,-30.02900967,-51.22053455,2020,448972.56
5938,Oil_thermal,8,-23.52878744,-46.56164567,2020,729092.3463
5942,Oil_thermal,1.683,-18.87244594,-48.25136662,2020,153382.8023
5946,Oil_thermal,0.508,-15.79408695,-47.887905,2020,46297.36399
5950,Oil_thermal,2.032,-6.07273,-49.90078111,2020,250516.9602
5954,Oil_thermal,1.15,-18.89331418,-48.23361865,2020,104807.0248
5958,Oil_thermal,0.113,-26.62236966,-48.97880455,2020,48735.73418
5962,Oil_thermal,0.134,-5.78492966,-35.71101455,2020,13141.07871
5966,Oil_thermal,0.38571,-19.96992211,-47.89209721,2020,35152.27611
5970,Oil_thermal,0.347,-28.6775,-49.36972222,2020,149657.52
5974,Oil_thermal,1.6,-19.67737195,-51.18870805,2020,145818.4693
5978,Oil_thermal,0.185,-19.57693966,-47.96769455,2020,16860.26051
5982,Oil_thermal,1.6,-17.79454305,-50.92968111,2020,145818.4693
5986,Oil_thermal,0.72,-23.71030389,-46.55025694,2020,65618.31116
5990,Oil_thermal,0.08,-23.53492311,-46.76546349,2020,7290.923463
5994,Oil_thermal,4.352,-22.31000966,-42.86435455,2020,396626.2364
5998,Oil_thermal,0.12,-18.57312966,-48.21270455,2020,10936.38519
6002,Oil_thermal,0.508,-29.16689889,-51.17886,2020,219095.1589
6006,Oil_thermal,1.12,-15.85334195,-48.96252693,2020,102072.9285
6010,Oil_thermal,10.8,-25.20537886,-53.9512981,2020,4657928.576
6014,Oil_thermal,2,-22.77972222,-47.31972222,2020,182273.0866
6018,Oil_thermal,0.35,-23.64608966,-46.63864455,2020,31897.79015
6022,Oil_thermal,0.134,-18.57489855,-46.50831233,2020,12212.2968
6026,Oil_thermal,2,-23.64608966,-46.63864455,2020,182273.0866
6030,Oil_thermal,0.72,-18.81601966,-44.43838455,2020,65618.31116
6034,Oil_thermal,1.2,-10.93861111,-37.08277778,2020,117681.3019
6038,Oil_thermal,0.347,-18.12685694,-40.36342111,2020,31624.38052
6042,Oil_thermal,0.065,-18.91861064,-48.29722222,2020,5923.875313
6046,Oil_thermal,0.365,-8.15019966,-35.28311455,2020,35794.72933
6050,Oil_thermal,1.016,-28.59505226,-52.18871704,2020,438190.3179
6054,Oil_thermal,0.508,-29.13037299,-51.51269423,2020,219095.1589
6058,Oil_thermal,0.5,-23.93472222,-47.01638889,2020,45568.27164
6062,Oil_thermal,0.1,-19.7467597,-47.93449708,2020,9113.654328
6066,Oil_thermal,0.347,-30.04582,-52.89341306,2020,149657.52
6070,Oil_thermal,0.508,-30.04582,-52.89341306,2020,219095.1589
6074,Oil_thermal,0.347,-30.04582,-52.89341306,2020,149657.52
6078,Oil_thermal,0.265,-12.22928389,-38.96003305,2020,25987.95417
6082,Oil_thermal,0.5,-5.91037,-35.25920889,2020,49033.8758
6086,Oil_thermal,0.192,-18.96890417,-49.4650036,2020,17498.21631
6090,Oil_thermal,0.569,-22.92875224,-43.38529448,2020,51856.69313
6094,Oil_thermal,0.2,-19.57693966,-47.96769455,2020,18227.30866
6098,Oil_thermal,0.113,-15.88999959,-52.25666639,2020,10298.42939
6102,Oil_thermal,0.288,-19.02377966,-48.32227455,2020,26247.32447
6106,Oil_thermal,0.06,-19.02377966,-48.32227455,2020,5468.192597
6110,Oil_thermal,2.24,-18.72761,-49.113,2020,204145.857
6114,Oil_thermal,0.144,-17.86902889,-41.50432463,2020,13123.66223
6118,Oil_thermal,0.26,-18.59631484,-48.67750023,2020,23695.50125
6122,Oil_thermal,0.208,-19.737596,-45.254115,2020,18956.401
6126,Oil_thermal,0.175,-3.47489,-66.06304194,2020,21575.03348
6130,Oil_thermal,2,-23.42053744,-46.22331233,2020,182273.0866
6134,Oil_thermal,0.208,-19.86944444,-47.42194444,2020,18956.401
6138,Oil_thermal,0.113,-19.74350193,-47.92169164,2020,10298.42939
6142,Oil_thermal,0.22,-20.89444047,-47.00933897,2020,20050.03952
6146,Oil_thermal,0.64,-19.76350556,-47.96142222,2020,58327.3877
6150,Oil_thermal,0.6944,-18.59257111,-46.51591611,2020,63285.21566
6154,Oil_thermal,0.36,-19.55401966,-42.59316455,2020,32809.15558
6158,Oil_thermal,0.347,-27.27212077,-48.839979,2020,149657.52
6162,Oil_thermal,0.8,-19.033855,-46.15459805,2020,72909.23463
6166,Oil_thermal,0.232,-18.728768,-47.49593468,2020,21143.67804
6170,Oil_thermal,0.52,-19.76632824,-47.95100836,2020,47391.00251
6178,Oil_thermal,0.065,-23.61508618,-46.55299617,2020,5923.875313
6182,Oil_thermal,8.934,-23.54350967,-46.62664566,2020,814213.8777
6186,Oil_thermal,0.55,-22.879343,-43.094979,2020,50125.09881
6190,Oil_thermal,2.19,-23.93169762,-52.4963937,2020,944524.4057
6194,Oil_thermal,0.192,-16.722707,-43.865422,2020,17498.21631
6202,Oil_thermal,0.26,-27.81725889,-50.33022194,2020,112135.3176
6210,Oil_thermal,0.725,-23.64608966,-46.63864455,2020,66073.99388
6214,Oil_thermal,0.368,-19.43497966,-42.59145455,2020,33538.24793
6218,Oil_thermal,0.281,-19.95595186,-47.83718353,2020,25609.36866
6222,Oil_thermal,0.144,-19.43497966,-42.59145455,2020,13123.66223
6226,Oil_thermal,0.347,-29.68558194,-53.80867499,2020,149657.52
6230,Oil_thermal,3.355,-22.92787,-47.12746,2020,305763.1027
6234,Oil_thermal,0.324,-30.58942966,-53.46847455,2020,139737.8573
6238,Oil_thermal,0.24,-19.59133,-46.94001,2020,21872.77039
6242,Oil_thermal,0.8,-21.75189889,-41.33047611,2020,72909.23463
6246,Oil_thermal,0.125,-19.02377966,-48.32227455,2020,11392.06791
6250,Oil_thermal,0.44,-25.09254694,-50.16144194,2020,189767.4605
6254,Oil_thermal,0.1128,-19.48103195,-42.52035111,2020,10280.20208
6258,Oil_thermal,0.168,-26.22626329,-51.07688947,2020,72456.66674
6262,Oil_thermal,0.4,-19.93752389,-43.92645306,2020,36454.61731
6266,Oil_thermal,2,-18.77943966,-41.95409455,2020,182273.0866
6270,Oil_thermal,0.265,-23.43888889,-46.45277778,2020,24151.18397
6274,Oil_thermal,0.208,-19.72373614,-50.26696878,2020,18956.401
6278,Oil_thermal,0.27,-19.76761695,-43.85000694,2020,24606.86669
6282,Oil_thermal,0.205,-21.12723304,-44.23792153,2020,18682.99137
6286,Oil_thermal,0.508,-26.30451806,-48.84940889,2020,219095.1589
6290,Oil_thermal,0.265,-29.9906057,-51.20181369,2020,114291.766
6294,Oil_thermal,3.2,-15.79408695,-47.887905,2020,291636.9385
6298,Oil_thermal,0.364,-19.92083305,-43.93777807,2020,33173.70175
6302,Oil_thermal,1.45,-23.64608966,-46.63864455,2020,132147.9878
6306,Oil_thermal,0.12,-28.60302305,-49.32712889,2020,51754.76196
6310,Oil_thermal,1,-26.86351959,-49.09083173,2020,431289.683
6314,Oil_thermal,0.728,-22.97726805,-49.86858,2020,66347.40351
6318,Oil_thermal,0.365,-23.41351694,-51.43828,2020,157420.7343
6322,Oil_thermal,2.65,-23.50890194,-46.87465305,2020,241511.8397
6326,Oil_thermal,0.36,-23.50128966,-46.86778455,2020,32809.15558
6330,Oil_thermal,0.265,-18.94081305,-46.99743806,2020,24151.18397
6334,Oil_thermal,0.8,-22.43269611,-46.95636694,2020,72909.23463
6338,Oil_thermal,0.244,-19.41325111,-42.41816611,2020,22237.31656
6342,Oil_thermal,0.256,-23.60232554,-46.63690476,2020,23330.95508
6346,Oil_thermal,1.04,-27.0965254,-48.92013613,2020,448541.2703
6350,Oil_thermal,0.24,-22.27308728,-48.07936407,2020,21872.77039
6354,Oil_thermal,0.1696,-19.57693966,-47.96769455,2020,15456.75774
6362,Oil_thermal,0.073,-18.91200411,-48.27078455,2020,6652.96766
6366,Oil_thermal,0.365,-23.51816984,-46.62747695,2020,33264.8383
6370,Oil_thermal,2,-21.77041966,-48.54025455,2020,182273.0866
6374,Oil_thermal,0.576,-23.52798333,-46.37749167,2020,52494.64893
6378,Oil_thermal,0.192,-23.59715111,-46.68715396,2020,17498.21631
6382,Oil_thermal,0.36,-19.44628801,-43.10470092,2020,32809.15558
6386,Oil_thermal,0.113,-22.56380296,-47.16364594,2020,10298.42939
6390,Oil_thermal,0.8,-10.85724226,-37.08230141,2020,78454.20127
6394,Oil_thermal,0.21,-18.72079264,-47.48906763,2020,19138.67409
6398,Oil_thermal,0.288,-19.80381646,-42.1520645,2020,26247.32447
6402,Oil_thermal,0.22,-19.02377966,-48.32227455,2020,20050.03952
6406,Oil_thermal,0.232,-13.67527778,-57.89194445,2020,21143.67804
6410,Oil_thermal,0.5,-18.95329302,-48.2679484,2020,45568.27164
6414,Oil_thermal,1.6,-19.86052472,-47.43013931,2020,145818.4693
6418,Oil_thermal,0.144,-19.67737195,-51.18870805,2020,13123.66223
6422,Oil_thermal,0.4,-20.12372716,-44.93068529,2020,36454.61731
6426,Oil_thermal,1.23,-12.86941966,-38.50519455,2020,120623.3345
6430,Oil_thermal,0.4,-23.2323621,-45.92710166,2020,36454.61731
6434,Oil_thermal,0.16,-19.69889611,-46.17371,2020,14581.84693
6438,Oil_thermal,0.085,-3.50155427,-61.71741784,2020,10479.30198
6442,Oil_thermal,0.347,-18.96652966,-47.04178455,2020,31624.38052
6446,Oil_thermal,0.208,-20.03172966,-48.99099455,2020,18956.401
6450,Oil_thermal,0.36,-23.39582694,-46.32049,2020,32809.15558
6454,Oil_thermal,0.134,-26.30451806,-48.84940889,2020,57792.81752
6458,Oil_thermal,0.168,-15.44489966,-55.92953455,2020,15310.93927
6462,Oil_thermal,0.6,-23.57940884,-46.63910498,2020,54681.92597
6466,Oil_thermal,1.456,-23.65008,-46.64811,2020,132694.807
6470,Oil_thermal,0.508,-18.98864966,-49.53474455,2020,46297.36399
6474,Oil_thermal,0.425,-19.59333343,-46.94055553,2020,38733.03089
6478,Oil_thermal,0.134,-19.83026966,-44.59839455,2020,12212.2968
6482,Oil_thermal,0.184,-20.01879,-48.932375,2020,16769.12396
6486,Oil_thermal,0.8,-18.99598197,-45.95738221,2020,72909.23463
6490,Oil_thermal,0.192,-5.81818738,-42.78659719,2020,18829.00831
6498,Oil_thermal,0.364,-8.06276194,-34.88894194,2020,35696.66158
6502,Oil_thermal,0.184,-20.46488389,-45.42642806,2020,16769.12396
6506,Oil_thermal,0.87164,-18.75170226,-47.50683399,2020,79438.25659
6510,Oil_thermal,0.116,-19.78119274,-47.94539095,2020,10571.83902
6514,Oil_thermal,0.06,-19.9627,-44.16134722,2020,5468.192597
6518,Oil_thermal,0.113,-5.52652389,-47.47981111,2020,13931.30733
6522,Oil_thermal,0.508,-29.52656522,-51.2385901,2020,219095.1589
6526,Oil_thermal,0.72,-19.74919942,-47.94355624,2020,65618.31116
6530,Oil_thermal,1.2,-10.42212528,-36.92247056,2020,117681.3019
6534,Oil_thermal,0.5,-23.58554381,-46.72197608,2020,45568.27164
6538,Oil_thermal,4.8,-16.67331,-49.25581389,2020,437455.4078
6542,Oil_thermal,0.73,-27.09831,-48.91516305,2020,314841.4686
6546,Oil_thermal,0.347,-23.64731306,-46.85086,2020,31624.38052
6550,Oil_thermal,0.1344,-27.35888194,-53.40077694,2020,57965.33339
6554,Oil_thermal,1.3,-23.57176337,-46.70334952,2020,118477.5063
6558,Oil_thermal,18,-23.86694444,-46.42,2020,1640457.779
6562,Oil_thermal,0.641,-23.64608966,-46.63864455,2020,58418.52424
6566,Oil_thermal,0.4,-18.59296966,-46.49824455,2020,36454.61731
6574,Oil_thermal,2.24,-22.880765,-42.020075,2020,204145.857
6578,Oil_thermal,0.0096,-23.64777772,-46.85777772,2020,874.9108155
6582,Oil_thermal,0.365,-29.68632611,-51.128605,2020,157420.7343
6586,Oil_thermal,4.6,-0.00840729,-51.08146896,2020,567115.1657
6590,Oil_thermal,1.5,-20.11648884,-44.83570435,2020,136704.8149
6594,Oil_thermal,0.225,-23.56111111,-46.47833333,2020,20505.72224
6598,Oil_thermal,1.48,-23.5866425,-46.78155671,2020,134882.0841
6602,Oil_thermal,0.508,-26.35517633,-52.84164566,2020,219095.1589
6606,Oil_thermal,1.016,-23.46277778,-46.53333333,2020,92594.72797
6610,Oil_thermal,0.192,-26.11138888,-49.80527777,2020,82807.61913
6614,Oil_thermal,0.3648,-5.09088704,-42.80336503,2020,35775.11578
6618,Oil_thermal,0.347,-28.6627518,-49.4279314,2020,149657.52
6622,Oil_thermal,0.48,-5.08517633,-42.79247899,2020,47072.52076
6626,Oil_thermal,0.092,-18.96076799,-49.45586788,2020,8384.561982
6630,Oil_thermal,0.134,-5.08517633,-42.79247899,2020,13141.07871
6634,Oil_thermal,0.092,-19.94344611,-44.066345,2020,8384.561982
6638,Oil_thermal,0.4,-18.59296966,-46.49824455,2020,36454.61731
6642,Oil_thermal,0.04,-15.79083961,-47.91949064,2020,3645.461731
6646,Oil_thermal,0.8,-16.68989722,-49.24017778,2020,72909.23463
6650,Oil_thermal,1.45,-23.61820133,-46.69118455,2020,132147.9878
6654,Oil_thermal,1.9,-23.61820133,-46.69118455,2020,173159.4322
6658,Oil_thermal,1.524,-3.89478889,-38.60228055,2020,149455.2534
6662,Oil_thermal,0.368,-18.91444022,-48.18616233,2020,33538.24793
6666,Oil_thermal,0.093,-23.64608966,-46.63864455,2020,8475.698525
6670,Oil_thermal,3.2,-20.034535,-44.14586694,2020,291636.9385
6674,Oil_thermal,3,-3.723805,-38.58992806,2020,294203.2548
6678,Oil_thermal,0.256,-18.85703744,-48.27482622,2020,23330.95508
6682,Oil_thermal,0.17893,-18.89909855,-48.27232899,2020,16307.06169
6686,Oil_thermal,1.45,-23.61820133,-46.69118455,2020,132147.9878
6690,Oil_thermal,0.00024,-28.62496389,-49.04912889,2020,103.5095239
6694,Oil_thermal,0.192,-1.36555555,-48.37222222,2020,23670.89387
6698,Oil_thermal,0.3,-21.47732194,-44.34088611,2020,27340.96298
6702,Oil_thermal,0.36,-19.02377966,-48.32227455,2020,32809.15558
6706,Oil_thermal,0.48,-19.88335966,-44.07446455,2020,43745.54078
6710,Oil_thermal,0.24,-27.72501546,-52.28390392,2020,103509.5239
6714,Oil_thermal,0.325,-19.89849855,-49.35854288,2020,29619.37657
6718,Oil_thermal,0.4,-19.02377966,-48.32227455,2020,36454.61731
6722,Oil_thermal,0.44,-19.58185146,-47.98022218,2020,40100.07904
6726,Oil_thermal,0.18,-19.82210137,-47.89313212,2020,16404.57779
6730,Oil_thermal,0.1,-23.60878744,-46.75747899,2020,9113.654328
6734,Oil_thermal,1.56,-19.94557372,-44.11347144,2020,142173.0075
6738,Oil_thermal,1.12,-20.92621244,-46.98524749,2020,102072.9285
6742,Oil_thermal,0.4,-15.64487485,-56.12460492,2020,36454.61731
6746,Oil_thermal,0.208,-31.76827179,-52.3432695,2020,89708.25406
6750,Oil_thermal,0.3,-30.0496437,-51.20273339,2020,129386.9049
6754,Oil_thermal,1.04,-27.09449949,-52.63887445,2020,448541.2703
6758,Oil_thermal,0.32,-8.11486773,-35.28509335,2020,31381.68051
6762,Oil_thermal,1,-9.57264463,-35.74148984,2020,98067.75159
6766,Oil_thermal,1.12,-3.75722864,-38.53396928,2020,109835.8818
6770,Oil_thermal,0.4,-23.03709173,-45.56014859,2020,36454.61731
6774,Oil_thermal,1,-28.27086517,-52.385605,2020,431289.683
6778,Oil_thermal,0.32,-7.94224033,-34.86475448,2020,31381.68051
6782,Oil_thermal,1,-29.69888972,-53.836506,2020,98067.75159
6786,Oil_thermal,0.72,-12.31666666,-38.76666666,2020,70608.78115
6790,Oil_thermal,1,-23.05394902,-45.60452672,2020,91136.54328
6794,Oil_thermal,1,-23.11301364,-47.21746855,2020,91136.54328
6798,Oil_thermal,1.64,-12.78704652,-38.40328509,2020,160831.1126
6802,Oil_thermal,2.8,-22.72372194,-47.64684611,2020,255182.3212
6806,Oil_thermal,0.288,-23.93373694,-46.33137111,2020,26247.32447
6810,Oil_thermal,0.288,-23.65989855,-46.52886788,2020,26247.32447
6814,Oil_thermal,0.36,-23.71030389,-46.55025694,2020,32809.15558
6818,Oil_thermal,0.368,-15.79408695,-47.887905,2020,33538.24793
6822,Oil_thermal,2.72,-23.65463004,-45.43810408,2020,247891.3977
6826,Oil_thermal,2.72,-23.46663736,-46.5811782,2020,247891.3977
6830,Oil_thermal,0.208,-23.54350966,-46.62664566,2020,18956.401
6834,Oil_thermal,2.24,-23.65989855,-46.52886788,2020,204145.857
6838,Oil_thermal,2.08,-23.54350966,-46.62664566,2020,189564.01
6842,Oil_thermal,0.288,-23.54329314,-46.68316284,2020,26247.32447
6846,Oil_thermal,0.52,-23.50656522,-46.86664566,2020,47391.00251
6850,Oil_thermal,0.4,-23.09056944,-45.92853888,2020,36454.61731
6854,Oil_thermal,0.704,-23.54350966,-46.62664566,2020,64160.12647
6858,Oil_thermal,0.9,-23.30488,-45.96959305,2020,82022.88895
6862,Oil_thermal,0.8,-5.88468683,-35.21329932,2020,78454.20127
6866,Oil_thermal,0.56,-12.90755402,-38.46167397,2020,54917.94089
6870,Oil_thermal,0.062,-23.30128744,-45.95636788,2020,5650.465683
6874,Oil_thermal,1.12,-23.54350966,-46.62664566,2020,102072.9285
6878,Oil_thermal,1.0176,-23.65989855,-46.52886788,2020,92740.54644
6882,Oil_thermal,0.56,-23.50890194,-46.87465305,2020,51036.46424
6886,Oil_thermal,1.92,-23.47746263,-46.64557723,2020,174982.1631
6890,Oil_thermal,0.56,-23.64734966,-46.84203455,2020,51036.46424
6894,Oil_thermal,0.56,-23.64731306,-46.85086,2020,51036.46424
6898,Oil_thermal,1.12,-23.51055555,-46.90944444,2020,102072.9285
6902,Oil_thermal,0.065,-23.17517633,-45.87775677,2020,5923.875313
6906,Oil_thermal,0.044,-23.10066389,-45.70773,2020,4010.007904
6910,Oil_thermal,1.68,-22.87665194,-43.227875,2020,153109.3927
6914,Oil_thermal,0.508,-26.30444444,-48.84555556,2020,219095.1589
6918,Oil_thermal,0.11,-23.58797633,-46.66442344,2020,10025.01976
6926,Oil_thermal,4.0496,-23.46638889,-46.86527777,2020,369066.5457
6930,Oil_thermal,0.06,-23.09057,-45.92854,2020,5468.192597
6934,Oil_thermal,2.7,-22.77307911,-47.36595955,2020,246068.6669
6938,Oil_thermal,0.644,-22.81722222,-43.23694444,2020,58691.93387
6942,Oil_thermal,0.6813,-23.58083333,-46.67888889,2020,62091.32694
6946,Oil_thermal,1.68,-28.25600968,-52.40303454,2020,724566.6674
6950,Oil_thermal,10,-23.64618484,-46.63857317,2020,911365.4328
6958,Oil_thermal,0.52,-18.885,-48.25861111,2020,47391.00251
6962,Oil_thermal,0.08,-23.58555557,-46.74055554,2020,7290.923463
6966,Oil_thermal,0.168,-28.51778755,-49.3208391,2020,72456.66674
6970,Oil_thermal,0.0424,-23.68416667,-46.45944447,2020,3864.189435
6974,Oil_thermal,0.2416,-21.39593911,-45.16385007,2020,22018.58886
6978,Oil_thermal,0.2416,-21.37209999,-45.30692776,2020,22018.58886
6982,Oil_thermal,0.2416,-21.38177855,-45.34894406,2020,22018.58886
6986,Oil_thermal,0.5136,-19.36769435,-45.26982094,2020,46807.72863
6990,Oil_thermal,0.0624,-23.21799308,-45.90749205,2020,5686.920301
6994,Oil_thermal,0.8,-18.98573189,-47.46720122,2020,72909.23463
6998,Oil_thermal,3.65,-22.71861111,-46.78555556,2020,332648.383
7002,Oil_thermal,3.8744,-23.52585953,-46.67860641,2020,353099.4233
7006,Oil_thermal,0.368,-10.98050353,-37.04517626,2020,36088.93259
7010,Oil_thermal,0.0026,-29.176425,-54.848741,2020,1121.353176
7026,Oil_thermal,6.72,-9.70083333,-64.51916667,2020,612437.5709
7030,Oil_thermal,18,-10.2125,-63.82944444,2020,1640457.779
7034,Oil_thermal,3.52,-10.56805555,-63.60722222,2020,320800.6324
7038,Oil_thermal,12,-9.36333333,-62.58555555,2020,1093638.519
7042,Oil_thermal,15,-9.41638889,-61.99472222,2020,1367048.149
7046,Oil_thermal,4.84,-9.73777773,-66.60611112,2020,441100.8695
7050,Oil_thermal,4.84,-9.86388889,-62.16583333,2020,441100.8695
7054,Oil_thermal,4.84,-9.77194444,-66.3425,2020,441100.8695
7058,Oil_thermal,9.2,-9.65085866,-65.72997307,2020,838456.1982
7062,Oil_thermal,0.88,-12.23028539,-60.68947998,2020,80200.15809
7066,Oil_thermal,0.88,-12.13177694,-61.85307694,2020,80200.15809
7070,Oil_thermal,2.2,-11.00471129,-60.84337837,2020,200500.3952
7074,Oil_thermal,0.26,-18.94861827,-47.00763568,2020,23695.50125
7078,Oil_thermal,12.51,3.83310848,-51.83660567,2020,1542306.679
7082,Oil_thermal,5.44,-24.55867975,-54.10295871,2020,2346215.875
7090,Oil_thermal,0.508,-19.29862078,-48.927979,2020,46297.36399
7094,Oil_thermal,0.18,-19.59583333,-46.93152777,2020,16404.57779
7098,Oil_thermal,1,-28.92378666,-49.67414555,2020,431289.683
7102,Oil_thermal,0.204,-21.14944444,-42.93888889,2020,18591.85483
7106,Oil_thermal,4,-23.59517566,-46.68803455,2020,364546.1731
7110,Oil_thermal,0.8,-7.16872222,-34.899,2020,78454.20127
7114,Oil_thermal,0.96,-26.76073188,-49.15775677,2020,414038.0956
7118,Oil_thermal,0.972,-27.00156522,-49.36386789,2020,419213.5718
7122,Oil_thermal,2.4,-23.41656522,-47.15275678,2020,218727.7039
7130,Oil_thermal,3.2,-22.59555556,-48.78694444,2020,291636.9385
7138,Oil_thermal,0.08,-28.605555,-49.402222,2020,34503.17464
7142,Oil_thermal,3.2,-22.80613611,-43.2582,2020,291636.9385
7146,Oil_thermal,0.72,-12.88519445,-38.30861111,2020,70608.78115
7150,Oil_thermal,1,-12.91586111,-38.44313889,2020,98067.75159
7154,Oil_thermal,0.8,-10.94608333,-37.04866665,2020,78454.20127
7158,Oil_thermal,3.421,-21.32694444,-46.7425,2020,311778.1146
7162,Oil_thermal,1.44,-12.97916667,-38.46972222,2020,141217.5623
7166,Oil_thermal,1.08,-12.99138889,-38.44861111,2020,105913.1717
7170,Oil_thermal,0.5,-12.23083333,-38.95888889,2020,49033.8758
7174,Oil_thermal,0.576,-12.2575,-38.96666667,2020,56487.02492
7182,Oil_thermal,1.08,-9.63119444,-35.69991667,2020,105913.1717
7186,Oil_thermal,0.72,-10.90777778,-37.08583333,2020,70608.78115
7190,Oil_thermal,1.08,-9.64888888,-35.70583332,2020,105913.1717
7198,Oil_thermal,2,-21.84376945,-46.49227777,2020,182273.0866
7202,Oil_thermal,0.12,-21.78141111,-46.60638055,2020,10936.38519
7206,Oil_thermal,0.72,-12.94950001,-38.47783332,2020,70608.78115
7210,Oil_thermal,0.36,-19.96944444,-43.965,2020,32809.15558
7214,Oil_thermal,0.6056,-20.85653028,-41.09382201,2020,55192.29061
7218,Oil_thermal,0.96,-19.95416667,-43.94,2020,87491.08155
7222,Oil_thermal,0.6,-14.80988889,-39.03533333,2020,58840.65095
7226,Oil_thermal,0.1,-21.78141111,-46.60638055,2020,9113.654328
7230,Oil_thermal,2.24,-21.126843,-48.96275678,2020,204145.857
7234,Oil_thermal,0.4,-13.8595,-40.07547222,2020,39227.10064
7238,Oil_thermal,0.136,-19.94555556,-43.93916667,2020,12394.56989
7242,Oil_thermal,0.088,-19.94355556,-43.94594444,2020,8020.015809
7246,Oil_thermal,0.576,-10.995,-37.065,2020,56487.02492
7250,Oil_thermal,0.508,-19.96394444,-43.95563889,2020,46297.36399
7254,Oil_thermal,1.08,-10.9413889,-37.05805555,2020,105913.1717
7258,Oil_thermal,1.8016,-23.58223188,-46.67361789,2020,164191.5964
7262,Oil_thermal,2.48,-6.84239855,-51.42359011,2020,305749.0459
7266,Oil_thermal,0.368,-20.06311111,-43.9795,2020,33538.24793
7270,Oil_thermal,0.72,-23.58667633,-46.67928455,2020,65618.31116
7274,Oil_thermal,1.416,-23.62881522,-46.70150678,2020,129049.3453
7282,Oil_thermal,0.704,-23.95378744,-46.32220122,2020,64160.12647
7286,Oil_thermal,0.904,-23.66517633,-46.56581233,2020,82387.43513
7290,Oil_thermal,0.1,-9.38980555,-40.4885,2020,9806.775159
7294,Oil_thermal,0.36,-9.41305556,-40.50658333,2020,35304.39057
7298,Oil_thermal,0.72,-25.45777778,-49.27083333,2020,310528.5717
7310,Oil_thermal,0.72,-14.86761111,-40.82211111,2020,70608.78115
7314,Oil_thermal,0.48,-9.75572222,-36.66413889,2020,47072.52076
7318,Oil_thermal,2.16,-20.46334167,-54.59180833,2020,196854.9335
7322,Oil_thermal,2.8992,-29.1775,-51.21944444,2020,1250395.049
7326,Oil_thermal,2.5,-23.28611111,-51.15111111,2020,1078224.207
7330,Oil_thermal,0.544,-22.89267633,-43.11414566,2020,49578.27955
7334,Oil_thermal,1.53,-12.93666667,-38.395,2020,150043.6599
7338,Oil_thermal,2.64,-27.11472179,-48.94588306,2020,1138604.763
7342,Oil_thermal,0.508,-26.90806522,-48.925729,2020,219095.1589
7346,Oil_thermal,0.496,-25.45777773,-49.2708334,2020,213919.6828
7350,Oil_thermal,0.52,-21.78083333,-43.35944444,2020,47391.00251
7354,Oil_thermal,0.704,-23.48944437,-47.4444439,2020,64160.12647
7358,Oil_thermal,0.36,-23.00857222,-47.02156111,2020,32809.15558
7362,Oil_thermal,0.128,-23.57861105,-48.03722207,2020,11665.47754
7366,Oil_thermal,1.08,-23.53027758,-47.46388904,2020,98427.46674
7370,Oil_thermal,0.736,-9.42133333,-40.50080556,2020,72177.86517
7374,Oil_thermal,0.24,-21.77743582,-46.59689949,2020,21872.77039
7378,Oil_thermal,1.824,-26.55536944,-49.12963056,2020,786672.3817
7382,Oil_thermal,0.72,-23.18573187,-46.86692345,2020,65618.31116
7386,Oil_thermal,2.512,-15.624825,-56.08677778,2020,228934.9967
7390,Oil_thermal,0.14,-23.64502464,-46.58192476,2020,12759.11606
7394,Oil_thermal,0.4,-14.79976063,-39.28952217,2020,39227.10064
7398,Oil_thermal,0.288,-26.89971025,-49.01036652,2020,124211.4287
7402,Oil_thermal,0.14,-23.64320833,-46.58409444,2020,12759.11606
7406,Oil_thermal,0.704,-23.64295411,-46.52470122,2020,64160.12647
7410,Oil_thermal,0.5382,-5.82739855,-35.17275678,2020,52780.06391
7414,Oil_thermal,0.72,-23.61333365,-46.5780557,2020,65618.31116
7418,Oil_thermal,0.352,-23.57290493,-46.65491022,2020,32080.06324
7422,Oil_thermal,0.42,-23.62912778,-46.54394722,2020,38277.34818
7426,Oil_thermal,0.19,-26.90105555,-49.24144444,2020,81945.03976
7430,Oil_thermal,0.4,-22.60402854,-42.1568138,2020,36454.61731
7434,Oil_thermal,0.22,-23.64497928,-46.58213493,2020,20050.03952
7438,Oil_thermal,0.208,-15.57656944,-56.07211944,2020,18956.401
7442,Oil_thermal,0.6,-8.76641389,-63.884125,2020,54681.92597
7446,Oil_thermal,1.44,-23.5879166,-46.68222264,2020,131236.6223
7450,Oil_thermal,0.405,-25.43517633,-49.27220121,2020,174672.3216
7454,Oil_thermal,0.4,-19.75638889,-47.91499999,2020,36454.61731
7458,Oil_thermal,0.56,-11.84954722,-55.50910556,2020,51036.46424
7462,Oil_thermal,0.72,-28.29586472,-52.74336667,2020,310528.5717
7466,Oil_thermal,0.288,-11.84358056,-55.49358056,2020,26247.32447
7470,Oil_thermal,0.352,-19.74361111,-47.93222222,2020,32080.06324
7474,Oil_thermal,1.4592,-2.53333333,-44.225,2020,179898.7934
7478,Oil_thermal,0.32,-19.80861111,-43.17888889,2020,29163.69385
7482,Oil_thermal,1.28,-22.37010664,-47.38070198,2020,116654.7754
7486,Oil_thermal,0.32,-19.61888889,-44.04166667,2020,29163.69385
7490,Oil_thermal,4.3768,-23.37356385,-46.02785816,2020,398886.4226
7494,Oil_thermal,1.2,-29.22837726,-51.35834994,2020,517547.6196
7498,Oil_thermal,0.7248,-21.59976966,-46.87013455,2020,66055.76657
7502,Oil_thermal,1.2,-12.89053055,-38.31634722,2020,117681.3019
7506,Oil_thermal,2.8,-23.41628744,-51.96109011,2020,1207611.112
7510,Oil_thermal,1.408,-23.96222226,-46.37972218,2020,128320.2529
7514,Oil_thermal,0.368,-20.06144445,-43.97502778,2020,33538.24793
7518,Oil_thermal,2.4,-19.63805556,-44.01388889,2020,218727.7039
7522,Oil_thermal,0.8,-11.89306944,-55.50483889,2020,72909.23463
7526,Oil_thermal,0.736,-12.25861111,-38.95777778,2020,72177.86517
7530,Oil_thermal,0.544,-23.26527785,-47.27999994,2020,49578.27955
7534,Oil_thermal,0.144,-16.47253846,-54.60826229,2020,13123.66223
7538,Oil_thermal,0.508,-22.42633333,-45.46286111,2020,46297.36399
7542,Oil_thermal,0.352,-19.47055556,-44.25083333,2020,32080.06324
7546,Oil_thermal,0.72,-11.67233333,-39.00169444,2020,70608.78115
7550,Oil_thermal,0.1,-16.6547371,-49.3305996,2020,9113.654328
7554,Oil_thermal,1.4784,-29.23105972,-51.3580404,2020,637618.6673
7558,Oil_thermal,0.508,-18.90455556,-48.29383333,2020,46297.36399
7562,Oil_thermal,1.24,-25.52468967,-49.32917539,2020,534799.2069
7566,Oil_thermal,0.508,-21.58972222,-45.43638889,2020,46297.36399
7570,Oil_thermal,0.168,-19.46472226,-44.24249999,2020,15310.93927
7574,Oil_thermal,0.208,-23.59325278,-46.63515833,2020,18956.401
7582,Oil_thermal,0.72,-9.61166667,-35.71972221,2020,70608.78115
7586,Oil_thermal,0.424,-26.23,-49.34583333,2020,182866.8256
7590,Oil_thermal,0.36,-23.18722248,-46.88833298,2020,32809.15558
7594,Oil_thermal,0.32,-19.62388889,-43.22166667,2020,29163.69385
7598,Oil_thermal,0.184,-15.60509722,-56.12513888,2020,16769.12396
7602,Oil_thermal,0.352,-15.72268054,-55.13904999,2020,32080.06324
7606,Oil_thermal,0.284,-15.55336113,-56.05776981,2020,25882.77829
7610,Oil_thermal,0.508,-22.23383333,-45.9291111,2020,46297.36399
7614,Oil_thermal,0.084,-15.88748889,-52.256625,2020,7655.469636
7618,Oil_thermal,0.352,-16.71972222,-43.85944444,2020,32080.06324
7622,Oil_thermal,0.508,-19.76583333,-47.94944444,2020,46297.36399
7626,Oil_thermal,0.288,-19.53972222,-42.64805556,2020,26247.32447
7630,Oil_thermal,0.76,-21.18180559,-42.60622193,2020,69263.77289
7634,Oil_thermal,0.324,-18.92194444,-48.2825,2020,29528.24002
7638,Oil_thermal,0.208,-16.46338611,-54.64011944,2020,18956.401
7642,Oil_thermal,1.3512,-23.72305556,-46.54333333,2020,123143.6973
7646,Oil_thermal,0.508,-19.74575,-47.93863889,2020,46297.36399
7650,Oil_thermal,0.508,-16.73347222,-43.84591666,2020,46297.36399
7654,Oil_thermal,0.208,-15.558575,-56.04972778,2020,18956.401
7658,Oil_thermal,0.508,-21.56,-45.4425,2020,46297.36399
7662,Oil_thermal,0.76,-20.35194444,-40.29833333,2020,69263.77289
7666,Oil_thermal,0.324,-18.59583333,-46.51777778,2020,29528.24002
7670,Oil_thermal,0.352,-18.89472223,-48.27333333,2020,32080.06324
7674,Oil_thermal,0.508,-21.79055555,-46.5675,2020,46297.36399
7678,Oil_thermal,0.16,-15.64429722,-56.125275,2020,14581.84693
7682,Oil_thermal,0.84,-27.84725667,-53.37946167,2020,362283.3337
7686,Oil_thermal,0.4,-15.62072222,-56.07278333,2020,36454.61731
7690,Oil_thermal,0.168,-19.57583333,-42.64277778,2020,15310.93927
7694,Oil_thermal,0.44,-21.14508861,-47.78382278,2020,40100.07904
7698,Oil_thermal,1.44,-22.4888455,-47.39027955,2020,131236.6223
7702,Oil_thermal,0.264,-18.93,-48.27694444,2020,24060.04743
7706,Oil_thermal,0.32,-21.78833333,-46.54611111,2020,29163.69385
7710,Oil_thermal,0.184,-19.56666667,-44.07611111,2020,16769.12396
7714,Oil_thermal,1.8248,-22.96055556,-43.3875,2020,166305.9642
7718,Oil_thermal,0.352,-18.92888889,-48.24305555,2020,32080.06324
7722,Oil_thermal,0.168,-19.47491667,-42.54908333,2020,15310.93927
7726,Oil_thermal,0.4,-18.64555555,-48.18666666,2020,36454.61731
7730,Oil_thermal,0.4,-18.58575,-46.51288889,2020,36454.61731
7734,Oil_thermal,0.3648,-19.48,-42.52611111,2020,33246.61099
7738,Oil_thermal,0.4,-18.88661111,-48.25147222,2020,36454.61731
7742,Oil_thermal,0.508,-18.91230556,-48.27202778,2020,46297.36399
7746,Oil_thermal,0.324,-18.95125,-48.23797222,2020,29528.24002
7750,Oil_thermal,0.508,-18.95416667,-46.99527778,2020,46297.36399
7754,Oil_thermal,1.7736,-25.43888889,-49.2675,2020,764935.3817
7758,Oil_thermal,0.4,-19.76327778,-47.93602778,2020,36454.61731
7762,Oil_thermal,0.508,-16.72277778,-43.86833333,2020,46297.36399
7766,Oil_thermal,1.052,-22.36630046,-47.38093806,2020,95875.64353
7770,Oil_thermal,0.4,-10.1433333,-48.29500007,2020,49314.36224
7774,Oil_thermal,2.2,-22.885,-43.28472222,2020,200500.3952
7778,Oil_thermal,0.312,-19.88972222,-43.96805556,2020,28434.6015
7782,Oil_thermal,0.24,-19.47333333,-44.27111111,2020,21872.77039
7786,Oil_thermal,0.7248,-21.23372294,-50.44480471,2020,66055.76657
7790,Oil_thermal,0.32,-21.40692471,-42.67656106,2020,29163.69385
7794,Oil_thermal,0.48,-19.51,-42.63055555,2020,43745.54078
7798,Oil_thermal,0.4,-19.45575,-44.24994444,2020,36454.61731
7802,Oil_thermal,2.592,-25.43888889,-49.2675,2020,1117902.858
7806,Oil_thermal,0.5,-15.57221908,-56.07834765,2020,45568.27164
7810,Oil_thermal,4.14,-20.93355555,-48.48238889,2020,377305.2892
7814,Oil_thermal,0.92,-15.17777778,-47.74222222,2020,83845.61982
7818,Oil_thermal,0.248,-16.71672222,-43.86327779,2020,22601.86273
7822,Oil_thermal,0.4,-17.21513889,-46.87883333,2020,36454.61731
7826,Oil_thermal,0.508,-17.74505556,-48.62297222,2020,46297.36399
7830,Oil_thermal,0.28273,-22.92712078,-47.06886788,2020,25767.03488
7834,Oil_thermal,0.184,-7.19416667,-48.19583333,2020,22684.60663
7838,Oil_thermal,1.088,-26.70599667,-49.16321333,2020,469243.1751
7842,Oil_thermal,0.248,-19.47624855,-46.52351039,2020,22601.86273
7846,Oil_thermal,0.26,-7.19132889,-48.208705,2020,32054.33545
7850,Oil_thermal,0.204,-11.85756389,-55.49348611,2020,18591.85483
7854,Oil_thermal,0.496,-10.14638897,-48.35749992,2020,61149.80917
7858,Oil_thermal,0.092,-10.29388916,-48.17222365,2020,11342.30331
7862,Oil_thermal,0.096,-7.15583333,-48.18861111,2020,11835.44694
7866,Oil_thermal,1.52,-26.90555555,-48.82333333,2020,655560.3181
7870,Oil_thermal,0.12,-7.18805555,-48.19944444,2020,14794.30867
7874,Oil_thermal,0.4,-8.8669492,-48.48608076,2020,49314.36224
7878,Oil_thermal,1.12,-10.28749843,-48.29555556,2020,138080.2143
7882,Oil_thermal,0.184,-6.33111111,-47.42083333,2020,22684.60663
7886,Oil_thermal,0.184,-10.16694707,-48.87610711,2020,22684.60663
7890,Oil_thermal,0.32,-18.93834855,-46.98754011,2020,29163.69385
7894,Oil_thermal,0.4,-17.33797222,-44.92438889,2020,36454.61731
7898,Oil_thermal,0.36,-22.97055556,-46.99583333,2020,32809.15558
7902,Oil_thermal,0.32,-18.92777778,-48.29888888,2020,29163.69385
7906,Oil_thermal,0.48,-19.46175,-42.53505556,2020,43745.54078
7910,Oil_thermal,2,-12.57972222,-60.90666667,2020,182273.0866
7914,Oil_thermal,3,-20.50321137,-43.91684278,2020,273409.6298
7918,Oil_thermal,4.928,-16.63416667,-49.33,2020,449120.8853
7922,Oil_thermal,2.128,-20.27055555,-45.62305555,2020,193938.5641
7926,Oil_thermal,0.464,-19.83294419,-44.08416671,2020,42287.35608
7930,Oil_thermal,0.288,-7.19132889,-48.208705,2020,35506.34081
7934,Oil_thermal,0.64,-22.72111119,-47.64611128,2020,58327.3877
7938,Oil_thermal,0.5504,-19.82111127,-43.9472222,2020,50161.55342
7942,Oil_thermal,0.508,-21.2441389,-44.99744444,2020,46297.36399
7946,Oil_thermal,0.508,-18.91247222,-48.32627778,2020,46297.36399
7950,Oil_thermal,0.8,-21.74444446,-54.51722222,2020,72909.23463
7954,Oil_thermal,0.144,-26.74913,-49.27237889,2020,62105.71435
7958,Oil_thermal,0.084,-19.94588889,-43.93919444,2020,7655.469636
7962,Oil_thermal,0.4,-18.16975,-47.9545,2020,36454.61731
7966,Oil_thermal,0.36,-17.54230555,-39.74130556,2020,35304.39057
7970,Oil_thermal,0.32,-16.74166667,-43.86944445,2020,29163.69385
7974,Oil_thermal,0.704,-21.98548189,-42.23817344,2020,64160.12647
7978,Oil_thermal,3.12,-20.11697472,-44.21414222,2020,284346.015
7982,Oil_thermal,0.856,-19.92378744,-43.94006233,2020,78012.88105
7986,Oil_thermal,0.1,-19.49444444,-44.2625,2020,9113.654328
7990,Oil_thermal,1.104,-20.16017633,-44.90914566,2020,100614.7438
7994,Oil_thermal,1.2,-9.42525,-40.5055,2020,117681.3019
7998,Oil_thermal,1.44,-19.45444445,-44.22555556,2020,131236.6223
8006,Oil_thermal,2.24,-18.86277778,-41.80611111,2020,204145.857
8010,Oil_thermal,1.2,-12.90058334,-38.33255554,2020,117681.3019
8014,Oil_thermal,2,-19.54878741,-44.06636786,2020,182273.0866
8018,Oil_thermal,0.52,-18.75288889,-44.426,2020,47391.00251
8022,Oil_thermal,0.4,-23.86521546,-46.41763738,2020,36454.61731
8026,Oil_thermal,0.5448,-26.88638829,-48.73697305,2020,234966.6193
8030,Oil_thermal,0.648,-20.06206522,-44.60414566,2020,59056.48005
8034,Oil_thermal,0.4,-23.86521546,-46.41763738,2020,36454.61731
8038,Oil_thermal,0.208,-19.42726596,-44.19276793,2020,18956.401
8042,Oil_thermal,0.4,-16.69489499,-54.68584952,2020,36454.61731
8046,Oil_thermal,0.728,-22.3155,-49.0664,2020,66347.40351
8050,Oil_thermal,0.092,-22.77444444,-47.3225,2020,8384.561982
8054,Oil_thermal,0.368,-10.10212077,-48.92331233,2020,45369.21326
8058,Oil_thermal,1,-14.62823189,-57.54025678,2020,91136.54328
8062,Oil_thermal,2,-8.39294444,-34.97122222,2020,196135.5032
8066,Oil_thermal,0.208,-7.17805556,-48.19166667,2020,25643.46836
8070,Oil_thermal,0.16,-10.22361109,-48.35138885,2020,19725.7449
8074,Oil_thermal,0.672,-22.41810681,-45.49505012,2020,61243.75709
8078,Oil_thermal,0.5,-22.91388889,-48.46444445,2020,45568.27164
8082,Oil_thermal,0.4,-7.19888889,-48.21694445,2020,49314.36224
8086,Oil_thermal,0.8,-12.94475,-38.45966667,2020,78454.20127
8090,Oil_thermal,0.36,-29.86249029,-51.18045629,2020,155264.2859
8094,Oil_thermal,0.36,-25.39008233,-49.18767705,2020,155264.2859
8102,Oil_thermal,0.72,-19.56888863,-44.07805544,2020,65618.31116
8106,Oil_thermal,1.2,-23.75874,-46.5812,2020,109363.8519
8110,Oil_thermal,0.72,-12.24927778,-38.95525,2020,70608.78115
8114,Oil_thermal,1.3648,-23.11111111,-45.68583333,2020,124383.1543
8118,Oil_thermal,0.8,-23.28528549,-51.31145548,2020,345031.7464
8122,Oil_thermal,0.208,-19.44388889,-44.23944444,2020,18956.401
8126,Oil_thermal,2.756,-23.67222222,-46.68666667,2020,251172.3133
8130,Oil_thermal,1.44,-21.16333333,-47.815,2020,131236.6223
8134,Oil_thermal,0.8,-31.40194444,-53.90166666,2020,345031.7464
8138,Oil_thermal,2.1888,-20.44271941,-45.13036638,2020,199479.6659
8142,Oil_thermal,1.8248,-19.88028466,-46.84444566,2020,166305.9642
8146,Oil_thermal,1.44,-23.48611111,-47.47194445,2020,131236.6223
8150,Oil_thermal,0.4,-5.07307778,-37.71548611,2020,39227.10064
8154,Oil_thermal,0.4,-16.44613536,-54.66734557,2020,36454.61731
8158,Oil_thermal,3.024,-22.82333333,-43.31972222,2020,275596.9069
8162,Oil_thermal,0.32,-19.44366666,-42.55616667,2020,29163.69385
8166,Oil_thermal,0.368,-21.15484456,-42.21301898,2020,33538.24793
8170,Oil_thermal,1.8248,-18.16253222,-47.90849778,2020,166305.9642
8174,Oil_thermal,1.2,-22.39305556,-41.80777778,2020,109363.8519
8178,Oil_thermal,2.5392,-19.95138889,-44.01166667,2020,231413.9107
8182,Oil_thermal,0.8,-23.83789167,-46.37689444,2020,72909.23463
8186,Oil_thermal,1.6,-20.27839389,-40.24133389,2020,145818.4693
8190,Oil_thermal,1.28,-1.45583333,-48.50444444,2020,157805.9592
8194,Oil_thermal,2.56,-20.26401161,-40.24306344,2020,233309.5508
8198,Oil_thermal,0.288,-22.98166667,-47.01277778,2020,26247.32447
8202,Oil_thermal,3.22,-20.26142566,-40.24728755,2020,293459.6694
8206,Oil_thermal,0.144,-22.75512765,-47.42276117,2020,13123.66223
8210,Oil_thermal,0.144,-22.28352389,-46.38008111,2020,13123.66223
8214,Oil_thermal,0.423,-23.21027776,-47.28305554,2020,38550.75781
8218,Oil_thermal,1.2112,-23.57625,-51.42383333,2020,522378.064
8222,Oil_thermal,0.4,-22.79091111,-47.29346944,2020,36454.61731
8226,Oil_thermal,0.4,-22.82405411,-47.07158733,2020,36454.61731
8230,Oil_thermal,0.56,-22.58601944,-47.157775,2020,51036.46424
8234,Oil_thermal,0.184,-22.7246,-47.36256944,2020,16769.12396
8238,Oil_thermal,0.48,-22.2649,-45.93997,2020,43745.54078
8242,Oil_thermal,0.64,-10.85077778,-37.07888888,2020,62763.36102
8246,Oil_thermal,2.4,-19.92663889,-43.95786112,2020,218727.7039
8250,Oil_thermal,0.72,-21.56194444,-49.84388889,2020,65618.31116
8254,Oil_thermal,0.72,-19.56416389,-46.98637222,2020,65618.31116
8258,Oil_thermal,3.15,-23.6625,-46.50611111,2020,287080.1113
8262,Oil_thermal,0.72,-1.45003088,-48.488338,2020,88765.85203
8266,Oil_thermal,0.144,-22.25333,-45.70398806,2020,13123.66223
8270,Oil_thermal,0.24,-22.78088056,-47.141975,2020,21872.77039
8274,Oil_thermal,0.32,-22.32024332,-49.06801871,2020,29163.69385
8278,Oil_thermal,0.704,-20.32138889,-40.33777778,2020,64160.12647
8282,Oil_thermal,0.56,-22.84721111,-47.212425,2020,51036.46424
8286,Oil_thermal,0.48,-22.79187778,-47.29477778,2020,43745.54078
8290,Oil_thermal,0.4,-22.90066111,-47.172625,2020,36454.61731
8298,Oil_thermal,0.72,-30.03472222,-51.18916667,2020,310528.5717
8302,Oil_thermal,0.6,-3.75194445,-38.50722222,2020,58840.65095
8306,Oil_thermal,1.0944,-19.29862078,-49.65053454,2020,472003.429
8310,Oil_thermal,0.416,-15.59777778,-56.09166667,2020,37912.80201
8314,Oil_thermal,3,-22.99805555,-43.60611111,2020,273409.6298
8318,Oil_thermal,1.12,-11.72722222,-61.72444444,2020,102072.9285
8322,Oil_thermal,1.7978,-27.595,-48.54861111,2020,775372.592
8326,Oil_thermal,3.264,-21.84989856,-47.46970122,2020,297469.6773
8330,Oil_thermal,1.08,-12.97694444,-38.5075,2020,105913.1717
8334,Oil_thermal,0.48,-20.45833333,-54.61333334,2020,43745.54078
8338,Oil_thermal,2.144,-15.79639498,-47.88917352,2020,195396.7488
8342,Oil_thermal,0.848,-18.62052778,-46.56616667,2020,77283.7887
8346,Oil_thermal,0.22,-29.165,-51.18055556,2020,94883.73025
8350,Oil_thermal,0.044,-29.68632611,-51.128605,2020,18976.74605
8354,Oil_thermal,1.32,-8.06276195,-34.88894194,2020,129449.4321
8358,Oil_thermal,0.48,-22.92986667,-47.09373333,2020,43745.54078
8362,Oil_thermal,0.208,-20.14175,-44.88655556,2020,18956.401
8366,Oil_thermal,0.4,-22.71688333,-47.29474444,2020,36454.61731
8370,Oil_thermal,0.4,-23.29038056,-47.67868056,2020,36454.61731
8374,Oil_thermal,0.292,-20.14777778,-44.89177778,2020,26611.87064
8378,Oil_thermal,0.72,-2.53064111,-44.29401,2020,88765.85203
8382,Oil_thermal,0.576,-20.14327778,-44.89972222,2020,52494.64893
8386,Oil_thermal,0.72,-20.46796171,-54.60499167,2020,65618.31116
8390,Oil_thermal,0.36,-19.39740552,-40.06214719,2020,32809.15558
8394,Oil_thermal,0.24,-22.73018889,-47.34210556,2020,21872.77039
8398,Oil_thermal,0.636,-5.84194444,-35.21138889,2020,62371.09001
8402,Oil_thermal,0.208,-20.12466668,-44.88469444,2020,18956.401
8406,Oil_thermal,0.352,-10.1925,-48.335,2020,43396.63877
8410,Oil_thermal,0.368,-20.469,-45.43052778,2020,33538.24793
8414,Oil_thermal,0.352,-21.75333333,-43.35027778,2020,32080.06324
8418,Oil_thermal,0.8,-3.73638889,-38.49972222,2020,78454.20127
8422,Oil_thermal,0.279,-22.89222222,-43.12472222,2020,25427.09558
8426,Oil_thermal,3.648,-14.86611112,-40.83944442,2020,357751.1578
8430,Oil_thermal,0.1,-29.68465556,-53.80859583,2020,43128.9683
8434,Oil_thermal,0.368,-19.86341667,-44.60036111,2020,33538.24793
8438,Oil_thermal,0.16,-19.60563889,-46.94041667,2020,14581.84693
8442,Oil_thermal,0.292,-20.02666667,-45.53611113,2020,26611.87064
8446,Oil_thermal,0.368,-20.06952778,-44.57905555,2020,33538.24793
8450,Oil_thermal,0.56,-22.67974167,-47.67751111,2020,51036.46424
8454,Oil_thermal,0.4,-22.73000833,-47.31276389,2020,36454.61731
8458,Oil_thermal,0.184,-19.59838886,-46.93725004,2020,16769.12396
8462,Oil_thermal,0.12,-20.08877779,-45.28980559,2020,10936.38519
8466,Oil_thermal,0.176,-15.7025,-47.89361111,2020,16040.03162
8470,Oil_thermal,1.2,-8.06276194,-34.88894194,2020,117681.3019
8474,Oil_thermal,1.08,-26.11583333,-50.30805556,2020,465792.8576
8478,Oil_thermal,0.36,-12.99861111,-38.46638889,2020,35304.39057
8482,Oil_thermal,0.144,-20.13908333,-44.87430556,2020,13123.66223
8486,Oil_thermal,0.4,-20.15788889,-44.90472222,2020,36454.61731
8490,Oil_thermal,0.4,-15.6025,-47.681575,2020,36454.61731
8494,Oil_thermal,0.208,-20.729195,-46.60555478,2020,18956.401
8498,Oil_thermal,0.368,-20.69172221,-44.82625,2020,33538.24793
8502,Oil_thermal,0.144,-20.13275002,-44.91425001,2020,13123.66223
8506,Oil_thermal,0.316,-17.05244609,-48.95714505,2020,28799.14768
8510,Oil_thermal,4.44,-1.44627242,-48.48970473,2020,547389.4208
8514,Oil_thermal,2.736,-1.36555556,-48.37222222,2020,337310.2377
8518,Oil_thermal,0.12,-20.07522136,-44.57305482,2020,10936.38519
8522,Oil_thermal,2.748,-19.916843,-43.92831233,2020,250443.2209
8526,Oil_thermal,0.496,-20.11577777,-44.8915,2020,45203.72547
8530,Oil_thermal,0.144,-21.57360583,-45.44009472,2020,13123.66223
8534,Oil_thermal,2.748,-13.82888889,-56.08222222,2020,250443.2209
8538,Oil_thermal,0.36,-26.89239856,-49.11164566,2020,155264.2859
8542,Oil_thermal,0.96,-12.6975,-38.32416667,2020,94145.04153
8546,Oil_thermal,4.8,-23.56388888,-46.64722222,2020,437455.4078
8550,Oil_thermal,0.368,-21.2589826,-44.97856186,2020,33538.24793
8554,Oil_thermal,0.144,-22.23030306,-45.93714389,2020,13123.66223
8558,Oil_thermal,2.4,-22.41972222,-44.29027778,2020,218727.7039
8562,Oil_thermal,3.395,-22.94111111,-47.15,2020,309408.5644
8566,Oil_thermal,1.524,-2.526843,-44.29720122,2020,187887.7201
8570,Oil_thermal,1.28,-22.74666667,-42.78222222,2020,116654.7754
8574,Oil_thermal,1.76,-25.45805555,-49.25694444,2020,759069.842
8578,Oil_thermal,3.1056,-7.794343,-34.91664566,2020,304559.2093
8582,Oil_thermal,2.736,-22.83888889,-43.32444444,2020,249349.5824
8586,Oil_thermal,0.184,-22.42601083,-45.46189972,2020,16769.12396
8590,Oil_thermal,1.32,-23.59663227,-46.85851202,2020,120300.2371
8594,Oil_thermal,1.092,-22.55527778,-47.36916667,2020,99521.10526
8598,Oil_thermal,0.4264,-23.47250002,-46.53138883,2020,38860.62206
8602,Oil_thermal,2.748,-22.24527778,-45.95888889,2020,250443.2209
8606,Oil_thermal,1.44,-12.43031,-38.94977195,2020,141217.5623
8614,Oil_thermal,1.76,-12.54916667,-38.29722222,2020,172599.2428
8618,Oil_thermal,0.4,-28.84052464,-49.71747625,2020,172515.8732
8622,Oil_thermal,0.8,-23.09152778,-50.37286111,2020,345031.7464
8626,Oil_thermal,1.48,-8.11194444,-34.9325,2020,145140.2724
8630,Oil_thermal,1.944,-22.90444445,-47.0625,2020,177169.4401
8634,Oil_thermal,0.1872,-26.86777778,-49.22805555,2020,80737.42865
8638,Oil_thermal,3.264,-22.82694444,-43.05388889,2020,297469.6773
8642,Oil_thermal,2,-23.68082502,-46.69168776,2020,182273.0866
8646,Oil_thermal,0.1,-19.43555556,-44.22111111,2020,9113.654328
8650,Oil_thermal,2,-24.47583333,-47.82833333,2020,182273.0866
8654,Oil_thermal,0.144,-21.42876555,-45.9415925,2020,13123.66223
8658,Oil_thermal,0.092,-19.94032407,-43.95616058,2020,8384.561982
8662,Oil_thermal,0.496,-22.87665194,-43.227875,2020,45203.72547
8666,Oil_thermal,3.7392,-23.49156522,-47.45109011,2020,340777.7626
8670,Oil_thermal,0.4,-15.65960555,-47.84394445,2020,36454.61731
8674,Oil_thermal,0.368,-21.54027778,-45.44333333,2020,33538.24793
8678,Oil_thermal,1.0992,-22.47795411,-47.44720121,2020,100177.2884
8682,Oil_thermal,0.508,-19.82557384,-44.62580043,2020,46297.36399
8686,Oil_thermal,0.8,-22.95418725,-47.1161617,2020,72909.23463
8690,Oil_thermal,0.8,-22.7522441,-47.38881794,2020,72909.23463
8694,Oil_thermal,0.76,-24.00582998,-46.42763376,2020,69263.77289
8698,Oil_thermal,1.5,-28.91583333,-49.66111112,2020,646934.5244
8702,Oil_thermal,0.8,-21.19480928,-47.75607603,2020,72909.23463
8706,Oil_thermal,0.72,-20.81846099,-49.3728453,2020,65618.31116
8710,Oil_thermal,0.288,-23.48974219,-47.44170167,2020,26247.32447
8714,Oil_thermal,0.248,-22.51805556,-44.10666667,2020,22601.86273
8718,Oil_thermal,4.8,-22.90055555,-43.18805556,2020,437455.4078
8722,Oil_thermal,0.26,-20.14916667,-44.87977778,2020,23695.50125
8726,Oil_thermal,0.144,-20.69983333,-44.8235,2020,13123.66223
8730,Oil_thermal,1.6608,-19.32963056,-40.07009444,2020,151359.5711
8734,Oil_thermal,0.72,-22.67692424,-47.68657349,2020,65618.31116
8738,Oil_thermal,0.4,-23.52556624,-46.81995441,2020,36454.61731
8742,Oil_thermal,0.8,-29.70436471,-53.73931107,2020,345031.7464
8746,Oil_thermal,0.8,-32.06631425,-52.14800023,2020,345031.7464
8750,Oil_thermal,0.3636,-23.52524333,-46.57422,2020,33137.24714
8754,Oil_thermal,3.2,-7.86015833,-34.90966944,2020,313816.8051
8758,Oil_thermal,0.72,-29.80603043,-51.16516294,2020,310528.5717
8762,Oil_thermal,0.8,-15.58636111,-56.08635555,2020,72909.23463
8766,Oil_thermal,0.72,-23.55986118,-46.44722606,2020,65618.31116
8770,Oil_thermal,0.8,-23.54824492,-46.94650595,2020,72909.23463
8774,Oil_thermal,0.72,-5.86610872,-35.21795506,2020,70608.78115
8778,Oil_thermal,0.12,-10.20055555,-48.30694444,2020,14794.30867
8782,Oil_thermal,0.36,-23.49344099,-46.42126675,2020,32809.15558
8786,Oil_thermal,0.8,-29.94499915,-51.01131799,2020,345031.7464
8790,Oil_thermal,0.72,-23.43907212,-46.507135,2020,65618.31116
8794,Oil_thermal,0.368,-19.96783333,-44.21,2020,33538.24793
8798,Oil_thermal,0.531,-23.98281771,-46.26434228,2020,48393.50448
8802,Oil_thermal,0.508,-2.52573179,-44.2933121,2020,62629.24004
8806,Oil_thermal,2.1424,-22.00954167,-47.45011389,2020,195250.9303
8810,Oil_thermal,0.8,-31.74090745,-52.36508539,2020,345031.7464
8814,Oil_thermal,0.64,-30.03111111,-51.22694444,2020,276025.3971
8818,Oil_thermal,0.64,-9.65722222,-35.73611111,2020,62763.36102
8822,Oil_thermal,0.72,-22.18064842,-49.96970146,2020,65618.31116
8826,Oil_thermal,1,-23.49600028,-46.45616639,2020,91136.54328
8830,Oil_thermal,4.352,-22.23111111,-49.90916667,2020,396626.2364
8834,Oil_thermal,0.8,-12.14512213,-44.99078593,2020,78454.20127
8838,Oil_thermal,1.8,-3.7488889,-38.45388887,2020,176521.9529
8842,Oil_thermal,0.0648,-23.51861111,-51.43027778,2020,27947.57146
8846,Oil_thermal,0.2,-23.31333333,-51.16083333,2020,86257.93659
8850,Oil_thermal,0.36,-23.65683171,-46.52228143,2020,32809.15558
8854,Oil_thermal,0.3496,-5.07025441,-42.8160323,2020,34284.48596
8858,Oil_thermal,0.3496,-3.73083333,-38.5288889,2020,34284.48596
8862,Oil_thermal,0.56,-10.17861111,-48.33472222,2020,69040.10713
8866,Oil_thermal,0.9168,-29.17416666,-51.21777778,2020,395406.3813
8870,Oil_thermal,0.4048,-30.0275,-51.20388889,2020,174586.0637
8874,Oil_thermal,0.8,-9.74716229,-36.63539637,2020,78454.20127
8878,Oil_thermal,2.2992,-30.06972222,-51.22500001,2020,991621.2391
8882,Oil_thermal,0.72,-23.01480175,-45.52371351,2020,65618.31116
8886,Oil_thermal,0.8,-3.85654571,-38.47121182,2020,78454.20127
8890,Oil_thermal,0.12,-16.89416667,-49.00138886,2020,10936.38519
8894,Oil_thermal,0.3496,-9.66083334,-35.72722222,2020,34284.48596
8898,Oil_thermal,0.72,-22.84265667,-43.3752025,2020,65618.31116
8902,Oil_thermal,3.1056,-12.08434306,-38.34359011,2020,304559.2093
8906,Oil_thermal,0.4,-22.75902778,-47.33982222,2020,36454.61731
8910,Oil_thermal,0.72,-23.52263002,-46.30214268,2020,65618.31116
8914,Oil_thermal,0.72,-29.9986936,-51.14110137,2020,310528.5717
8918,Oil_thermal,0.72,-23.60220421,-46.91732129,2020,65618.31116
8922,Oil_thermal,0.72,-23.69093037,-46.57452086,2020,65618.31116
8926,Oil_thermal,0.404,-31.75194444,-52.37694444,2020,174241.0319
8930,Oil_thermal,0.64,-29.7075,-53.8125,2020,276025.3971
8934,Oil_thermal,1.6,-20.25597071,-40.23533753,2020,145818.4693
8938,Oil_thermal,1.48,-23.52374413,-46.57644945,2020,134882.0841
8942,Oil_thermal,0.6496,-8.25427778,-35.01,2020,63704.81143
8946,Oil_thermal,0.952,-22.85391361,-43.31152556,2020,86761.9892
8950,Oil_thermal,0.8,-5.06229348,-42.81117601,2020,78454.20127
8954,Oil_thermal,0.432,-22.29855075,-49.0661844,2020,39370.9867
8958,Oil_thermal,1.05,-8.27694444,-35.03666667,2020,102971.1392
8962,Oil_thermal,1.68,-23.52472222,-46.6625,2020,153109.3927
8966,Oil_thermal,0.8,-23.67724083,-46.43759917,2020,72909.23463
8970,Oil_thermal,0.24,-22.83221667,-47.24558333,2020,21872.77039
8974,Oil_thermal,0.72,-20.63101667,-47.28713056,2020,65618.31116
8978,Oil_thermal,0.264,-23.20527778,-45.88555555,2020,24060.04743
8982,Oil_thermal,1.08,-23.58126194,-46.60055404,2020,98427.46674
8986,Oil_thermal,0.144,-20.83194444,-49.35777778,2020,13123.66223
8990,Oil_thermal,0.76,-5.89134806,-35.256295,2020,74531.49121
8994,Oil_thermal,1.12,-22.91111111,-47.09638889,2020,102072.9285
8998,Oil_thermal,0.144,-25.09805556,-50.14694445,2020,62105.71435
9002,Oil_thermal,0.3496,-5.79194444,-35.21111111,2020,34284.48596
9006,Oil_thermal,0.136,-23.49944444,-46.82583334,2020,12394.56989
9010,Oil_thermal,1.84,-26.88816625,-49.20985508,2020,793573.0167
9014,Oil_thermal,0.5,-26.89795407,-49.0697012,2020,215644.8415
9018,Oil_thermal,0.0648,-23.39638889,-51.95555556,2020,27947.57146
9022,Oil_thermal,0.8,-22.89235144,-43.677741,2020,72909.23463
9026,Oil_thermal,0.3496,-8.05472222,-34.87861111,2020,34284.48596
9030,Oil_thermal,0.4,-2.91019444,-41.73886109,2020,39227.10064
9034,Oil_thermal,0.72,-22.33523974,-41.74024792,2020,65618.31116
9038,Oil_thermal,0.044,-22.22444448,-54.80666665,2020,4010.007904
9042,Oil_thermal,0.256,-21.15416667,-47.82083333,2020,23330.95508
9050,Oil_thermal,0.184,-20.72266667,-46.60711111,2020,16769.12396
9054,Oil_thermal,2.1744,-22.8960718,-47.20337316,2020,198167.2997
9058,Oil_thermal,0.052,-22.21823212,-54.81470148,2020,4739.100251
9062,Oil_thermal,0.1296,-24.97249999,-53.44861111,2020,55895.14291
9066,Oil_thermal,1.028,-23.14281457,-47.24665621,2020,93688.36649
9070,Oil_thermal,0.76,-16.63175412,-49.27551733,2020,69263.77289
9074,Oil_thermal,0.72,-10.25814694,-48.31142833,2020,88765.85203
9078,Oil_thermal,1.22672,-26.2165,-49.40208333,2020,529071.6799
9082,Oil_thermal,1.12,-15.83265018,-48.08079066,2020,102072.9285
9086,Oil_thermal,0.8,-23.47293326,-46.90698566,2020,72909.23463
9090,Oil_thermal,0.8,-18.90226196,-48.2793572,2020,72909.23463
9094,Oil_thermal,0.72,-12.96762417,-38.47966472,2020,70608.78115
9098,Oil_thermal,1.12,-23.27415092,-45.97394847,2020,102072.9285
9102,Oil_thermal,0.368,-20.89725,-45.26705555,2020,33538.24793
9110,Oil_thermal,1.80115,-24.77583339,-49.88555544,2020,776817.4125
9118,Oil_thermal,0.8,-23.18010066,-45.86629341,2020,72909.23463
9122,Oil_thermal,2.2224,-23.74944622,-46.56221176,2020,202541.8538
9126,Oil_thermal,0.144,-23.41877974,-51.94629501,2020,62105.71435
9130,Oil_thermal,0.5655,-1.40611045,-48.43694598,2020,69718.17961
9134,Oil_thermal,0.6,-15.78722204,-47.85416682,2020,54681.92597
9138,Oil_thermal,2.88,-12.67728,-38.48317,2020,282435.1246
9142,Oil_thermal,0.36,-23.66863483,-46.73640833,2020,32809.15558
9146,Oil_thermal,0.864,-22.93722222,-43.37416667,2020,78741.9734
9150,Oil_thermal,0.8,-17.80571806,-50.92243139,2020,72909.23463
9154,Oil_thermal,0.8,-20.356955,-40.33413,2020,72909.23463
9158,Oil_thermal,0.68,-19.52527778,-44.09166667,2020,61972.84943
9162,Oil_thermal,1.36,-5.75089889,-35.252255,2020,133372.1422
9166,Oil_thermal,0.96,-5.84981306,-35.20597194,2020,94145.04153
9170,Oil_thermal,0.4,-5.80090889,-35.21553111,2020,39227.10064
9174,Oil_thermal,0.8,-5.75592345,-35.2429712,2020,78454.20127
9178,Oil_thermal,0.56,-5.77083333,-35.26861111,2020,54917.94089
9182,Oil_thermal,2.544,-19.96225111,-44.16038,2020,231851.3661
9186,Oil_thermal,0.4,-5.75089889,-35.252255,2020,39227.10064
9190,Oil_thermal,2.7528,-26.63472222,-48.70472222,2020,1187254.239
9194,Oil_thermal,1.08,-5.79358305,-35.20355194,2020,105913.1717
9198,Oil_thermal,0.264,-11.86464722,-55.50443056,2020,24060.04743
9202,Oil_thermal,1.6,-22.82777778,-43.05194445,2020,145818.4693
9206,Oil_thermal,0.32,-18.91694444,-48.28055556,2020,29163.69385
9210,Oil_thermal,0.36,-22.95166631,-43.18527793,2020,32809.15558
9214,Oil_thermal,1.12,-5.884255,-35.22898611,2020,109835.8818
9218,Oil_thermal,2.4,-23.28472222,-45.94166667,2020,218727.7039
9222,Oil_thermal,0.6675,-0.61860502,-47.35055523,2020,82293.34198
9226,Oil_thermal,4,-23.13138889,-45.75305556,2020,364546.1731
9230,Oil_thermal,1.1,-22.99239856,-43.24997901,2020,100250.1976
9234,Oil_thermal,0.738,-1.44555555,-48.4775,2020,90984.99833
9238,Oil_thermal,2.0552,-22.95444444,-43.18722222,2020,187303.8238
9242,Oil_thermal,0.4,-16.74964691,-49.30408193,2020,36454.61731
9246,Oil_thermal,2.576,-23.62767633,-46.72636789,2020,234767.7355
9250,Oil_thermal,0.6375,-1.39055573,-48.42555543,2020,78594.76482
9258,Oil_thermal,0.72,-16.09352103,-47.98323016,2020,65618.31116
9262,Oil_thermal,0.8504,-22.96611111,-47.13638889,2020,77502.51641
9266,Oil_thermal,1.025,-1.45722257,-48.49472218,2020,126368.0532
9270,Oil_thermal,2.392,-1.29749919,-47.93750081,2020,294899.8862
9274,Oil_thermal,1.2,-5.88721111,-35.21008,2020,117681.3019
9278,Oil_thermal,3.64,-23.55027778,-46.72111111,2020,331737.0175
9282,Oil_thermal,1,-23.68718898,-46.566969,2020,91136.54328
9286,Oil_thermal,3.7,-2.99940555,-60.00175278,2020,456157.8507
9290,Oil_thermal,0.392,-5.08888889,-42.80944444,2020,38442.55862
9294,Oil_thermal,4.352,-1.40166667,-48.43444445,2020,536540.2611
9298,Oil_thermal,0.4312,-22.36888889,-46.95361111,2020,39298.07746
9302,Oil_thermal,0.4,-23.0952,-47.71755833,2020,36454.61731
9306,Oil_thermal,0.112,-22.73640833,-47.38004167,2020,10207.29285
9310,Oil_thermal,0.64,-5.78805556,-35.20277778,2020,62763.36102
9314,Oil_thermal,2.4,-22.89444468,-43.11249786,2020,218727.7039
9318,Oil_thermal,3.5,-23.59277778,-46.83361111,2020,318977.9015
9322,Oil_thermal,1.524,-30.02781666,-51.1578222,2020,657285.4768
9326,Oil_thermal,0.36,-15.62153255,-56.06474051,2020,32809.15558
9330,Oil_thermal,0.86,-1.36361111,-48.37416667,2020,106025.8788
9334,Oil_thermal,4.536,-7.50839849,-34.97467356,2020,444835.3212
9338,Oil_thermal,0.324,-19.5286111,-42.62444444,2020,29528.24002
9342,Oil_thermal,0.092,-31.45,-52.64055556,2020,39678.65083
9346,Oil_thermal,0.092,-31.625,-52.31777778,2020,39678.65083
9350,Oil_thermal,2.56,-20.26800194,-40.25252889,2020,233309.5508
9354,Oil_thermal,0.208,-20.89391667,-45.27238889,2020,18956.401
9358,Oil_thermal,1.524,-1.44966443,-48.49818018,2020,187887.7201
9362,Oil_thermal,2.8992,-23.33906522,-51.17664567,2020,1250395.049
9366,Oil_thermal,2.4,-5.12611111,-42.80861111,2020,235362.6038
9370,Oil_thermal,1,-5.08239855,-42.779979,2020,98067.75159
9374,Oil_thermal,1,-22.237075,-45.885458,2020,91136.54328
9378,Oil_thermal,0.06,-31.89104689,-52.31975082,2020,25877.38098
9382,Oil_thermal,4,-5.0804541,-42.77942344,2020,392271.0064
9386,Oil_thermal,1.0488,-12.83239572,-38.40802815,2020,102853.4579
9390,Oil_thermal,0.36,-18.40952778,-49.20780556,2020,32809.15558
9394,Oil_thermal,0.36,-29.86249029,-51.18045629,2020,155264.2859
9398,Oil_thermal,1.44,-19.92361122,-43.93833319,2020,131236.6223
9402,Oil_thermal,1.2,-16.72333388,-49.26416653,2020,109363.8519
9406,Oil_thermal,2.016,-25.42333334,-49.28027778,2020,869480.0009
9410,Oil_thermal,1.8,-3.85527778,-38.59666667,2020,176521.9529
9414,Oil_thermal,0.144,-20.16083334,-44.88186111,2020,13123.66223
9418,Oil_thermal,0.184,-19.58447222,-46.94405556,2020,16769.12396
9422,Oil_thermal,0.12,-20.29213889,-45.53930556,2020,10936.38519
9426,Oil_thermal,0.735,-16.40148583,-48.93706361,2020,66985.35931
9430,Oil_thermal,0.4,-28.84489861,-49.61997888,2020,172515.8732
9434,Oil_thermal,0.096,-6.32683253,-47.44583276,2020,11835.44694
9438,Oil_thermal,0.144,-28.66962078,-49.36136791,2020,62105.71435
9442,Oil_thermal,0.72,-20.22614611,-40.27016472,2020,65618.31116
9446,Oil_thermal,0.8,-23.65611111,-46.6625,2020,72909.23463
9450,Oil_thermal,0.8,-23.54527778,-46.5575,2020,72909.23463
9454,Oil_thermal,0.16,-27.59027778,-48.53249999,2020,69006.34927
9458,Oil_thermal,0.6056,-22.76777778,-42.07972222,2020,55192.29061
9462,Oil_thermal,0.092,-31.58117,-52.34116,2020,39678.65083
9466,Oil_thermal,0.36,-9.79000006,-36.6575,2020,35304.39057
9470,Oil_thermal,3.028,-22.71,-42.24861111,2020,275961.4531
9474,Oil_thermal,0.343,-16.61472667,-49.25874389,2020,31259.83435
9478,Oil_thermal,0.288,-20.14888889,-44.87936111,2020,26247.32447
9482,Oil_thermal,0.12,-22.832576,-42.132255,2020,10936.38519
9486,Oil_thermal,0.72,-22.90823864,-47.09254637,2020,65618.31116
9490,Oil_thermal,0.12,-22.7775,-41.94222222,2020,10936.38519
9494,Oil_thermal,0.108,-26.91610805,-49.05763111,2020,46579.28576
9498,Oil_thermal,0.2392,-1.44944454,-48.49777723,2020,29489.98862
9502,Oil_thermal,1.23265,-1.3563889,-48.39916681,2020,151968.3715
9506,Oil_thermal,3.028,-22.63749999,-42.29805555,2020,275961.4531
9510,Oil_thermal,0.8,-21.72561917,-43.39304028,2020,72909.23463
9514,Oil_thermal,3.969,-12.84291278,-38.44785889,2020,389230.9061
9518,Oil_thermal,0.08,-22.83861111,-42.21916667,2020,7290.923463
9522,Oil_thermal,1.8326,-23.17280194,-47.26693,2020,167016.8292
9526,Oil_thermal,0.72,-8.02858139,-34.94378694,2020,70608.78115
9530,Oil_thermal,1.6,-19.94472222,-44.11861111,2020,145818.4693
9534,Oil_thermal,1.2,-15.61488918,-56.10277068,2020,109363.8519
9538,Oil_thermal,0.092,-22.77444444,-47.3225,2020,8384.561982
9542,Oil_thermal,0.2695,-12.828205,-38.43353083,2020,26429.25905
9546,Oil_thermal,0.208,-22.83111111,-42.02333333,2020,18956.401
9550,Oil_thermal,0.9,-23.51305556,-46.655,2020,82022.88895
9554,Oil_thermal,0.508,-16.35744446,-46.89936109,2020,46297.36399
9558,Oil_thermal,0.144,-22.775,-41.91944444,2020,13123.66223
9562,Oil_thermal,0.288,-22.82666667,-42.12527778,2020,26247.32447
9566,Oil_thermal,0.72,-22.84584558,-47.09009242,2020,65618.31116
9570,Oil_thermal,1.44,-22.85361111,-47.02722222,2020,131236.6223
9574,Oil_thermal,0.72,-23.67407582,-46.61317822,2020,65618.31116
9578,Oil_thermal,0.4096,-23.976843,-46.22220122,2020,37329.52813
9582,Oil_thermal,0.664,-23.53517633,-46.759979,2020,60514.66474
9586,Oil_thermal,0.76,-29.70763152,-51.13617614,2020,327780.1591
9590,Oil_thermal,0.4096,-23.62583333,-46.68638889,2020,37329.52813
9594,Oil_thermal,0.72,-23.65611111,-46.59555556,2020,65618.31116
9598,Oil_thermal,0.06,-31.61903882,-52.31023499,2020,25877.38098
9602,Oil_thermal,1.08,-15.73503048,-47.90486744,2020,98427.46674
9606,Oil_thermal,0.72,-18.87932622,-41.95881726,2020,65618.31116
9610,Oil_thermal,1.08,-23.46833333,-46.52166667,2020,98427.46674
9614,Oil_thermal,1.44,-23.52277778,-46.60083333,2020,131236.6223
9618,Oil_thermal,0.184,-22.87722221,-42.0513889,2020,16769.12396
9622,Oil_thermal,0.66,-22.88767633,-47.01442344,2020,60150.11857
9626,Oil_thermal,0.8192,-23.72722222,-46.55222222,2020,74659.05626
9630,Oil_thermal,0.72,-23.50472222,-46.8325,2020,65618.31116
9634,Oil_thermal,0.72,-23.64608966,-46.63864455,2020,65618.31116
9638,Oil_thermal,0.368,-23.51295411,-46.61914566,2020,33538.24793
9642,Oil_thermal,0.12,-22.88472222,-42.05277778,2020,10936.38519
9646,Oil_thermal,2.5504,-23.53555556,-46.77138889,2020,232434.64
9650,Oil_thermal,0.36,-23.09962078,-45.70025678,2020,32809.15558
9654,Oil_thermal,0.72,-22.75816639,-43.43205028,2020,65618.31116
9658,Oil_thermal,1,-23.66972222,-46.53527778,2020,91136.54328
9662,Oil_thermal,0.508,-5.53111111,-47.48472222,2020,62629.24004
9666,Oil_thermal,4,-15.61027772,-56.15444444,2020,364546.1731
9670,Oil_thermal,1.44,-23.96722222,-46.36944444,2020,131236.6223
9674,Oil_thermal,0.8,-3.71144676,-40.33656264,2020,78454.20127
9678,Oil_thermal,0.864,-22.78525306,-43.30988806,2020,78741.9734
9682,Oil_thermal,1.08,-18.35194444,-49.21972222,2020,98427.46674
9686,Oil_thermal,0.72,-8.29681417,-35.9725375,2020,70608.78115
9690,Oil_thermal,0.29766,-22.92666667,-47.08111111,2020,27127.70347
9694,Oil_thermal,0.8,-21.71046667,-41.30906583,2020,72909.23463
9698,Oil_thermal,3.99999,-16.59035047,-49.86455253,2020,364545.2618
9702,Oil_thermal,0.369,-23.52305556,-46.82638889,2020,33629.38447
9706,Oil_thermal,0.63,-23.20230076,-46.98044915,2020,57416.02227
9710,Oil_thermal,0.8,-12.23436765,-38.97389048,2020,78454.20127
9714,Oil_thermal,0.576,-20.46638889,-54.60055555,2020,52494.64893
9718,Oil_thermal,0.48,-19.70111111,-43.95555556,2020,43745.54078
9722,Oil_thermal,0.092,-31.0263889,-52.04944443,2020,39678.65083
9726,Oil_thermal,0.208,-22.88972222,-42.04916667,2020,18956.401
9730,Oil_thermal,0.369,-23.2175,-45.89055555,2020,33629.38447
9734,Oil_thermal,0.3608,-22.81132333,-45.19821667,2020,32882.06482
9738,Oil_thermal,0.414,-21.99190944,-47.88519195,2020,37730.52892
9742,Oil_thermal,0.414,-23.25502466,-47.31948049,2020,37730.52892
9746,Oil_thermal,0.2296,-23.66609167,-46.72204722,2020,20924.95034
9750,Oil_thermal,0.369,-23.67472222,-46.71277778,2020,33629.38447
9754,Oil_thermal,0.46,-22.93237887,-45.444683,2020,41922.80991
9758,Oil_thermal,0.4232,-23.21712524,-47.29914999,2020,38568.98512
9762,Oil_thermal,0.4232,-23.11440801,-47.21906517,2020,38568.98512
9766,Oil_thermal,0.02,-23.58527778,-46.88916667,2020,1822.730866
9770,Oil_thermal,2.6,-17.59472222,-44.71833334,2020,236955.0125
9774,Oil_thermal,0.4232,-22.36780277,-46.95436389,2020,38568.98512
9778,Oil_thermal,0.414,-23.68028889,-46.59765833,2020,37730.52892
9782,Oil_thermal,0.4232,-22.74967222,-47.37226667,2020,38568.98512
9786,Oil_thermal,0.414,-22.822145,-47.26580306,2020,37730.52892
9790,Oil_thermal,0.084,-22.62027778,-42.00555556,2020,7655.469636
9794,Oil_thermal,0.414,-24.186121,-46.79099099,2020,37730.52892
9798,Oil_thermal,0.506,-22.73557472,-47.60834778,2020,46115.0909
9802,Oil_thermal,3.36,-26.77861111,-53.20194444,2020,1449133.335
9806,Oil_thermal,0.369,-22.84416667,-47.10055556,2020,33629.38447
9810,Oil_thermal,0.72,-7.22769668,-39.34704082,2020,70608.78115
9814,Oil_thermal,0.414,-23.29000833,-45.95378333,2020,37730.52892
9818,Oil_thermal,1.2,-22.69916667,-43.46527778,2020,109363.8519
9822,Oil_thermal,2.6,-9.55462078,-35.73664566,2020,254976.1541
9826,Oil_thermal,1.56,-22.82954694,-43.032335,2020,142173.0075
9830,Oil_thermal,1.08,-5.14850966,-42.78470122,2020,105913.1717
9834,Oil_thermal,0.72,-23.76747075,-46.71790581,2020,65618.31116
9838,Oil_thermal,3.6744,-23.21209167,-47.57558917,2020,334872.1146
9842,Oil_thermal,1,-10.84472222,-61.99333333,2020,91136.54328
9846,Oil_thermal,1.656,-22.99667912,-47.10702894,2020,150922.1157
9850,Oil_thermal,0.416,-22.97833336,-45.46416667,2020,37912.80201
9854,Oil_thermal,0.32,-23.53414778,-46.21692778,2020,29163.69385
9858,Oil_thermal,0.3608,-23.43297778,-46.40434722,2020,32882.06482
9862,Oil_thermal,9.26,-16.98862222,-48.96139722,2020,843924.3908
9866,Oil_thermal,0.5715,-3.87972222,-38.62138889,2020,56045.72003
9870,Oil_thermal,1.2,-21.18080556,-43.98241667,2020,109363.8519
9874,Oil_thermal,2.44,-7.81867745,-35.30713881,2020,239285.3139
9878,Oil_thermal,0.4,-22.52722222,-43.54749998,2020,36454.61731
9882,Oil_thermal,0.1476,-23.43131436,-46.4129506,2020,13451.75379
9886,Oil_thermal,0.36,-11.82921389,-55.51398889,2020,32809.15558
9890,Oil_thermal,0.5136,-19.78273444,-45.27658111,2020,46807.72863
9894,Oil_thermal,0.0816,-23.48443056,-46.54353333,2020,7436.741932
9898,Oil_thermal,0.2304,-15.80388921,-47.89606661,2020,20997.85957
9902,Oil_thermal,0.272,-15.83172917,-47.91095984,2020,24789.13977
9906,Oil_thermal,0.36,-15.75950833,-47.87851667,2020,32809.15558
9910,Oil_thermal,0.2107,-23.79743661,-47.69166344,2020,19202.46967
9914,Oil_thermal,0.4,-15.96556649,-48.02278683,2020,36454.61731
9918,Oil_thermal,0.36,-20.38138891,-44.48444452,2020,32809.15558
9922,Oil_thermal,0.508,-28.2775,-54.26916667,2020,219095.1589
9926,Oil_thermal,0.12922,-1.42138889,-48.48138889,2020,15931.00472
9930,Oil_thermal,1,-8.11922222,-34.90519444,2020,98067.75159
9934,Oil_thermal,4,-29.9725,-51.194125,2020,1725158.732
9938,Oil_thermal,0.76,-23.54406528,-46.61525666,2020,69263.77289
9942,Oil_thermal,0.9376,-22.75566694,-47.32508472,2020,85449.62298
9946,Oil_thermal,2.16,-8.33833333,-35.02222222,2020,211826.3434
9950,Oil_thermal,1.224,-20.44583333,-43.9325,2020,111551.129
9954,Oil_thermal,0.72,-23.43669644,-46.71992284,2020,65618.31116
9958,Oil_thermal,3.624,-26.24653333,-52.70111111,2020,1562993.811
9962,Oil_thermal,0.4504,-19.89027777,-44.58055556,2020,41047.89909
9970,Oil_thermal,2.8,-26.949292,-52.530506,2020,1207611.112
9974,Oil_thermal,0.72,-5.17154885,-37.37351718,2020,70608.78115
9978,Oil_thermal,0.288,-15.77992681,-47.87441298,2020,26247.32447
9982,Oil_thermal,0.12,-22.87527777,-42.03888889,2020,10936.38519
9986,Oil_thermal,2.1984,-23.02138889,-43.48861111,2020,200354.5768
9990,Oil_thermal,2.1792,-18.90999982,-48.25944432,2020,198604.7551
9994,Oil_thermal,1.2,-22.75416667,-46.09444445,2020,109363.8519
9998,Oil_thermal,0.72,-21.81786917,-48.17245916,2020,65618.31116
10002,Oil_thermal,0.288,-15.72078871,-47.88292216,2020,26247.32447
10006,Oil_thermal,0.72,-23.61166667,-46.74083333,2020,65618.31116
10010,Oil_thermal,0.28,-23.01722222,-45.55166667,2020,25518.23212
10014,Oil_thermal,4,-23.20805555,-46.77777778,2020,364546.1731
10018,Oil_thermal,0.36,-15.81552126,-48.01062189,2020,32809.15558
10022,Oil_thermal,0.12,-22.84944444,-42.24027778,2020,10936.38519
10026,Oil_thermal,0.369,-23.02502339,-45.5735844,2020,33629.38447
10030,Oil_thermal,1.5408,-22.77861111,-42.16583333,2020,140423.1859
10034,Oil_thermal,1.524,-22.8388889,-43.37000014,2020,138892.092
10038,Oil_thermal,1.44,-23.59663227,-46.85851202,2020,131236.6223
10042,Oil_thermal,0.16,-26.29861111,-48.84472222,2020,69006.34927
10046,Oil_thermal,0.72,-9.4512525,-40.4881825,2020,70608.78115
10050,Oil_thermal,1.6,-28.40067633,-54.96256233,2020,690063.4927
10054,Oil_thermal,2.4,-21.23046044,-50.50778638,2020,218727.7039
10058,Oil_thermal,2.16,-14.45906522,-54.029979,2020,196854.9335
10062,Oil_thermal,1.104,-28.43170411,-53.877979,2020,476143.81
10066,Oil_thermal,0.00018,-2.42083333,-54.71666667,2020,22.19146301
10070,Oil_thermal,0.266,-18.91314137,-46.96980695,2020,24242.32051
10078,Oil_thermal,1.012,-22.75611111,-45.10916667,2020,92230.1818
10082,Oil_thermal,0.32,-16.65363889,-49.2531111,2020,29163.69385
10086,Oil_thermal,0.36,-16.67583333,-49.26330556,2020,32809.15558
10090,Oil_thermal,0.72,-17.78966664,-50.92019442,2020,65618.31116
10094,Oil_thermal,0.36,-16.65961112,-49.2594722,2020,32809.15558
10098,Oil_thermal,3.12,-27.854843,-54.470729,2020,1345623.811
10102,Oil_thermal,0.32,-16.69766667,-49.3139722,2020,29163.69385
10106,Oil_thermal,0.56,-16.70394444,-49.2683889,2020,51036.46424
10110,Oil_thermal,0.508,-28.65248466,-55.89593955,2020,219095.1589
10114,Oil_thermal,0.36,-16.77025002,-49.35202776,2020,32809.15558
10118,Oil_thermal,0.4,-16.73075001,-49.23422221,2020,36454.61731
10122,Oil_thermal,0.36,-16.68472221,-49.29308331,2020,32809.15558
10126,Oil_thermal,0.32,-17.88713891,-51.71405553,2020,29163.69385
10130,Oil_thermal,0.01,-1.07333333,-61.54611111,2020,1232.859056
10134,Oil_thermal,0.4,-16.70880558,-49.27380553,2020,36454.61731
10138,Oil_thermal,0.56,-16.66366666,-49.29799999,2020,51036.46424
10142,Oil_thermal,0.4,-15.54647222,-47.32477778,2020,36454.61731
10146,Oil_thermal,0.32,-21.78208331,-43.35788885,2020,29163.69385
10150,Oil_thermal,4,-19.94169378,-44.01165197,2020,364546.1731
10154,Oil_thermal,0.56,-16.65922222,-49.18738888,2020,51036.46424
10158,Oil_thermal,0.56,-17.549,-52.54505556,2020,51036.46424
10162,Oil_thermal,0.36,-21.74022222,-43.36905556,2020,32809.15558
10166,Oil_thermal,0.4,-16.33341667,-48.93161111,2020,36454.61731
10170,Oil_thermal,0.168,-21.75855556,-43.34677778,2020,15310.93927
10174,Oil_thermal,0.3472,-21.14972222,-42.42611111,2020,31642.60783
10178,Oil_thermal,0.56,-16.65419444,-49.32988889,2020,51036.46424
10182,Oil_thermal,0.36,-21.75469444,-43.35422222,2020,32809.15558
10186,Oil_thermal,0.36,-16.78683333,-49.27938889,2020,32809.15558
10190,Oil_thermal,3.186,-23.82777778,-46.36166667,2020,290361.0269
10194,Oil_thermal,0.6728,-23.59944444,-46.63694444,2020,61316.66632
10210,Oil_thermal,0.508,-21.76961111,-43.36966667,2020,46297.36399
10214,Oil_thermal,0.208,-19.95575,-47.89625,2020,18956.401
10218,Oil_thermal,1.694,-8.02027778,-62.87277778,2020,154385.3043
10222,Oil_thermal,0.198,-8.22,-63.18416667,2020,18045.03557
10226,Oil_thermal,0.286,-8.17305555,-62.77916664,2020,26065.05138
10230,Oil_thermal,0.077,-8.02277778,-62.77277778,2020,7017.513833
10234,Oil_thermal,0.742,-8.15888889,-63.32111112,2020,67623.31512
10238,Oil_thermal,0.234,-8.23555552,-63.25250002,2020,21325.95113
10242,Oil_thermal,1.682,-8.435,-63.49583333,2020,153291.6658
10246,Oil_thermal,0.232,-12.85105927,-62.90259268,2020,21143.67804
10250,Oil_thermal,0.662,-13.08583327,-62.27777774,2020,60332.39165
10254,Oil_thermal,0.66,-11.88444444,-65.01916667,2020,60150.11857
10258,Oil_thermal,0.56,-15.56623611,-54.30894444,2020,51036.46424
10262,Oil_thermal,0.1,-23.52972222,-46.66277778,2020,9113.654328
10266,Oil_thermal,0.36,-21.75894444,-43.35011111,2020,32809.15558
10270,Oil_thermal,0.4,-27.59023889,-48.51507778,2020,172515.8732
10274,Oil_thermal,2.916,-22.4475,-47.54833333,2020,265754.1602
10278,Oil_thermal,2.6,-27.18344085,-52.23343761,2020,1121353.176
10282,Oil_thermal,0.092,-22.85483333,-47.05111111,2020,8384.561982
10286,Oil_thermal,0.184,-22.85277778,-47.04972222,2020,16769.12396
10290,Oil_thermal,0.0648,-23.30480556,-45.97216667,2020,5905.648005
10294,Oil_thermal,0.0648,-19.98395186,-43.8498016,2020,5905.648005
10298,Oil_thermal,0.56,-16.64302,-49.27479,2020,51036.46424
10302,Oil_thermal,0.092,-22.93086111,-45.46141667,2020,8384.561982
10306,Oil_thermal,0.144,-8.06166667,-34.92027778,2020,14121.75623
10310,Oil_thermal,0.0648,-23.57003333,-48.028425,2020,5905.648005
10314,Oil_thermal,0.46,-22.92051667,-48.46655555,2020,41922.80991
10318,Oil_thermal,0.092,-23.99286111,-46.25772222,2020,8384.561982
10322,Oil_thermal,1.016,-22.75308333,-47.29783333,2020,92594.72797
10326,Oil_thermal,0.184,-22.01486111,-47.87825,2020,16769.12396
10330,Oil_thermal,0.092,-23.26356111,-47.30037222,2020,8384.561982
10334,Oil_thermal,0.256,-16.49865,-49.43028001,2020,23330.95508
10338,Oil_thermal,0.508,-21.75477778,-43.35072222,2020,46297.36399
10342,Oil_thermal,0.1128,-22.72141667,-47.63288889,2020,10280.20208
10346,Oil_thermal,0.084,-21.14133333,-47.98297222,2020,7655.469636
10350,Oil_thermal,0.288,-15.59888889,-56.10027778,2020,26247.32447
10354,Oil_thermal,0.5496,-4.85361111,-43.35333333,2020,67757.93371
10358,Oil_thermal,0.064,-8.1275,-34.91527778,2020,6276.336102
10362,Oil_thermal,0.184,-21.79144444,-48.20263889,2020,16769.12396
10366,Oil_thermal,0.72,-16.74158333,-49.27661111,2020,65618.31116
10370,Oil_thermal,2.4,-7.19925,-48.30195194,2020,295886.1734
10374,Oil_thermal,1.794,-22.925,-43.36111111,2020,163498.9586
10378,Oil_thermal,0.184,-10.91405556,-37.0545,2020,18044.46629
10382,Oil_thermal,0.0416,-23.75966,-46.03011,2020,3791.280201
10390,Oil_thermal,0.44,-22.88925,-43.28780556,2020,40100.07904
10394,Oil_thermal,0.48,-23.19913889,-45.90027778,2020,43745.54078
10398,Oil_thermal,0.184,-21.7675,-41.32361111,2020,16769.12396
10402,Oil_thermal,0.24,-23.03183333,-45.56869444,2020,21872.77039
10406,Oil_thermal,0.208,-23.60444444,-46.61805556,2020,18956.401
10410,Oil_thermal,0.208,-23.66863889,-46.68097222,2020,18956.401
10414,Oil_thermal,0.208,-23.515,-46.43555556,2020,18956.401
10418,Oil_thermal,0.368,-22.85280556,-43.25613888,2020,33538.24793
10422,Oil_thermal,0.1,-23.63675,-46.51897222,2020,9113.654328
10426,Oil_thermal,0.384,-9.64675,-35.71288889,2020,37658.01661
10430,Oil_thermal,0.092,-23.49055556,-46.58,2020,8384.561982
10434,Oil_thermal,0.392,-22.8325,-43.07561111,2020,35725.52497
10438,Oil_thermal,0.368,-22.92016667,-43.21216667,2020,33538.24793
10442,Oil_thermal,0.1,-23.68416667,-46.62363889,2020,9113.654328
10446,Oil_thermal,0.368,-22.95483333,-43.19044444,2020,33538.24793
10450,Oil_thermal,0.06,-31.33138931,-54.10979024,2020,25877.38098
10454,Oil_thermal,0.092,-22.95713889,-46.97697222,2020,8384.561982
10458,Oil_thermal,0.208,-23.58694444,-46.71694444,2020,18956.401
10462,Oil_thermal,0.184,-22.87933333,-43.40608333,2020,16769.12396
10466,Oil_thermal,0.092,-23.64972222,-46.66638889,2020,8384.561982
10470,Oil_thermal,0.044,-22.39769444,-47.56433333,2020,4010.007904
10474,Oil_thermal,0.144,-30.07005556,-51.23127778,2020,62105.71435
10478,Oil_thermal,0.144,-24.01772222,-46.4555,2020,13123.66223
10482,Oil_thermal,0.184,-22.92319,-43.45026,2020,16769.12396
10486,Oil_thermal,0.0648,-23.44027778,-46.5475,2020,5905.648005
10490,Oil_thermal,0.208,-23.48722222,-46.73166667,2020,18956.401
10494,Oil_thermal,0.208,-23.485,-46.62361111,2020,18956.401
10498,Oil_thermal,0.092,-23.53138889,-46.2,2020,8384.561982
10502,Oil_thermal,0.0648,-23.66772222,-46.53977778,2020,5905.648005
10506,Oil_thermal,0.144,-23.65008,-46.64811,2020,13123.66223
10510,Oil_thermal,0.208,-23.61472222,-46.74361111,2020,18956.401
10514,Oil_thermal,0.616,-15.79213889,-47.90990179,2020,56140.11066
10518,Oil_thermal,0.1344,-23.55166667,-46.65472222,2020,12248.75142
10522,Oil_thermal,0.8,-23.51266667,-46.70527778,2020,72909.23463
10526,Oil_thermal,0.368,-23.01419444,-43.46644444,2020,33538.24793
10530,Oil_thermal,0.484,-12.98997222,-38.45944444,2020,47464.79177
10534,Oil_thermal,0.2912,-23.52111111,-46.66527778,2020,26538.9614
10538,Oil_thermal,0.092,-23.55663889,-46.66227778,2020,8384.561982
10542,Oil_thermal,0.092,-22.92319,-43.45026,2020,8384.561982
10546,Oil_thermal,0.12,-20.36438889,-40.30094444,2020,10936.38519
10550,Oil_thermal,0.32,-23.65008,-46.64811,2020,29163.69385
10554,Oil_thermal,0.144,-23.61,-46.69472222,2020,13123.66223
10558,Oil_thermal,0.0688,-7.12166667,-34.83816667,2020,6747.061309
10562,Oil_thermal,0.184,-22.56997222,-47.422,2020,16769.12396
10566,Oil_thermal,2.4,-23.54722222,-46.63416667,2020,218727.7039
10570,Oil_thermal,0.1876,-23.58277778,-46.68313889,2020,17097.21552
10574,Oil_thermal,0.24,-23.5475,-46.63611111,2020,21872.77039
10578,Oil_thermal,1.6192,-19.92238889,-43.92211111,2020,147568.2909
10582,Oil_thermal,0.144,-21.22982778,-50.44735833,2020,13123.66223
10586,Oil_thermal,0.208,-23.54694444,-46.57722222,2020,18956.401
10590,Oil_thermal,0.168,-18.57888889,-46.51805556,2020,15310.93927
10598,Oil_thermal,0.208,-23.5725,-46.57027778,2020,18956.401
10606,Oil_thermal,0.8624,-23.53805556,-46.77666667,2020,78596.15493
10610,Oil_thermal,0.896,-23.49911111,-46.85066667,2020,81658.34278
10614,Oil_thermal,0.72,-22.93183333,-43.32608333,2020,65618.31116
10618,Oil_thermal,0.184,-22.53283333,-43.19308333,2020,16769.12396
10622,Oil_thermal,0.5496,-5.08916667,-42.80194444,2020,53898.03627
10626,Oil_thermal,0.208,-23.52972222,-46.6875,2020,18956.401
10630,Oil_thermal,0.32,-21.74153574,-43.36321834,2020,29163.69385
10634,Oil_thermal,0.092,-24.08057,-49.30356,2020,8384.561982
10638,Oil_thermal,0.12,-20.30311111,-40.31455556,2020,10936.38519
10642,Oil_thermal,0.24,-7.16427778,-34.86027778,2020,23536.26038
10646,Oil_thermal,0.12,-20.80638889,-49.39083333,2020,10936.38519
10654,Oil_thermal,0.56,-12.93247222,-38.50707778,2020,54917.94089
10658,Oil_thermal,0.52,-22.90666667,-47.08583333,2020,47391.00251
10662,Oil_thermal,0.72,-12.89024444,-38.31338611,2020,70608.78115
10666,Oil_thermal,0.736,-12.93888889,-38.38641111,2020,72177.86517
10670,Oil_thermal,0.184,-21.69891667,-43.42463889,2020,16769.12396
10674,Oil_thermal,0.36,-19.7480555,-47.98055559,2020,32809.15558
10678,Oil_thermal,3.92,-15.65261885,-56.12292242,2020,357255.2497
10682,Oil_thermal,0.648,-23.43889,-46.475836,2020,59056.48005
10686,Oil_thermal,0.0296,-21.67222222,-51.08111111,2020,2697.641681
10690,Oil_thermal,0.24,-22.24111111,-51.42611111,2020,21872.77039
10694,Oil_thermal,0.26,-26.90494195,-48.70266826,2020,112135.3176
10698,Oil_thermal,0.16,-23.51138891,-47.4888889,2020,14581.84693
10702,Oil_thermal,0.4232,-22.31219167,-49.05798889,2020,38568.98512
10706,Oil_thermal,0.0504,-23.61194445,-46.65916666,2020,4593.281781
10710,Oil_thermal,2.16,-8.33805555,-35.02277778,2020,211826.3434
10714,Oil_thermal,2,-10.32666666,-56.97944445,2020,182273.0866
10718,Oil_thermal,3,-7.14003794,-34.99055165,2020,294203.2548
10722,Oil_thermal,0.08,-23.49701509,-46.8298032,2020,7290.923463
10726,Oil_thermal,0.256,-23.63297223,-46.71197222,2020,23330.95508
10730,Oil_thermal,1.35,-23.42555558,-46.41416667,2020,123034.3334
10734,Oil_thermal,4.48,-22.78085437,-45.14807569,2020,408291.7139
10738,Oil_thermal,2.4,-16.39805555,-48.965,2020,218727.7039
10742,Oil_thermal,3.036,-12.68462139,-38.30055556,2020,297733.6938
10750,Oil_thermal,0.1,-23.53777779,-46.63416666,2020,9113.654328
10754,Oil_thermal,0.0912,-23.52055557,-46.66583333,2020,8311.652747
10758,Oil_thermal,1.2,-10.67000034,-37.80500011,2020,117681.3019
10762,Oil_thermal,2.25,-23.4330555,-46.32805553,2020,205057.2224
10766,Oil_thermal,0.0176,-30.06476249,-51.22350139,2020,7590.69842
10770,Oil_thermal,5.04,-0.15667598,-50.38664855,2020,621360.9642
10774,Oil_thermal,8.04,-1.51251578,-52.58307508,2020,991218.681
10778,Oil_thermal,3.8,-0.98596678,-49.94593211,2020,468486.4413
10782,Oil_thermal,1.2,-3.60724188,-55.32992016,2020,147943.0867
10786,Oil_thermal,1.3,-0.16089936,-50.0014821,2020,160271.6773
10790,Oil_thermal,2.4,-1.25324775,-48.55351001,2020,295886.1734
10794,Oil_thermal,2.432,-2.16973152,-56.74221191,2020,299831.3224
10798,Oil_thermal,7.015,-1.40416262,-51.63833053,2020,864850.6277
10802,Oil_thermal,3.2,-6.22873371,-57.76063407,2020,394514.8979
10806,Oil_thermal,21.63,-2.16304346,-56.10055107,2020,2666674.138
10810,Oil_thermal,5.226,-1.54083174,-49.25027579,2020,644292.1426
10814,Oil_thermal,5.48,-2.00250287,-49.86222416,2020,675606.7627
10818,Oil_thermal,8.04,-1.74832844,-52.23833037,2020,991218.681
10822,Oil_thermal,3.96,-1.79416556,-53.4755554,2020,488212.1862
10826,Oil_thermal,1.6,-0.71848205,-49.18068195,2020,197257.449
10830,Oil_thermal,15.99,-9.3432816,-50.33387252,2020,1971341.63
10834,Oil_thermal,6.06,-1.72110873,-49.52888922,2020,747112.5879
10838,Oil_thermal,5.24,-2.10444103,-56.48749194,2020,646018.1453
10842,Oil_thermal,0.192,-19.80916667,-47.92530544,2020,17498.21631
10846,Oil_thermal,0.22,-23.65388889,-46.71638888,2020,20050.03952
10850,Oil_thermal,5,-23.56500095,-46.63833143,2020,455682.7164
10858,Oil_thermal,0.891,-2.67277786,-65.67416667,2020,109847.7419
10862,Oil_thermal,0.891,-3.86277778,-62.48166667,2020,109847.7419
10866,Oil_thermal,0.891,-1.82611111,-66.59888889,2020,109847.7419
10870,Oil_thermal,1.408,-3.5294557,-64.41118006,2020,173586.5551
10874,Oil_thermal,2.464,-1.87777778,-66.99388889,2020,303776.4714
10878,Oil_thermal,2.816,-6.43944444,-68.24611111,2020,347173.1102
10882,Oil_thermal,3.168,-3.47226134,-66.06544538,2020,390569.7489
10886,Oil_thermal,4.095,-7.05472225,-71.691389,2020,504855.7834
10890,Oil_thermal,4.224,-1.83481271,-65.60696942,2020,520759.6652
10894,Oil_thermal,3.872,-3.23472222,-64.78666667,2020,477363.0265
10898,Oil_thermal,4.224,-2.98611111,-65.15777778,2020,520759.6652
10902,Oil_thermal,4.095,-7.44083333,-70.02972222,2020,504855.7834
10906,Oil_thermal,8.448,-6.66055555,-69.87611111,2020,1041519.33
10910,Oil_thermal,9.531,-4.87722222,-66.89638889,2020,1175037.966
10914,Oil_thermal,29.652,-3.35444444,-64.67027778,2020,3655673.673
10918,Oil_thermal,0.63,-4.04166666,-69.5286111,2020,77670.12052
10922,Oil_thermal,0.891,-2.93083333,-69.69638887,2020,109847.7419
10926,Oil_thermal,0.63,-5.13694389,-72.81111111,2020,77670.12052
10930,Oil_thermal,0.891,-3.05361111,-69.00222222,2020,109847.7419
10934,Oil_thermal,1.408,-3.07861112,-68.06277778,2020,173586.5551
10938,Oil_thermal,3.872,-3.36916667,-68.19111093,2020,477363.0265
10942,Oil_thermal,4.928,-2.8877777,-67.79416658,2020,607552.9428
10946,Oil_thermal,5.984,-2.74222222,-66.76833333,2020,737742.8591
10950,Oil_thermal,4.928,-4.49781,-69.4507,2020,607552.9428
10954,Oil_thermal,6.336,-2.52416661,-66.03861108,2020,781139.4978
10958,Oil_thermal,19.062,-4.25749934,-69.93861144,2020,2350075.932
10962,Oil_thermal,10.59,-4.35611111,-70.03527778,2020,1305597.74
10966,Oil_thermal,0.22,-23.59888892,-46.76027775,2020,20050.03952
10970,Oil_thermal,1.088,-22.96649429,-43.18819252,2020,99156.55909
10974,Oil_thermal,0.8,-23.7128376,-46.54705943,2020,72909.23463
10990,Oil_thermal,0.4,-16.67888889,-49.25388888,2020,36454.61731
10994,Oil_thermal,1.32,-10.94666667,-37.075,2020,129449.4321
10998,Oil_thermal,0.504,-10.96888889,-37.05416666,2020,49426.1468
11006,Oil_thermal,0.1344,-29.70388888,-53.80055556,2020,57965.33339
11010,Oil_thermal,1.1144,-23.528838,-46.66322658,2020,101562.5638
11018,Oil_thermal,0.168,-1.45689444,-48.47871111,2020,20712.03214
11022,Oil_thermal,0.0848,-23.21000001,-45.88583332,2020,7728.37887
11026,Oil_thermal,0.10625,-23.20861111,-45.90166666,2020,9683.257724
11034,Oil_thermal,0.8,-18.57500744,-46.5136126,2020,72909.23463
11038,Oil_thermal,1.6,-8.03148929,-34.90254682,2020,156908.4025
11042,Oil_thermal,1.6,-23.63042116,-46.70786582,2020,145818.4693
11046,Oil_thermal,0.24,-27.65083333,-52.24777777,2020,103509.5239
11050,Oil_thermal,0.04,-23.65916666,-46.535,2020,3645.461731
11062,Oil_thermal,0.76,-23.6435602,-46.64273247,2020,69263.77289
11070,Oil_thermal,2.25,-23.53191287,-46.61974485,2020,205057.2224
11074,Oil_thermal,0.3472,-23.30625014,-45.96277647,2020,31642.60783
11078,Oil_thermal,1.8,-23.55805318,-46.6574979,2020,164045.7779
11086,Oil_thermal,1.8248,-19.76894242,-44.11691785,2020,166305.9642
11090,Oil_thermal,0.044,-27.6212164,-52.26137997,2020,18976.74605
11102,Oil_thermal,0.0506,-27.62110933,-52.2613871,2020,21823.25796
11106,Oil_thermal,1.6,-22.86694087,-43.60444087,2020,145818.4693
11110,Oil_thermal,0.6056,-21.38952607,-42.69340124,2020,55192.29061
11118,Oil_thermal,0.8215,-2.76512348,-57.75970602,2020,101279.3714
11122,Oil_thermal,2.103,-2.45623488,-57.10763924,2020,259270.2595
11126,Oil_thermal,0.8215,-2.44408848,-57.28882348,2020,101279.3714
11130,Oil_thermal,10.212,-2.62313763,-60.94733315,2020,1258995.668
11134,Oil_thermal,5.427,-2.91318555,-59.0427175,2020,669072.6097
11138,Oil_thermal,10.614,-3.11449277,-59.01879612,2020,1308556.602
11142,Oil_thermal,5.914,-2.57527146,-57.86419416,2020,729112.8457
11146,Oil_thermal,1.744,-2.79335328,-57.21898529,2020,215010.6194
11150,Oil_thermal,7.375,-2.80653741,-57.06510345,2020,909233.5538
11154,Oil_thermal,5.914,-2.96537386,-57.5863244,2020,729112.8457
11158,Oil_thermal,30.388,-3.37707371,-57.72706191,2020,3746412.099
11162,Oil_thermal,5.914,-7.71559029,-66.99410287,2020,729112.8457
11166,Oil_thermal,1.616,-3.69305556,-61.06444444,2020,199230.0234
11170,Oil_thermal,8.349,-5.62138889,-63.18777778,2020,1029314.026
11174,Oil_thermal,1.091,-6.25036111,-64.24633333,2020,134504.923
11178,Oil_thermal,0.8215,-3.54722222,-58.92972222,2020,101279.3714
11182,Oil_thermal,0.8215,-3.27540639,-60.93412139,2020,101279.3714
11186,Oil_thermal,1.1875,-3.18686597,-59.501154,2020,146402.0129
11190,Oil_thermal,10.212,-3.43187485,-60.45961901,2020,1258995.668
11194,Oil_thermal,19.697,-7.28121389,-64.77726944,2020,2428362.482
11198,Oil_thermal,1.412,-4.28977,-61.8039825,2020,174079.6987
11202,Oil_thermal,15.801,-3.41094333,-59.9083125,2020,1948040.594
11206,Oil_thermal,15.801,-3.81153095,-60.36110945,2020,1948040.594
11210,Oil_thermal,8.836,-3.19755722,-59.82844599,2020,1089354.262
11214,Oil_thermal,1.45,-3.31227667,-61.11511,2020,178764.5631
11218,Oil_thermal,5.427,-6.524411,-64.385392,2020,669072.6097
11222,Oil_thermal,10.127,-3.89247835,-61.37047689,2020,1248516.366
11226,Oil_thermal,1.412,-3.42044936,-61.36289291,2020,174079.6987
11230,Oil_thermal,18.723,-8.76931107,-67.32919716,2020,2308282.01
11234,Oil_thermal,13.65,-5.8151832,-61.29239035,2020,1682852.611
11238,Oil_thermal,6.175,-7.20932222,-59.89181944,2020,761290.467
11242,Oil_thermal,21.223,-7.48501389,-63.02585,2020,2616496.774
11246,Oil_thermal,9.218,-3.88630556,-59.07238889,2020,1136449.478
11250,Oil_thermal,10.518,-4.40491667,-59.59077778,2020,1296721.155
11254,Oil_thermal,11.066,-0.12944444,-67.08972222,2020,1364281.831
11258,Oil_thermal,11.066,-3.60569444,-59.13347222,2020,1364281.831
11262,Oil_thermal,1.6,-22.86709078,-43.6044266,2020,145818.4693
11266,Oil_thermal,1.6,-22.86739773,-43.60441946,2020,145818.4693
11270,Oil_thermal,0.728,-23.56748651,-46.59172818,2020,66347.40351
11274,Oil_thermal,1.6,-22.86723355,-43.60441946,2020,145818.4693
11278,Oil_thermal,0.32,-23.56611711,-46.69000185,2020,29163.69385
11282,Oil_thermal,1.092,-23.60796962,-46.72539345,2020,99521.10526
11286,Oil_thermal,1.2,-23.4966625,-46.84666369,2020,109363.8519
11290,Oil_thermal,0.6056,-21.40824745,-42.6822496,2020,55192.29061
11294,Oil_thermal,2.6,-23.6293577,-46.57944907,2020,236955.0125
11298,Oil_thermal,0.675,-23.6836111,-46.55722222,2020,61517.16672
11302,Oil_thermal,0.4,-23.61733023,-46.49617585,2020,36454.61731
11306,Oil_thermal,2.032,-20.31638443,-45.48507894,2020,185189.4559
11310,Oil_thermal,0.364,-23.56756667,-46.59171944,2020,33173.70175
11314,Oil_thermal,1.44,-23.59030953,-46.68225714,2020,131236.6223
11326,Oil_thermal,2.4,-23.4022222,-46.8341667,2020,218727.7039
11330,Oil_thermal,0.2504,-23.615,-46.6922222,2020,22820.59044
11334,Oil_thermal,0.32,-10.9432222,-37.048375,2020,31381.68051
11338,Oil_thermal,0.8,-23.6213889,-46.7866667,2020,72909.23463
11342,Oil_thermal,1.2,-16.0014383,-56.1684722,2020,109363.8519
11346,Oil_thermal,0.1824,-23.4735917,-46.5340028,2020,16623.30549
11358,Oil_thermal,29.52,-0.01428905,-51.18078158,2020,3639399.933
11362,Oil_thermal,24.48,0.03510479,-51.08255073,2020,3018038.969
11366,Oil_thermal,36,-0.01376398,-51.18081887,2020,4438292.601
11370,Oil_thermal,2.4,-23.69111111,-46.54916667,2020,218727.7039
11374,Oil_thermal,0.56,-10.89444444,-37.05944445,2020,54917.94089
11378,Oil_thermal,1.84,-27.58138889,-49.00722222,2020,793573.0167
11382,Oil_thermal,0.136,-19.748161,-47.976036,2020,12394.56989
