ID,Fuel_type,Granted_power_MW,latitude,longitude,year,Fuel_consumed_plant_GJ
2027,Oil_thermal,0.5456,-3.05445119,-69.002235,2019,56573.46204
2031,Oil_thermal,0.232,-12.9999983,-60.94480395,2019,42172.25445
2035,Oil_thermal,3.18,-3.70101671,-65.33081093,2019,329735.3542
2039,Oil_thermal,1.92,-3.41817574,-68.28735283,2019,199085.4969
2051,Oil_thermal,5.35,-7.20250574,-59.88690518,2019,554743.4419
2055,Oil_thermal,7.67,-5.12066596,-60.38043633,2019,795305.084
2063,Oil_thermal,1.52,-4.36615749,-70.18798928,2019,157609.3517
2067,Oil_thermal,7.94,-3.57942916,-59.13275442,2019,823301.482
2071,Oil_thermal,0.9,-4.04549803,-59.37053558,2019,93321.32667
2075,Oil_thermal,1.222,-1.89737215,-50.21113971,2019,126709.6236
2079,Oil_thermal,0.72,-7.35277998,-50.4075014,2019,74657.06134
2083,Oil_thermal,5.26,-0.97274561,-62.9256602,2019,545411.3092
2087,Oil_thermal,0.44,-9.29167023,-50.04608449,2019,45623.75971
2091,Oil_thermal,2.982,-2.8063048,-57.06650043,2019,309204.6624
2095,Oil_thermal,0.3088,-8.52174068,-46.74677434,2019,32019.58409
2099,Oil_thermal,5.12,-4.37498902,-70.02734843,2019,530894.6584
2103,Oil_thermal,6.52,-3.89780895,-61.37472681,2019,676061.1666
2107,Oil_thermal,0.75,-3.07833887,-68.06277772,2019,77767.77223
2111,Oil_thermal,2.76,-2.96885845,-57.58803746,2019,286185.4018
2115,Oil_thermal,7.641,-8.76805555,-67.31888888,2019,792298.0635
2119,Oil_thermal,0.224,-12.43831043,-64.22856358,2019,40718.03878
2123,Oil_thermal,5.6,-4.38972222,-59.59611111,2019,580666.0326
2131,Oil_thermal,4.1,-2.46083334,-57.10277778,2019,425130.4882
2139,Oil_thermal,169.08,-7.23073189,-35.889979,2019,20979571.35
2143,Oil_thermal,0.55,-3.30562507,-60.61374745,2019,57029.69963
2147,Oil_thermal,3.38,-6.53444444,-64.38361111,2019,350473.4268
2151,Oil_thermal,5.456,-4.87722222,-66.89638889,2019,565734.6204
2155,Oil_thermal,2.42,-3.19739694,-59.82631389,2019,250930.6784
2159,Oil_thermal,17.52,-3.81888888,-60.36805553,2019,1816655.159
2163,Oil_thermal,0.8544,-3.30496317,-60.61485602,2019,88593.04612
2167,Oil_thermal,32.6,-21.54869966,-47.77251455,2019,5925928.858
2171,Oil_thermal,138.172,-22.35628767,-46.96053455,2019,25116485.96
2175,Oil_thermal,19.31,-4.09055556,-63.14694444,2019,2002260.909
2183,Oil_thermal,10.946,-13.11489866,-60.51859055,2019,1989730.591
2187,Oil_thermal,74.4,-29.93900967,-51.70853455,2019,36362649.78
2191,Oil_thermal,3.38,-7.44083333,-70.02972222,2019,350473.4268
2195,Oil_thermal,0.55,-4.37212137,-70.19218565,2019,57029.69963
2199,Oil_thermal,0.06,-11.04799138,-45.19299114,2019,7444.844339
2207,Oil_thermal,6.12,-2.52452989,-66.03914881,2019,634585.0214
2215,Oil_thermal,1.28,-7.5460003,-72.58400008,2019,132723.6646
2219,Oil_thermal,13.25,-7.51577731,-63.02464789,2019,1373897.309
2223,Oil_thermal,1.11,-0.12600966,-67.07953455,2019,115096.3029
2231,Oil_thermal,0.438,-2.93090559,-69.69636525,2019,45416.37898
2235,Oil_thermal,2.68,-7.05472225,-71.691389,2019,277890.1728
2239,Oil_thermal,29.7,-3.13416702,-58.44610748,2019,3079603.78
2243,Oil_thermal,1.76,-6.43944471,-68.24611134,2019,182495.0388
2247,Oil_thermal,0.324,-15.24616694,-40.24738111,2019,40202.15943
2251,Oil_thermal,0.434,-3.59795366,-60.80803455,2019,45001.61753
2255,Oil_thermal,0.28,-1.8219442,-66.60888918,2019,29033.30163
2267,Oil_thermal,1.22,-3.47388902,-66.06694405,2019,126502.2428
2271,Oil_thermal,6.54,-2.74226188,-66.76832294,2019,678134.9738
2275,Oil_thermal,6.3,-7.26583333,-64.79361111,2019,653249.2867
2279,Oil_thermal,1.425,-1.88010513,-66.99727264,2019,147758.7672
2283,Oil_thermal,0.3,-0.79492201,-47.59874769,2019,31107.10889
2287,Oil_thermal,15.55,-3.29128766,-60.60747855,2019,1612385.144
2291,Oil_thermal,6.02,-3.43210867,-60.45940728,2019,624215.9851
2295,Oil_thermal,6.45,-5.81487451,-61.29264516,2019,668802.8412
2299,Oil_thermal,3.9,-1.83504968,-65.60700876,2019,404392.4156
2303,Oil_thermal,9.68,-3.39555556,-57.71611111,2019,1003722.714
2307,Oil_thermal,1.825,-21.43982535,-47.34580139,2019,331742.9499
2311,Oil_thermal,0.372,-2.4570353,-57.28118077,2019,38572.81503
2315,Oil_thermal,0.42,-1.88432068,-48.76789855,2019,43549.95245
2319,Oil_thermal,4.2,-1.52733889,-52.576835,2019,435499.5245
2323,Oil_thermal,8,-0.92305556,-52.43305556,2019,829522.9038
2327,Oil_thermal,0.1,-3.86277772,-62.48166664,2019,10369.0363
2331,Oil_thermal,4.68,-2.18916664,-56.71444444,2019,485270.8987
2339,Oil_thermal,3.597,-9.84350966,-57.80192344,2019,653851.7209
2343,Oil_thermal,0.048,-11.71992506,-61.77320562,2019,8725.294024
2347,Oil_thermal,3.2,-10.41010773,-65.33184863,2019,581686.2683
2351,Oil_thermal,2.683,-13.02200966,-57.06453455,2019,487707.5806
2355,Oil_thermal,2.502,-9.96795411,-57.45553455,2019,454805.951
2359,Oil_thermal,9.164,-3.89972222,-59.09222222,2019,950218.4863
2363,Oil_thermal,5.2,-2.62369772,-60.9553335,2019,539189.8875
2367,Oil_thermal,5.08,-3.38638889,-59.27388889,2019,526747.0439
2371,Oil_thermal,9.125,-7.03489855,-55.394979,2019,946174.5621
2375,Oil_thermal,4.42,-3.22027778,-59.02194444,2019,458311.4043
2379,Oil_thermal,175.56,-16.80600967,-49.914979,2019,31912762.89
2383,Oil_thermal,1.2,-3.0000541,-47.35538198,2019,124428.4356
2387,Oil_thermal,29.55,-2.63292277,-56.74383495,2019,3064050.226
2391,Oil_thermal,5.28,-7.70598852,-66.99989767,2019,547485.1165
2395,Oil_thermal,0.818,-2.79666635,-57.27972179,2019,84818.71691
2399,Oil_thermal,13,-11.68323166,-61.17497855,2019,2363100.465
2403,Oil_thermal,390,-23.69628767,-46.66859055,2019,70893013.95
2407,Oil_thermal,0.048,-6.75281556,-37.74468611,2019,8725.294024
2411,Oil_thermal,15.3,-1.76200966,-55.85653455,2019,1586462.553
2415,Oil_thermal,2.3,-2.4210648,-48.15092695,2019,238487.8348
2419,Oil_thermal,71.9,-29.8698262,-51.17719592,2019,35140786.55
2439,Oil_thermal,2.344,-12.93517633,-51.81275678,2019,426085.1915
2443,Oil_thermal,6,-23.87383333,-46.42641667,2019,1090661.753
2447,Oil_thermal,2.67,-2.57139445,-57.86943436,2019,276853.2691
2455,Oil_thermal,2.84,-0.42055555,-65.03527779,2019,294480.6308
2463,Oil_thermal,20.02,-4.25350966,-69.92914555,2019,2075881.067
2467,Oil_thermal,3.78,-5.61739866,-63.17831255,2019,391949.572
2471,Oil_thermal,16.482,-3.35045366,-64.66081255,2019,1709024.562
2475,Oil_thermal,4.2,-2.88781371,-67.79418371,2019,435499.5245
2479,Oil_thermal,4.7592,-3.84517633,-32.41720121,2019,590525.053
2483,Oil_thermal,0.95,-3.69305555,-61.06444444,2019,98505.84482
2491,Oil_thermal,4.94,-2.53073166,-57.75109055,2019,512230.3931
2499,Oil_thermal,5.65,-2.61391578,-56.66644576,2019,585850.5508
2503,Oil_thermal,0.308,-1.39136033,-69.42428279,2019,31936.6318
2507,Oil_thermal,1.355,-3.53235922,-64.41015251,2019,140500.4418
2511,Oil_thermal,0.429,-2.78900966,-57.06053455,2019,44483.16571
2515,Oil_thermal,0.686,-3.27694444,-60.93305555,2019,71131.589
2519,Oil_thermal,1.112,-8.84045411,-49.72192344,2019,115303.6836
2523,Oil_thermal,5.02,-3.10591691,-67.94644389,2019,520525.6221
2527,Oil_thermal,0.016,-1.395,-61.78416667,2019,1659.045808
2531,Oil_thermal,2.2,-29.75628744,-51.13775678,2019,1075239.644
2535,Oil_thermal,0.2592,-1.52733889,-52.576835,2019,26876.54208
2539,Oil_thermal,4.12,-3.46406418,-68.94884092,2019,427204.2954
2547,Oil_thermal,0.789,-2.95045366,-58.05247855,2019,81811.69638
2551,Oil_thermal,225.1,-20.12500967,-40.29853455,2019,40917993.43
2555,Oil_thermal,8.988,-23.20766388,-46.82340351,2019,1633811.306
2559,Oil_thermal,5.1,-2.74968043,-58.02233714,2019,528820.8512
2567,Oil_thermal,8.78,-0.12944444,-67.08972222,2019,910401.3869
2575,Oil_thermal,2.76,-3.12184266,-58.14775655,2019,286185.4018
2579,Oil_thermal,8.2,-6.66055601,-69.8761111,2019,850260.9764
2583,Oil_thermal,5.1,-2.98601703,-65.15742708,2019,528820.8512
2587,Oil_thermal,0.72,-1.79795411,-50.70581233,2019,74657.06134
2599,Oil_thermal,2.68,-2.83777326,-58.20971967,2019,277890.1728
2603,Oil_thermal,0.72,-0.12600966,-67.07953455,2019,74657.06134
2611,Oil_thermal,5,-23.48914378,-46.43968359,2019,908884.7942
2631,Oil_thermal,7.59,-3.13359877,-58.48522924,2019,787009.855
2635,Oil_thermal,4.85,-1.50598776,-48.62601361,2019,502898.2604
2639,Oil_thermal,3.05,-22.78079297,-45.16880095,2019,554419.7244
2647,Oil_thermal,0.2,-2.67617447,-56.62643685,2019,20738.07259
2651,Oil_thermal,0.08,-3.19739694,-59.82631389,2019,8295.229038
2655,Oil_thermal,0.418,-3.54722222,-58.92972222,2019,43342.57172
2659,Oil_thermal,0.96,-3.83173471,-55.49931418,2019,99542.74845
2663,Oil_thermal,0.2,-2.94657294,-48.95325214,2019,20738.07259
2667,Oil_thermal,18.02,-23.66000967,-46.52853455,2019,3275620.798
2675,Oil_thermal,0.424,-5.13694389,-72.81111111,2019,43964.7139
2679,Oil_thermal,24.4,-19.74400967,-47.92253455,2019,4435357.796
2683,Oil_thermal,0.996,-19.96660049,-43.83431831,2019,181049.851
2687,Oil_thermal,6.4,-3.14777805,-59.95305611,2019,663618.323
2691,Oil_thermal,23.75,-12.76607635,-60.13894002,2019,4317202.772
2699,Oil_thermal,10.7,-24.72636111,-48.105,2019,1945013.46
2703,Oil_thermal,64,-8.79444444,-63.81555556,2019,11633725.37
2711,Oil_thermal,0.324,-3.41611816,-61.3647506,2019,33595.6776
2715,Oil_thermal,0.6552,-4.29691577,-69.53766101,2019,67937.92582
2735,Oil_thermal,1.8,-3.74515298,-47.49884055,2019,186642.6533
2739,Oil_thermal,0.75,-2.76184266,-57.74997855,2019,77767.77223
2767,Oil_thermal,8.25,3.83843478,-51.82664566,2019,855445.4945
2787,Oil_thermal,9.624,-23.64600967,-46.71025655,2019,1749421.452
2795,Oil_thermal,0.44,-22.78500967,-50.20853455,2019,79981.86189
2799,Oil_thermal,0.472,-22.73922442,-50.20863749,2019,85798.72457
2815,Oil_thermal,0.04,-0.97280105,-62.92566966,2019,4147.614519
2831,Oil_thermal,3.75,-22.16474423,-49.95874051,2019,681663.5956
2835,Oil_thermal,0.144,-22.66199977,-50.41199989,2019,26175.88207
2843,Oil_thermal,1.5,-3.70776888,-38.58011483,2019,186121.1085
2855,Oil_thermal,4.5,-3.67150804,-40.34515899,2019,558363.3255
2859,Oil_thermal,11.45,-22.97989867,-43.42081255,2019,2081346.179
2867,Oil_thermal,1.6,-21.79036,-48.17444,2019,290843.1341
2871,Oil_thermal,1.6,-12.29792347,-38.96633375,2019,198529.1824
2883,Oil_thermal,0.72,-23.15399151,-46.93675746,2019,130879.4104
2887,Oil_thermal,1.08,-15.59200966,-56.08753455,2019,196319.1155
2891,Oil_thermal,4.76,-23.54400967,-46.62653455,2019,865258.324
2895,Oil_thermal,0.8,-22.85795579,-47.22002043,2019,145421.5671
2899,Oil_thermal,2,-22.77400967,-47.28653455,2019,363553.9177
2947,Oil_thermal,4,-23.54400967,-46.62653455,2019,727107.8353
2951,Oil_thermal,3.75,-21.14624595,-47.82860155,2019,681663.5956
2955,Oil_thermal,4.48,-22.87665194,-43.227875,2019,814360.7756
2963,Oil_thermal,2,-22.92787,-47.12746,2019,363553.9177
2969,Oil_thermal,0.9,-26.10040806,-49.797685,2019,439870.7634
2973,Oil_thermal,23,-19.6275,-46.98611111,2019,4180870.053
2981,Oil_thermal,14.76,-3.73274187,-38.64339191,2019,1831431.708
2985,Oil_thermal,11.48,-4.34840551,-38.86096552,2019,1424446.884
2989,Oil_thermal,13.12,-7.23243966,-39.47796455,2019,1627939.296
2993,Oil_thermal,11.48,-4.55308691,-37.77001242,2019,1424446.884
2997,Oil_thermal,14.76,-6.37591626,-39.29668971,2019,1831431.708
3001,Oil_thermal,14.76,-3.58275732,-38.87382734,2019,1831431.708
3005,Oil_thermal,14.76,-7.20942363,-39.30611274,2019,1831431.708
3009,Oil_thermal,13.12,-4.86128766,-42.78164555,2019,1627939.296
3013,Oil_thermal,13.12,-5.34184266,-42.80692355,2019,1627939.296
3017,Oil_thermal,13.12,-4.84239866,-42.18359055,2019,1627939.296
3021,Oil_thermal,13.12,-5.03611816,-42.44527091,2019,1627939.296
3025,Oil_thermal,1.598,-10.83323189,-61.45442344,2019,290479.5802
3029,Oil_thermal,136.2,-9.39737611,-40.49999889,2019,16899796.65
3045,Oil_thermal,57.22,-19.96626178,-44.09553798,2019,10401277.58
3049,Oil_thermal,0.223,-12.96700966,-38.50153455,2019,27670.0048
3053,Oil_thermal,2.175,-23.48640133,-46.74389289,2019,395364.8855
3057,Oil_thermal,1.0704,-23.51666589,-46.91567289,2019,194574.0567
3061,Oil_thermal,44.44,-16.39639274,-48.93035943,2019,8078168.051
3065,Oil_thermal,31.8,-12.66534901,-38.33517137,2019,3945767.5
3069,Oil_thermal,3.84,-23.60087338,-48.09491741,2019,698023.5219
3073,Oil_thermal,53.576,-16.58166695,-49.25749997,2019,9738882.346
3077,Oil_thermal,53.12,-5.87062078,-35.29331233,2019,6591168.855
3081,Oil_thermal,12.895,-14.23926827,-41.72330298,2019,1600021.129
3089,Oil_thermal,1.296,-21.46899111,-47.00717111,2019,235582.9386
3093,Oil_thermal,0.725,-21.59200967,-46.87953455,2019,131788.2952
3097,Oil_thermal,2,-22.70944337,-47.01242972,2019,363553.9177
3105,Oil_thermal,36,-14.34323166,-48.43081255,2019,6543970.518
3113,Oil_thermal,1.342,-22.70678194,-46.98234305,2019,243944.6788
3125,Oil_thermal,0.696,-22.701,-46.764,2019,126516.7633
3133,Oil_thermal,1.44,-21.36000967,-46.93053455,2019,261758.8207
3137,Oil_thermal,0.696,-22.74377111,-46.89780194,2019,126516.7633
3141,Oil_thermal,4.924,-23.69000967,-46.55553455,2019,895069.7453
3145,Oil_thermal,4.4504,-10.84875389,-37.12849611,2019,552208.9208
3153,Oil_thermal,6.4,-22.82104145,-47.19009321,2019,1163372.537
3157,Oil_thermal,3.898,-22.75992195,-47.15438611,2019,708566.5855
3161,Oil_thermal,1.36,-21.21171815,-47.81516992,2019,247216.664
3165,Oil_thermal,0.824,-21.13799358,-47.99003332,2019,149784.2141
3169,Oil_thermal,1.296,-23.52900967,-46.78253455,2019,235582.9386
3173,Oil_thermal,3,-21.25344611,-50.64263889,2019,545330.8765
3177,Oil_thermal,0.9,-20.88199986,-49.56999982,2019,163599.263
3181,Oil_thermal,0.36,-21.46899111,-47.00717112,2019,65439.70518
3185,Oil_thermal,1.6,-22.89900967,-43.19853455,2019,290843.1341
3189,Oil_thermal,0.6,-22.32512194,-49.08300111,2019,109066.1753
3193,Oil_thermal,2.04,-21.25100967,-48.31253455,2019,370824.996
3197,Oil_thermal,0.9,-22.93222222,-48.46499999,2019,163599.263
3205,Oil_thermal,3.5,-22.10614611,-50.17602806,2019,636219.3559
3209,Oil_thermal,1.056,-22.23212805,-48.71887389,2019,191956.4685
3213,Oil_thermal,1.45,-22.315,-49.061,2019,263576.5903
3217,Oil_thermal,1.172,-20.53000967,-49.30453455,2019,213042.5958
3225,Oil_thermal,3.688,-16.00442078,-49.78671233,2019,670393.4242
3229,Oil_thermal,2,-23.00834127,-44.35506151,2019,363553.9177
3233,Oil_thermal,3.688,-16.40200967,-49.20953455,2019,670393.4242
3237,Oil_thermal,0.369,-16.32882611,-48.95721806,2019,67075.69781
3241,Oil_thermal,0.725,-22.32512194,-49.08300111,2019,131788.2952
3245,Oil_thermal,0.352,-23.49060984,-46.84341668,2019,63985.48951
3249,Oil_thermal,0.3688,-17.73031883,-49.08887156,2019,67039.34242
3253,Oil_thermal,0.36,-22.73266016,-48.57284175,2019,65439.70518
3257,Oil_thermal,0.62,-21.184835,-47.80547611,2019,112701.7145
3261,Oil_thermal,0.142,-22.32512194,-49.08300111,2019,25812.32815
3265,Oil_thermal,0.725,-21.20547611,-50.43922611,2019,131788.2952
3269,Oil_thermal,0.564,-23.54400967,-46.62653455,2019,102522.2048
3273,Oil_thermal,0.48,-23.50179628,-46.82215025,2019,87252.94024
3277,Oil_thermal,1.45,-23.54400967,-46.62653455,2019,263576.5903
3281,Oil_thermal,4.8,-22.46900716,-48.98803336,2019,872529.4024
3285,Oil_thermal,0.2,-19.864738,-44.60538,2019,36355.39177
3293,Oil_thermal,0.184,-21.88796909,-42.70403336,2019,33446.96043
3297,Oil_thermal,11.48,-22.70327398,-47.62459851,2019,2086799.487
3301,Oil_thermal,0.288,-21.16502482,-47.7947477,2019,52351.76414
3305,Oil_thermal,0.64,-23.4801378,-46.52712351,2019,116337.2537
3309,Oil_thermal,0.648,-21.18551389,-47.80895556,2019,117791.4693
3313,Oil_thermal,0.144,-22.29100121,-49.55301195,2019,26175.88207
3317,Oil_thermal,0.252,-22.21000967,-49.93653455,2019,45807.79363
3321,Oil_thermal,1.15,-23.6588269,-46.70334205,2019,209043.5027
3325,Oil_thermal,0.324,-22.21322844,-49.96762605,2019,58895.73466
3329,Oil_thermal,3.75,-22.90734194,-47.06015611,2019,681663.5956
3333,Oil_thermal,0.68,-22.32512194,-49.08300111,2019,123608.332
3337,Oil_thermal,1.3112,-23.60663208,-46.69634612,2019,238345.9484
3341,Oil_thermal,1.62,-23.68200967,-46.61353455,2019,294478.6733
3345,Oil_thermal,0.64,-12.78710046,-38.40329097,2019,79411.67295
3349,Oil_thermal,0.648,-23.47689805,-46.35160306,2019,117791.4693
3353,Oil_thermal,3.2,-2.69500966,-59.69053455,2019,331809.1615
3357,Oil_thermal,0.972,-21.99404889,-47.42517306,2019,176687.204
3365,Oil_thermal,5.475,-23.54400967,-46.62653455,2019,995228.8496
3373,Oil_thermal,0.9,-23.53766244,-46.70962344,2019,163599.263
3377,Oil_thermal,0.72,-13.01477195,-38.48806111,2019,89338.13207
3381,Oil_thermal,0.16,-23.26544194,-47.29975,2019,29084.31341
3385,Oil_thermal,2.23,-23.69000967,-46.55553455,2019,405362.6182
3389,Oil_thermal,0.691,-23.54400967,-46.62653455,2019,125607.8786
3393,Oil_thermal,1.05,-4.49381966,-69.44123455,2019,108874.8811
3397,Oil_thermal,0.6,-21.79036,-48.17444,2019,109066.1753
3401,Oil_thermal,2,-8.28300966,-35.02553455,2019,248161.478
3405,Oil_thermal,0.208,-22.21493306,-49.95164611,2019,37809.60744
3409,Oil_thermal,0.74,-23.49800967,-47.44853455,2019,134514.9495
3413,Oil_thermal,0.04,-23.49090709,-46.58830961,2019,7271.078353
3417,Oil_thermal,1.267,-23.43620688,-46.39120175,2019,230311.4068
3421,Oil_thermal,2,-27.00400967,-51.14253455,2019,977490.5854
3425,Oil_thermal,0.72,-9.29323189,-50.092479,2019,74657.06134
3429,Oil_thermal,0.32,-23.46850611,-46.53108389,2019,58168.62683
3437,Oil_thermal,1.44,-4.45133806,-43.88608,2019,149314.1227
3441,Oil_thermal,3.6,-22.90200967,-47.05153455,2019,654397.0518
3449,Oil_thermal,0.64,-23.22826667,-45.91116944,2019,116337.2537
3453,Oil_thermal,0.264,-23.47459513,-46.47537426,2019,47989.11713
3457,Oil_thermal,1.666,-20.79323966,-49.34864455,2019,302840.4134
3461,Oil_thermal,14.8,-18.16600967,-47.93253455,2019,2690298.991
3469,Oil_thermal,0.04,-21.99200967,-47.41653455,2019,7271.078353
3477,Oil_thermal,4.92,-4.27200966,-55.97453455,2019,510156.5858
3481,Oil_thermal,93.0368,-3.10916667,-59.93944444,2019,9647019.562
3485,Oil_thermal,0.208,-21.93075278,-50.51347222,2019,37809.60744
3489,Oil_thermal,0.352,-22.77744411,-45.15442092,2019,63985.48951
3493,Oil_thermal,0.576,-20.55323189,-48.55853455,2019,104703.5283
3497,Oil_thermal,1.08,-3.77370966,-38.53213455,2019,134007.1981
3501,Oil_thermal,0.216,-3.77249999,-38.53666666,2019,26801.43962
3505,Oil_thermal,0.024,-3.73648694,-38.66401806,2019,2977.937736
3509,Oil_thermal,0.024,-3.61882966,-39.50631455,2019,2977.937736
3513,Oil_thermal,0.128,-4.25371288,-69.93996964,2019,13272.36646
3517,Oil_thermal,1.008,-3.03238871,-60.04556857,2019,104519.8859
3521,Oil_thermal,0.032,-5.91200966,-35.25353455,2019,3970.583648
3525,Oil_thermal,0.72,-5.91200966,-35.25353455,2019,89338.13207
3529,Oil_thermal,0.064,-5.90829529,-35.24910041,2019,7941.167295
3533,Oil_thermal,0.044,-21.17800003,-47.81000001,2019,7998.186189
3537,Oil_thermal,0.972,-23.52900967,-46.78253455,2019,176687.204
3541,Oil_thermal,0.144,-3.38067101,-64.72489846,2019,14931.41227
3545,Oil_thermal,0.35,-1.45888901,-61.63305556,2019,36291.62704
3549,Oil_thermal,1.115,-23.45045278,-46.48895833,2019,202681.3091
3553,Oil_thermal,2.494,-23.64610427,-46.72130838,2019,453351.7353
3557,Oil_thermal,1.8,-23.54400967,-46.62653455,2019,327198.5259
3561,Oil_thermal,0.128,-31.71775545,-52.32939429,2019,62559.39747
3565,Oil_thermal,0.72,-27.66628933,-48.54275849,2019,351896.6108
3569,Oil_thermal,0.307,-23.50689022,-46.62681789,2019,55805.52636
3573,Oil_thermal,0.312,-19.01098025,-57.66784027,2019,56714.41116
3577,Oil_thermal,0.588,-26.22306982,-48.79955747,2019,287382.2321
3581,Oil_thermal,0.018,-21.58410193,-45.46897959,2019,3271.985259
3585,Oil_thermal,0.541,-23.50890194,-46.87465305,2019,98341.33473
3589,Oil_thermal,0.13,-22.55184243,-55.70358151,2019,23631.00465
3593,Oil_thermal,0.044,-22.1259999,-51.38899998,2019,7998.186189
3597,Oil_thermal,0.048,-22.315,-49.061,2019,8725.294024
3601,Oil_thermal,0.065,-21.83450167,-46.56289289,2019,11815.50232
3605,Oil_thermal,1.25,-22.79765,-43.35168056,2019,227221.1985
3609,Oil_thermal,0.084,-23.22832783,-45.8615712,2019,15269.26454
3613,Oil_thermal,0.678,-20.45779368,-54.66855982,2019,123244.7781
3617,Oil_thermal,0.4,-25.59441271,-54.48882214,2019,195498.1171
3621,Oil_thermal,0.876,-23.33111332,-51.13717383,2019,428140.8764
3625,Oil_thermal,2.273,-23.62740607,-46.65579564,2019,413179.0274
3629,Oil_thermal,0.184,-23.54400967,-46.62653455,2019,33446.96043
3633,Oil_thermal,0.12,-23.49800967,-47.44853455,2019,21813.23506
3637,Oil_thermal,0.797,-8.71375169,-63.89986455,2019,144876.2362
3653,Oil_thermal,1.28,-23.61086111,-46.69668056,2019,232674.5073
3657,Oil_thermal,0.96,-23.51040573,-46.61167482,2019,174505.8805
3661,Oil_thermal,1.448,-9.26356712,-60.31520132,2019,263213.0364
3665,Oil_thermal,0.032,-23.50712355,-46.66365955,2019,5816.862683
3669,Oil_thermal,3.865,-23.00781136,-47.13716498,2019,702567.9459
3677,Oil_thermal,0.984,-25.53213991,-49.17351327,2019,480925.368
3681,Oil_thermal,2.704,-29.99304407,-51.16833331,2019,1321567.271
3685,Oil_thermal,0.054,-31.38481244,-54.10293178,2019,26392.24581
3689,Oil_thermal,0.608,-26.87956562,-48.64989171,2019,297157.138
3693,Oil_thermal,0.744,-27.5995412,-48.54515277,2019,363626.4978
3697,Oil_thermal,0.0176,-20.89769596,-51.57032781,2019,3199.274475
3701,Oil_thermal,0.0176,-22.41251194,-47.56353305,2019,3199.274475
3705,Oil_thermal,0.024,-23.93373695,-46.33137111,2019,4362.647012
3709,Oil_thermal,0.012,-22.95689611,-46.54233305,2019,2181.323506
3713,Oil_thermal,0.011,-23.26544194,-47.29975,2019,1999.546547
3717,Oil_thermal,0.184,-22.71688411,-46.77276242,2019,33446.96043
3721,Oil_thermal,0.144,-23.301575,-48.052685,2019,26175.88207
3725,Oil_thermal,0.144,-23.09800967,-48.60653455,2019,26175.88207
3729,Oil_thermal,0.092,-23.35200967,-47.84753455,2019,16723.48021
3733,Oil_thermal,0.092,-23.58787306,-48.04614305,2019,16723.48021
3737,Oil_thermal,0.092,-24.09068056,-49.22723611,2019,16723.48021
3741,Oil_thermal,0.136,-22.871,-49.163,2019,24721.6664
3745,Oil_thermal,0.092,-24.00680111,-48.351435,2019,16723.48021
3749,Oil_thermal,0.092,-23.92000967,-48.68353455,2019,16723.48021
3753,Oil_thermal,0.092,-23.63700967,-47.81553455,2019,16723.48021
3757,Oil_thermal,0.092,-23.10319389,-48.92326305,2019,16723.48021
3761,Oil_thermal,0.022,-18.50841111,-54.75805611,2019,3999.093094
3765,Oil_thermal,0.0176,-23.44000967,-46.90853455,2019,3199.274475
3769,Oil_thermal,0.024,-23.49800967,-47.44853455,2019,4362.647012
3773,Oil_thermal,0.024,-24.31800001,-49.144,2019,4362.647012
3777,Oil_thermal,0.844,-23.35027694,-47.68989389,2019,153419.7533
3781,Oil_thermal,0.725,-23.54400967,-46.62653455,2019,131788.2952
3785,Oil_thermal,6.56,-3.09027778,-59.91527778,2019,680208.7811
3789,Oil_thermal,14.6,-23.54400967,-46.62653455,2019,2653943.599
3793,Oil_thermal,0.984,-10.38962078,-57.70692344,2019,178868.5275
3797,Oil_thermal,0.96,-22.87665194,-43.227875,2019,174505.8805
3801,Oil_thermal,4.44,-30.03003694,-51.22866,2019,2170029.1
3805,Oil_thermal,0.369,-21.0482101,-49.36180095,2019,67075.69781
3809,Oil_thermal,0.088,-22.21000967,-49.93653455,2019,15996.37238
3813,Oil_thermal,0.352,-22.72026174,-46.86234907,2019,63985.48951
3817,Oil_thermal,0.17,-9.51306214,-35.78445876,2019,21093.72563
3821,Oil_thermal,1.62,-23.51900967,-46.17853455,2019,294478.6733
3833,Oil_thermal,0.065,-23.53361194,-46.78881,2019,11815.50232
3837,Oil_thermal,0.156,-23.45155256,-46.3343467,2019,28357.20558
3841,Oil_thermal,3.567,-22.45300967,-47.52053455,2019,648398.4122
3845,Oil_thermal,4,-23.58976244,-46.68094011,2019,727107.8353
3849,Oil_thermal,0.464,-23.538681,-46.40721183,2019,84344.5089
3853,Oil_thermal,0.096,-22.98654087,-43.37216208,2019,17450.58805
3857,Oil_thermal,0.228,-20.63103231,-49.65593533,2019,41445.14661
3861,Oil_thermal,0.23,-5.06345714,-42.8213166,2019,28538.56997
3865,Oil_thermal,0.64,-8.28589806,-35.96707306,2019,79411.67295
3869,Oil_thermal,2.96,-1.459845,-48.48782611,2019,306923.4744
3873,Oil_thermal,3.066,-21.67100967,-45.91053455,2019,557328.1558
3877,Oil_thermal,0.029,-19.9093049,-43.9885908,2019,5271.531806
3881,Oil_thermal,0.144,-21.69592029,-41.29839919,2019,26175.88207
3885,Oil_thermal,2,-22.89900967,-43.19853455,2019,363553.9177
3889,Oil_thermal,140.331,-16.7938888,-49.23944452,2019,25508942.41
3893,Oil_thermal,0.048,-21.79254875,-43.38625517,2019,8725.294024
3897,Oil_thermal,0.616,-7.14718849,-34.95042855,2019,76433.73522
3901,Oil_thermal,0.244,-22.34201432,-41.76533089,2019,44353.57796
3905,Oil_thermal,1.609,-20.83757544,-49.40683683,2019,292479.1268
3909,Oil_thermal,0.728,-22.87665194,-43.227875,2019,132333.626
3913,Oil_thermal,0.204,-19.84842719,-43.94794977,2019,37082.4996
3917,Oil_thermal,0.024,-19.85036296,-43.94604072,2019,4362.647012
3921,Oil_thermal,0.024,-19.84884124,-43.94927905,2019,4362.647012
3925,Oil_thermal,2.72,-23.61648056,-46.69881389,2019,494433.328
3929,Oil_thermal,0.324,-22.9102973,-43.16344602,2019,58895.73466
3933,Oil_thermal,2.2,-19.63712078,-43.962479,2019,399909.3094
3937,Oil_thermal,0.1,-7.19787,-59.88566611,2019,10369.0363
3941,Oil_thermal,0.16,-1.39749994,-61.97555561,2019,16590.45808
3945,Oil_thermal,0.08,-2.79292386,-57.06995717,2019,8295.229038
3949,Oil_thermal,0.08,-2.79214339,-57.06858422,2019,8295.229038
3953,Oil_thermal,0.1,-3.89801553,-61.37312659,2019,10369.0363
3957,Oil_thermal,0.0648,-3.89451305,-61.37157111,2019,6719.135521
3961,Oil_thermal,0.35,-6.25027777,-64.24638888,2019,36291.62704
3965,Oil_thermal,0.4296,-3.91582984,-62.91474181,2019,44545.37993
3969,Oil_thermal,0.08,-3.54614726,-63.00796909,2019,8295.229038
3973,Oil_thermal,0.35,-2.57777777,-57.99027777,2019,36291.62704
3977,Oil_thermal,4.68,-5.813205,-61.29924805,2019,485270.8987
3981,Oil_thermal,0.16,-16.70578339,-43.82101898,2019,29084.31341
3985,Oil_thermal,85.38,-2.88850966,-60.02386789,2019,8853083.191
3989,Oil_thermal,1.92,-22.98330278,-43.36685556,2019,349011.761
3993,Oil_thermal,0.909,-26.91138889,-48.69083333,2019,444269.4711
3997,Oil_thermal,0.208,-22.21935915,-49.94603089,2019,37809.60744
4001,Oil_thermal,0.204,-22.21070889,-49.65653,2019,37082.4996
4009,Oil_thermal,0.12,-22.21070889,-49.65653,2019,21813.23506
4013,Oil_thermal,0.8,-23.71030389,-46.55025694,2019,145421.5671
4021,Oil_thermal,0.067,-23.57445009,-46.60318247,2019,12179.05624
4025,Oil_thermal,0.067,-23.54711484,-46.6290722,2019,12179.05624
4029,Oil_thermal,0.067,-23.55901631,-46.61467527,2019,12179.05624
4033,Oil_thermal,0.248,-23.60312491,-46.60266348,2019,45080.68579
4037,Oil_thermal,0.064,-23.61417393,-46.50122587,2019,11633.72537
4041,Oil_thermal,0.062,-23.59817688,-46.59720884,2019,11270.17145
4045,Oil_thermal,0.12,-23.54178723,-46.6293613,2019,21813.23506
4049,Oil_thermal,0.208,-18.87548395,-41.95825326,2019,37809.60744
4053,Oil_thermal,0.392,-20.26666667,-40.28638889,2019,71256.56786
4057,Oil_thermal,0.39,-5.76416228,-64.40444277,2019,40439.24156
4061,Oil_thermal,0.568,-4.28777774,-61.80166668,2019,58896.12617
4065,Oil_thermal,0.7,-3.18415525,-59.48333362,2019,72583.25408
4069,Oil_thermal,0.96,-23.502,-47.458,2019,174505.8805
4073,Oil_thermal,0.36,-10.90721611,-37.04821278,2019,44669.06604
4077,Oil_thermal,0.96,-19.64500967,-42.74053455,2019,174505.8805
4081,Oil_thermal,0.4,-23.62168409,-46.77446869,2019,72710.78353
4085,Oil_thermal,0.368,-10.9111111,-37.07166676,2019,45661.71195
4093,Oil_thermal,0.134,-23.50666037,-46.68858299,2019,24358.11248
4097,Oil_thermal,0.23,-3.74925298,-61.65993287,2019,23848.78348
4101,Oil_thermal,0.12,-2.53745623,-57.75954314,2019,12442.84356
4105,Oil_thermal,147.1547,-12.69881695,-38.32574,2019,18259063.92
4109,Oil_thermal,150,-12.69021355,-38.30193735,2019,18612110.85
4113,Oil_thermal,66.4,-5.86880966,-35.30464844,2019,8238961.069
4117,Oil_thermal,94.08,-7.85678744,-35.00936789,2019,11673515.92
4121,Oil_thermal,143.04,-7.86077304,-35.01876676,2019,17748508.91
4125,Oil_thermal,0.4,-23.9614885,-46.38098979,2019,72710.78353
4129,Oil_thermal,1.23,-10.31587806,-36.57671805,2019,152619.309
4133,Oil_thermal,0.448,-16.63209397,-49.21961258,2019,81436.07756
4137,Oil_thermal,0.704,-15.65438537,-56.11557692,2019,127970.979
4141,Oil_thermal,0.954,-10.2922144,-48.35628189,2019,98920.60627
4145,Oil_thermal,2.42,-15.86267633,-47.90720122,2019,439900.2404
4149,Oil_thermal,0.288,-18.890123,-48.22986413,2019,52351.76414
4153,Oil_thermal,0.128,-19.76597297,-47.96239004,2019,23267.45073
4157,Oil_thermal,0.14,-23.17545411,-45.877479,2019,25448.77424
4165,Oil_thermal,1.5,-2.91277777,-59.04444443,2019,155535.5445
4169,Oil_thermal,1.2,-23.50153691,-46.85243625,2019,218132.3506
4173,Oil_thermal,2.545,-23.54400967,-46.62653455,2019,462622.3602
4177,Oil_thermal,0.96,-16.67331,-49.25581389,2019,174505.8805
4181,Oil_thermal,0.48,-23.43580992,-46.48281008,2019,87252.94024
4185,Oil_thermal,0.48,-23.43759452,-46.4818464,2019,87252.94024
4189,Oil_thermal,9.6,-23.42930967,-46.45713455,2019,1745058.805
4193,Oil_thermal,0.688,-23.64608966,-46.63864455,2019,125062.5477
4201,Oil_thermal,490,-22.90986348,-43.73963785,2019,89070709.83
4209,Oil_thermal,0.448,-18.20022034,-45.461054,2019,81436.07756
4213,Oil_thermal,0.445,-23.02244569,-45.53939842,2019,80890.74668
4217,Oil_thermal,0.24,-23.45340722,-46.916338,2019,43626.47012
4221,Oil_thermal,0.41,-22.51900967,-44.09453455,2019,74528.55312
4225,Oil_thermal,0.72,-23.56741338,-46.64313464,2019,130879.4104
4229,Oil_thermal,1.056,-23.54400967,-46.62653455,2019,191956.4685
4233,Oil_thermal,1.408,-22.87665194,-43.227875,2019,255941.958
4237,Oil_thermal,4.944,-20.79288582,-49.21579928,2019,898705.2845
4241,Oil_thermal,0.208,-19.46400967,-42.52753455,2019,37809.60744
4245,Oil_thermal,0.64,-20.29049778,-40.30387325,2019,116337.2537
4249,Oil_thermal,0.324,-23.47689805,-46.35160306,2019,58895.73466
4253,Oil_thermal,0.7296,-22.78927414,-43.30640351,2019,132624.4692
4257,Oil_thermal,0.0473,-23.529725,-46.66754167,2019,8598.050153
4265,Oil_thermal,7.5,-15.24500966,-40.23853455,2019,930605.5424
4269,Oil_thermal,0.648,-20.55040634,-47.41008151,2019,117791.4693
4273,Oil_thermal,0.04,-23.49651659,-46.62326903,2019,7271.078353
4277,Oil_thermal,0.648,-23.5475,-46.63611111,2019,117791.4693
4281,Oil_thermal,3.6,-27.06186363,-48.90368216,2019,1759483.054
4285,Oil_thermal,0.496,-29.66500967,-52.77953455,2019,242417.6652
4289,Oil_thermal,1.944,-29.66425408,-51.11871065,2019,950120.849
4293,Oil_thermal,170.852,-7.20957357,-34.92295892,2019,21199442.42
4297,Oil_thermal,148.8,-12.72999389,-38.4821208,2019,18463213.96
4301,Oil_thermal,170.852,-7.16140967,-34.86031455,2019,21199442.42
4305,Oil_thermal,3.36,-15.57720002,-56.07137218,2019,610770.5817
4309,Oil_thermal,148.8,-12.73021042,-38.48121661,2019,18463213.96
4313,Oil_thermal,168,-3.87300966,-38.61653455,2019,20845564.15
4317,Oil_thermal,2.0384,-23.54400967,-46.62653455,2019,370534.1529
4321,Oil_thermal,1.92,-12.96700966,-38.50153455,2019,238235.0189
4325,Oil_thermal,174.6,-20.37395966,-40.42928178,2019,31738257.01
4329,Oil_thermal,165.87,-3.5661887,-44.55871817,2019,17199120.51
4333,Oil_thermal,0.32,-23.30488,-45.96959305,2019,58168.62683
4337,Oil_thermal,4.5,-6.95488898,-40.52030541,2019,558363.3255
4345,Oil_thermal,3.3,-22.89036389,-43.24329222,2019,599863.9642
4349,Oil_thermal,0.648,-23.64731306,-46.85086,2019,117791.4693
4353,Oil_thermal,1.92,-22.40700967,-47.55153455,2019,349011.761
4361,Oil_thermal,0.48,-28.51400967,-49.31153455,2019,234597.7405
4365,Oil_thermal,0.48,-8.20099837,-35.56500075,2019,59558.75472
4369,Oil_thermal,1.334,-29.91400967,-51.17453455,2019,651986.2205
4377,Oil_thermal,0.09,-2.84663993,-66.92774449,2019,9332.132667
4381,Oil_thermal,165.87,-3.5661887,-44.55871817,2019,17199120.51
4389,Oil_thermal,381.255,-8.351993,-35.022973,2019,47306402.14
4397,Oil_thermal,45.8,-1.76375389,-55.8628,2019,4749018.624
4401,Oil_thermal,0.324,-12.78045411,-38.39442344,2019,40202.15943
4405,Oil_thermal,0.168,-26.00927078,-50.60844566,2019,82109.20918
4409,Oil_thermal,1.8,-22.90734194,-47.06015611,2019,327198.5259
4413,Oil_thermal,0.168,-12.78045411,-38.39442344,2019,20845.56415
4417,Oil_thermal,0.552,-20.79723,-49.35811,2019,100340.8813
4425,Oil_thermal,0.32,-23.025318,-45.55692622,2019,58168.62683
4429,Oil_thermal,0.135,-18.64827,-48.191605,2019,24539.88944
4433,Oil_thermal,0.12,-17.06861111,-47.11027778,2019,21813.23506
4437,Oil_thermal,0.04,-23.54400967,-46.62653455,2019,7271.078353
4441,Oil_thermal,0.208,-23.60351389,-46.93184611,2019,37809.60744
4445,Oil_thermal,0.324,-23.548,-46.636,2019,58895.73466
4449,Oil_thermal,0.168,-23.56232633,-46.56640678,2019,30538.52908
4465,Oil_thermal,2.448,-28.53076244,-49.30935955,2019,1196448.477
4469,Oil_thermal,0.445,-22.87665194,-43.227875,2019,80890.74668
4473,Oil_thermal,2.56,-1.403039,-48.430705,2019,265447.3292
4477,Oil_thermal,0.972,-22.38628742,-44.95720123,2019,176687.204
4481,Oil_thermal,3.6,-22.87721666,-43.27164722,2019,654397.0518
4485,Oil_thermal,0.264,-27.09960118,-52.61537809,2019,129028.7573
4489,Oil_thermal,0.1704,-23.548,-46.636,2019,30974.79379
4493,Oil_thermal,0.972,-12.33742746,-38.77677937,2019,120606.4783
4497,Oil_thermal,0.208,-20.4675936,-54.63132435,2019,37809.60744
4501,Oil_thermal,0.48,-23.52210819,-51.43730969,2019,234597.7405
4505,Oil_thermal,0.48,-23.49620133,-46.74257622,2019,87252.94024
4509,Oil_thermal,0.208,-29.16739855,-51.50970122,2019,101659.0209
4513,Oil_thermal,1.44,-5.35260611,-49.142025,2019,149314.1227
4517,Oil_thermal,0.062,-24.95379805,-53.45972194,2019,30302.20815
4521,Oil_thermal,0.48,-26.87505438,-52.40124848,2019,234597.7405
4525,Oil_thermal,0.186,-7.94318805,-34.88479194,2019,23079.01745
4529,Oil_thermal,0.64,-22.87665194,-43.227875,2019,116337.2537
4533,Oil_thermal,0.64,-22.87665194,-43.227875,2019,116337.2537
4537,Oil_thermal,0.96,-22.87665194,-43.227875,2019,174505.8805
4541,Oil_thermal,1.44,-23.54378744,-46.62636789,2019,261758.8207
4545,Oil_thermal,0.186,-22.726843,-45.11525678,2019,33810.51434
4549,Oil_thermal,0.528,-3.37762601,-64.72105304,2019,54748.51165
4553,Oil_thermal,0.128,-0.13035725,-67.05720588,2019,13272.36646
4557,Oil_thermal,0.128,3.86188165,-51.79710575,2019,13272.36646
4561,Oil_thermal,0.408,-11.88491213,-55.58321342,2019,74164.9992
4565,Oil_thermal,0.128,-1.36123448,-48.24543986,2019,13272.36646
4569,Oil_thermal,0.408,-11.63242544,-50.68594226,2019,74164.9992
4573,Oil_thermal,1,-3.14925529,-59.99194968,2019,103690.363
4577,Oil_thermal,0.408,-5.53726743,-47.46283394,2019,42305.66809
4581,Oil_thermal,0.408,-9.33755804,-54.96550625,2019,42305.66809
4585,Oil_thermal,0.408,-10.78989851,-65.28745145,2019,74164.9992
4589,Oil_thermal,0.04,-1.86955635,-55.51672102,2019,4147.614519
4593,Oil_thermal,0.612,-6.23804158,-57.77715557,2019,63458.50214
4597,Oil_thermal,0.408,-15.85943706,-58.46875146,2019,74164.9992
4601,Oil_thermal,0.408,-6.64161422,-51.95748438,2019,42305.66809
4605,Oil_thermal,0.408,-6.63660272,-69.88493604,2019,42305.66809
4609,Oil_thermal,0.6,-0.13035725,-67.05720588,2019,62214.21778
4613,Oil_thermal,0.528,-8.70992011,-63.89491111,2019,95978.23426
4617,Oil_thermal,0.4,-4.24883925,-69.93548406,2019,41476.14519
4621,Oil_thermal,0.4,-3.14667302,-59.99764441,2019,41476.14519
4625,Oil_thermal,0.612,-1.86941787,-55.51600655,2019,63458.50214
4629,Oil_thermal,0.528,-1.3904556,-48.4799983,2019,54748.51165
4633,Oil_thermal,0.136,-3.37776877,-64.72291021,2019,14101.88936
4637,Oil_thermal,0.4,-8.70976683,-63.89499035,2019,72710.78353
4641,Oil_thermal,0.528,-2.42887722,-54.79870083,2019,54748.51165
4645,Oil_thermal,0.136,-15.85978552,-58.46868027,2019,24721.6664
4649,Oil_thermal,0.136,-6.63660272,-69.88493604,2019,14101.88936
4653,Oil_thermal,0.136,-10.78997705,-65.28744296,2019,24721.6664
4657,Oil_thermal,0.528,-8.34977496,-49.31391389,2019,54748.51165
4661,Oil_thermal,0.528,0.04971232,-51.0690356,2019,54748.51165
4665,Oil_thermal,0.528,-12.69328256,-60.10302861,2019,95978.23426
4669,Oil_thermal,0.528,-2.58378413,-44.23662698,2019,54748.51165
4673,Oil_thermal,0.136,-11.88438389,-55.58289279,2019,24721.6664
4677,Oil_thermal,0.408,-5.81090711,-61.28244172,2019,42305.66809
4681,Oil_thermal,0.04,-1.76375389,-55.8628,2019,4147.614519
4685,Oil_thermal,0.264,-3.03364167,-60.04054167,2019,27374.25582
4689,Oil_thermal,0.08,-3.19456645,-52.20932663,2019,8295.229038
4693,Oil_thermal,0.04,-2.99239934,-60.04774827,2019,4147.614519
4697,Oil_thermal,0.04,-5.37071667,-49.13604444,2019,4147.614519
4701,Oil_thermal,0.04,-4.8764487,-66.90005818,2019,4147.614519
4705,Oil_thermal,2.5,-3.05738744,-60.07695955,2019,259225.9074
4709,Oil_thermal,0.04,-23.71030389,-46.55025694,2019,7271.078353
4713,Oil_thermal,0.186,-18.9427777,-46.97979849,2019,33810.51434
4717,Oil_thermal,2.023,-12.91025182,-38.33034256,2019,251015.335
4721,Oil_thermal,0.0176,-22.95689611,-46.54233305,2019,3199.274475
4725,Oil_thermal,0.012,-22.95689611,-46.54233305,2019,2181.323506
4729,Oil_thermal,1.44,-23.2033176,-45.88352164,2019,261758.8207
4733,Oil_thermal,0.0022,-23.02633894,-45.55501433,2019,399.9093094
4741,Oil_thermal,0.304,-23.52962078,-46.73525678,2019,55260.19549
4745,Oil_thermal,2.368,-8.1318571,-34.91895659,2019,293823.1899
4749,Oil_thermal,1.408,-10.90712078,-37.06220122,2019,174705.6805
4753,Oil_thermal,0.368,-9.65903259,-35.70264841,2019,45661.71195
4757,Oil_thermal,1.8,-20.32573189,-40.28442344,2019,327198.5259
4761,Oil_thermal,0.06,-19.58573189,-46.92803455,2019,10906.61753
4765,Oil_thermal,0.64,-22.87665194,-43.227875,2019,116337.2537
4769,Oil_thermal,0.72,-28.56123467,-49.26438733,2019,351896.6108
4773,Oil_thermal,0.324,-19.64671196,-46.94969441,2019,58895.73466
4777,Oil_thermal,0.016,-23.6972109,-46.57632989,2019,2908.431341
4781,Oil_thermal,1.016,-22.96349555,-47.09934861,2019,184685.3902
4785,Oil_thermal,0.105,-23.54350967,-46.62664566,2019,19086.58068
4789,Oil_thermal,1.08,-23.58682057,-46.72306282,2019,196319.1155
4793,Oil_thermal,1.92,-12.69881694,-38.32573999,2019,238235.0189
4797,Oil_thermal,1.08,-21.76648498,-41.34324668,2019,196319.1155
4801,Oil_thermal,0.72,-26.90739855,-48.68136789,2019,351896.6108
4805,Oil_thermal,1.92,-19.93691857,-44.10144292,2019,349011.761
4809,Oil_thermal,1.1,-20.16331943,-40.23879978,2019,199954.6547
4813,Oil_thermal,0.72,-29.70494167,-51.13301667,2019,351896.6108
4817,Oil_thermal,0.364,-26.991819,-48.634617,2019,177903.2865
4821,Oil_thermal,0.324,-23.49749419,-46.83698872,2019,58895.73466
4825,Oil_thermal,0.144,-23.53361194,-46.78881,2019,26175.88207
4829,Oil_thermal,0.72,-8.06276194,-34.88894194,2019,89338.13207
4833,Oil_thermal,0.062,-23.54750001,-46.63611321,2019,11270.17145
4837,Oil_thermal,1.44,-7.92267837,-34.89741035,2019,178676.2641
4841,Oil_thermal,0.648,-30.07712078,-51.01386789,2019,316706.9497
4845,Oil_thermal,0.062,-26.48194578,-49.07667344,2019,30302.20815
4849,Oil_thermal,0.186,-27.09478851,-48.61703204,2019,90906.62444
4853,Oil_thermal,0.112,-19.756283,-47.93185,2019,20359.01939
4857,Oil_thermal,0.364,-28.62213316,-49.25949749,2019,177903.2865
4861,Oil_thermal,1.296,-12.81845237,-38.43378965,2019,160808.6377
4865,Oil_thermal,0.96,-23.11703271,-46.4788931,2019,174505.8805
4869,Oil_thermal,0.232,-20.7279624,-46.6129397,2019,42172.25445
4873,Oil_thermal,6,-25.56675686,-48.62000221,2019,2932471.756
4877,Oil_thermal,0.132,-20.29232433,-45.53938393,2019,23994.55857
4881,Oil_thermal,0.728,-24.94700044,-53.50771408,2019,355806.5731
4885,Oil_thermal,0.113,-19.58296604,-46.94803187,2019,20540.79635
4889,Oil_thermal,0.232,-31.31801999,-54.10712421,2019,113388.9079
4893,Oil_thermal,1.44,-29.49661764,-51.41499853,2019,703793.2215
4897,Oil_thermal,0.24,-24.18472222,-53.0275,2019,117298.8703
4901,Oil_thermal,0.311,-18.92258884,-48.28827493,2019,56532.6342
4905,Oil_thermal,0.728,-23.66773473,-52.58627406,2019,355806.5731
4909,Oil_thermal,0.324,-23.15812329,-47.00307795,2019,58895.73466
4913,Oil_thermal,0.648,-24.96155911,-53.50781,2019,316706.9497
4929,Oil_thermal,0.8,-20.55257882,-47.41263916,2019,145421.5671
4933,Oil_thermal,0.8,-10.97077178,-37.06133498,2019,99264.59119
4937,Oil_thermal,1.08,-10.94201942,-37.05872494,2019,134007.1981
4941,Oil_thermal,0.72,-10.90716714,-37.08611739,2019,89338.13207
4945,Oil_thermal,0.576,-10.99525355,-37.06595358,2019,71470.50566
4949,Oil_thermal,0.4,-10.84597863,-37.06325306,2019,49632.2956
4953,Oil_thermal,0.4,-10.94527778,-37.04785277,2019,49632.2956
4957,Oil_thermal,1.296,-29.6904986,-51.07562354,2019,633413.8994
4965,Oil_thermal,0.36,-20.10033824,-43.05750042,2019,65439.70518
4969,Oil_thermal,0.364,-28.646843,-49.20053455,2019,177903.2865
4973,Oil_thermal,0.8,-23.50452222,-46.85487222,2019,145421.5671
4977,Oil_thermal,0.705,-23.46783998,-46.48418301,2019,128152.756
4981,Oil_thermal,0.456,-23.71554432,-51.11257359,2019,222867.8535
4985,Oil_thermal,0.073,-23.61442982,-46.50447143,2019,13269.71799
4989,Oil_thermal,0.134,-20.91319015,-46.98167511,2019,24358.11248
4993,Oil_thermal,0.232,-9.66579342,-35.73529028,2019,28786.73145
4997,Oil_thermal,0.96,-22.76083577,-43.38234967,2019,174505.8805
5001,Oil_thermal,1.296,-28.44177846,-52.18732228,2019,633413.8994
5005,Oil_thermal,0.153,-20.71353343,-46.61254989,2019,27811.8747
5009,Oil_thermal,0.63,-22.90933218,-43.18162027,2019,114519.4841
5013,Oil_thermal,0.728,-19.49349047,-44.30772034,2019,132333.626
5017,Oil_thermal,0.972,-23.53244203,-46.79171975,2019,176687.204
5021,Oil_thermal,8,-19.86028117,-44.60833096,2019,1454215.671
5025,Oil_thermal,1.246,-17.69138889,-49.14222222,2019,226494.0907
5029,Oil_thermal,0.648,-23.00267633,-44.30859011,2019,117791.4693
5033,Oil_thermal,1.6,-18.88938467,-48.24853733,2019,290843.1341
5037,Oil_thermal,0.062,-23.53222355,-46.56604566,2019,11270.17145
5041,Oil_thermal,0.4,-23.497267,-46.835044,2019,72710.78353
5045,Oil_thermal,0.88,-23.64608966,-46.63864455,2019,159963.7238
5049,Oil_thermal,0.352,-23.52631359,-46.58147703,2019,63985.48951
5053,Oil_thermal,0.812,-23.54400967,-46.62653455,2019,147602.8906
5057,Oil_thermal,0.352,-23.54400967,-46.62653455,2019,63985.48951
5061,Oil_thermal,0.12,-23.54400967,-46.62653455,2019,21813.23506
5065,Oil_thermal,0.352,-23.54400967,-46.62653455,2019,63985.48951
5069,Oil_thermal,0.808,-23.68044733,-46.68714074,2019,146875.7827
5073,Oil_thermal,0.369,-23.44853744,-46.72858733,2019,67075.69781
5077,Oil_thermal,0.416,-23.50890194,-46.87465305,2019,75619.21487
5081,Oil_thermal,4,-23.67399855,-46.68797344,2019,727107.8353
5085,Oil_thermal,0.922,-23.75008004,-46.68550888,2019,167598.356
5089,Oil_thermal,0.758,-23.58656395,-46.75978437,2019,137786.9348
5093,Oil_thermal,1.28,-23.66711548,-46.70699669,2019,232674.5073
5097,Oil_thermal,1.2,-23.36097111,-46.88292,2019,218132.3506
5101,Oil_thermal,0.704,-21.20547611,-50.43922611,2019,127970.979
5105,Oil_thermal,1.296,-10.90721611,-37.04821278,2019,160808.6377
5109,Oil_thermal,1.35,-7.18791232,-34.9146451,2019,167508.9976
5113,Oil_thermal,2.545,-21.76208913,-43.33838435,2019,462622.3602
5121,Oil_thermal,0.24,-23.61848744,-46.76484566,2019,43626.47012
5125,Oil_thermal,0.4,-23.62214253,-46.77429354,2019,72710.78353
5129,Oil_thermal,1.44,-12.74458371,-38.40470743,2019,178676.2641
5133,Oil_thermal,2.96,-25.3685613,-49.12658976,2019,1446686.066
5145,Oil_thermal,200.79,-7.85850966,-35.00803455,2019,24914171.58
5149,Oil_thermal,1.48,-26.78700519,-50.95660735,2019,723343.0332
5153,Oil_thermal,0.186,-15.248019,-40.624042,2019,23079.01745
5157,Oil_thermal,0.324,-15.24616694,-40.24738111,2019,40202.15943
5161,Oil_thermal,0.186,-15.248019,-40.624042,2019,23079.01745
5165,Oil_thermal,0.186,-15.59245611,-39.87565999,2019,23079.01745
5169,Oil_thermal,0.186,-15.65783,-40.061545,2019,23079.01745
5173,Oil_thermal,0.186,-15.56731611,-40.42204389,2019,23079.01745
5177,Oil_thermal,0.186,-15.61977194,-40.260515,2019,23079.01745
5181,Oil_thermal,0.186,-15.56731611,-40.42204389,2019,23079.01745
5185,Oil_thermal,0.186,-15.11903694,-40.07170306,2019,23079.01745
5189,Oil_thermal,0.186,-14.98846044,-39.92249037,2019,23079.01745
5193,Oil_thermal,0.186,-14.984935,-39.92144194,2019,23079.01745
5197,Oil_thermal,0.186,-14.83767633,-39.97720122,2019,23079.01745
5201,Oil_thermal,0.186,-14.75239855,-40.07970122,2019,23079.01745
5205,Oil_thermal,0.186,-14.97267633,-40.39803455,2019,23079.01745
5209,Oil_thermal,0.186,-15.11903694,-40.07170306,2019,23079.01745
5213,Oil_thermal,5.47,-23.62266987,-46.70103067,2019,994319.9648
5217,Oil_thermal,0.86,-10.92444444,-37.05222222,2019,106709.4355
5221,Oil_thermal,0.44,-10.91111111,-37.07166666,2019,54595.52516
5225,Oil_thermal,0.4,-17.34958194,-44.951065,2019,72710.78353
5229,Oil_thermal,0.075,-19.30700967,-46.03953455,2019,13633.27191
5233,Oil_thermal,0.075,-19.73759611,-45.254115,2019,13633.27191
5237,Oil_thermal,0.08,-19.90714634,-44.05390383,2019,14542.15671
5241,Oil_thermal,2.5,-8.16777778,-34.92027778,2019,310201.8475
5245,Oil_thermal,9.828,-2.50999526,-56.17202265,2019,1019068.887
5249,Oil_thermal,5.644,-2.17424041,-56.10508904,2019,585228.4086
5253,Oil_thermal,3.84,-22.03516914,-47.88754319,2019,698023.5219
5257,Oil_thermal,3.84,-21.98163069,-47.89544374,2019,698023.5219
5261,Oil_thermal,3.64,-16.70833333,-49.2725,2019,661668.1302
5265,Oil_thermal,0.24,-1.459845,-48.48782611,2019,24885.68711
5269,Oil_thermal,0.725,-23.64608966,-46.63864455,2019,131788.2952
5289,Oil_thermal,1.016,-29.95310734,-51.06267301,2019,496565.2174
5293,Oil_thermal,2.912,-22.22474934,-42.34238539,2019,529334.5041
5297,Oil_thermal,0.264,-23.54400967,-46.62653455,2019,47989.11713
5301,Oil_thermal,2.88,-20.11553551,-44.21603049,2019,523517.6414
5305,Oil_thermal,0.528,-8.28666666,-35.035,2019,65514.63019
5309,Oil_thermal,0.48,-22.19320611,-48.77921806,2019,87252.94024
5313,Oil_thermal,0.44,-12.66591,-38.20632,2019,54595.52516
5317,Oil_thermal,0.96,-22.90572306,-49.62460889,2019,174505.8805
5321,Oil_thermal,4.44,-23.33143498,-47.87461913,2019,807089.6972
5325,Oil_thermal,0.364,-23.52517633,-47.12581233,2019,66166.81302
5329,Oil_thermal,0.48,-25.50684194,-48.52473306,2019,234597.7405
5333,Oil_thermal,1.456,-23.48090319,-47.00216779,2019,264667.2521
5337,Oil_thermal,1.82,-30.37487592,-54.34689174,2019,889516.4327
5341,Oil_thermal,1.82,-21.013735,-49.50713806,2019,330834.0651
5345,Oil_thermal,0.508,-22.81528896,-45.18490879,2019,92342.69509
5349,Oil_thermal,3.624,-15.89032128,-41.0510361,2019,658759.6988
5353,Oil_thermal,1.44,-31.76333333,-52.48388889,2019,703793.2215
5357,Oil_thermal,2.1888,-16.00277778,-39.94694444,2019,397873.4075
5361,Oil_thermal,1.75,-8.06,-34.8875,2019,217141.2932
5365,Oil_thermal,7,-23.63666522,-46.462079,2019,1272438.712
5369,Oil_thermal,11.5,-23.84532472,-46.38157833,2019,2090435.027
5373,Oil_thermal,0.567,-23.58388889,-46.63166667,2019,103067.5357
5377,Oil_thermal,0.292,-23.757435,-46.60795389,2019,53078.87198
5381,Oil_thermal,1.8,-23.30488,-45.96959305,2019,327198.5259
5385,Oil_thermal,0.134,-19.74334363,-47.95623522,2019,24358.11248
5393,Oil_thermal,0.082,-18.91906519,-48.11247899,2019,14905.71062
5397,Oil_thermal,4.015,-8.76889195,-63.83144611,2019,729834.4897
5401,Oil_thermal,0.508,-18.91174551,-48.27186205,2019,92342.69509
5405,Oil_thermal,0.508,-26.26388848,-48.8896599,2019,248282.6087
5409,Oil_thermal,4,-23.64608966,-46.63864455,2019,727107.8353
5413,Oil_thermal,0.134,-28.92333333,-52.13,2019,65491.86922
5417,Oil_thermal,0.368,-26.99711662,-48.65535039,2019,179858.2677
5421,Oil_thermal,1.92,-16.62108324,-47.74754565,2019,349011.761
5425,Oil_thermal,0.365,-19.80354797,-42.16879183,2019,66348.58997
5429,Oil_thermal,0.508,-22.48677724,-47.44554581,2019,92342.69509
5433,Oil_thermal,1.68,-20.46110909,-45.52725145,2019,305385.2908
5437,Oil_thermal,0.134,-27.25108611,-49.95565194,2019,65491.86922
5441,Oil_thermal,0.72,-16.61506966,-43.92000455,2019,130879.4104
5445,Oil_thermal,1.524,-1.41312567,-48.44262957,2019,158024.1132
5449,Oil_thermal,0.5,-19.69118664,-44.89704742,2019,90888.47942
5453,Oil_thermal,0.55,-20.16331943,-40.23879978,2019,99977.32736
5457,Oil_thermal,0.45,-28.30025262,-54.25603071,2019,219935.3817
5461,Oil_thermal,1,-23.7812077,-53.32096808,2019,488745.2927
5465,Oil_thermal,0.347,-7.633315,-48.42480694,2019,35980.55595
5469,Oil_thermal,0.12,-19.7574,-47.95421389,2019,21813.23506
5473,Oil_thermal,0.73,-29.21202778,-51.88925,2019,356784.0637
5477,Oil_thermal,1.46,-16.87803257,-53.58278,2019,265394.3599
5481,Oil_thermal,0.56,-3.49333314,-39.59833348,2019,69485.21384
5485,Oil_thermal,0.144,-14.86611111,-40.83944444,2019,17867.62641
5489,Oil_thermal,0.265,-21.36259537,-45.50324657,2019,48170.89409
5493,Oil_thermal,1.825,-23.64731306,-46.85086,2019,331742.9499
5501,Oil_thermal,0.728,-19.97202778,-44.18236111,2019,132333.626
5505,Oil_thermal,0.347,-20.32967185,-40.29196857,2019,63076.60472
5509,Oil_thermal,0.41,-23.6582946,-46.60517929,2019,74528.55312
5513,Oil_thermal,0.113,-5.75089889,-35.252255,2019,14021.12351
5517,Oil_thermal,0.347,-23.34744966,-46.86258455,2019,63076.60472
5521,Oil_thermal,1.6,-8.06681987,-34.92245137,2019,198529.1824
5525,Oil_thermal,1.088,-15.80305556,-47.86111111,2019,197773.3312
5529,Oil_thermal,0.113,-28.47675,-49.00047222,2019,55228.21808
5533,Oil_thermal,0.36,-19.66434314,-48.30633344,2019,65439.70518
5537,Oil_thermal,3.36,-16.406745,-48.93766394,2019,610770.5817
5541,Oil_thermal,2.025,-23.50656522,-46.86664566,2019,368098.3416
5545,Oil_thermal,1.772,-20.61297694,-42.14773889,2019,322108.7711
5549,Oil_thermal,1.8,-23.54754336,-46.63598082,2019,327198.5259
5553,Oil_thermal,0.694,-21.68106401,-43.44017624,2019,126153.2094
5557,Oil_thermal,0.134,-2.90336,-41.778171,2019,16626.81902
5561,Oil_thermal,0.41,-25.39359195,-51.46343111,2019,200385.57
5565,Oil_thermal,1.456,-23.64608966,-46.63864455,2019,264667.2521
5569,Oil_thermal,0.364,-26.474445,-48.99210389,2019,177903.2865
5573,Oil_thermal,1.65,-22.22999998,-45.93638891,2019,299931.9821
5577,Oil_thermal,0.037,-19.96349956,-43.95457147,2019,6725.747477
5581,Oil_thermal,0.8,-23.95107966,-52.56711455,2019,390996.2342
5585,Oil_thermal,0.192,-27.09831,-48.91516305,2019,93839.0962
5589,Oil_thermal,0.062,-23.64608966,-46.63864455,2019,11270.17145
5593,Oil_thermal,0.265,-27.32957966,-48.85640455,2019,129517.5026
5597,Oil_thermal,0.508,-28.12273714,-54.82577347,2019,248282.6087
5605,Oil_thermal,0.113,-17.93147,-47.66514,2019,20540.79635
5609,Oil_thermal,0.084,-15.44889,-55.939,2019,15269.26454
5613,Oil_thermal,1.524,-21.42817806,-45.94891805,2019,277028.0853
5617,Oil_thermal,2.2,-26.47028312,-48.74850635,2019,1075239.644
5621,Oil_thermal,0.912,-30.04582,-52.89341306,2019,445735.707
5629,Oil_thermal,1.016,-23.65778334,-46.85289328,2019,184685.3902
5633,Oil_thermal,2.032,-25.53052248,-49.1966609,2019,993130.4348
5637,Oil_thermal,0.704,-8.29640895,-35.95191104,2019,87352.84025
5641,Oil_thermal,2.032,-29.63806272,-51.00701433,2019,993130.4348
5645,Oil_thermal,1.296,-22.85024244,-45.23388591,2019,235582.9386
5649,Oil_thermal,2.032,-29.98567416,-51.16600591,2019,993130.4348
5653,Oil_thermal,1.016,-29.98621559,-51.16481307,2019,496565.2174
5657,Oil_thermal,3,-25.43295611,-49.27184806,2019,1466235.878
5661,Oil_thermal,0.113,-19.47511194,-46.53861111,2019,20540.79635
5665,Oil_thermal,0.347,-20.07015966,-43.89448455,2019,63076.60472
5669,Oil_thermal,0.1,-23.08314966,-45.49288455,2019,18177.69588
5677,Oil_thermal,0.122,-26.30451806,-48.84940889,2019,59626.92571
5681,Oil_thermal,0.365,-5.10750716,-36.31995722,2019,45289.46973
5685,Oil_thermal,3.264,-22.9102778,-43.5483333,2019,593319.9936
5689,Oil_thermal,0.508,-22.32512194,-49.08300111,2019,92342.69509
5693,Oil_thermal,0.48,-27.86049966,-54.48759455,2019,234597.7405
5697,Oil_thermal,0.365,-12.15283006,-44.99005309,2019,45289.46973
5701,Oil_thermal,0.264,-27.41573189,-51.762479,2019,129028.7573
5705,Oil_thermal,1.247,-19.80058018,-44.00332028,2019,226675.8677
5709,Oil_thermal,1.44,-22.48170694,-47.45828305,2019,261758.8207
5713,Oil_thermal,0.06,-18.91472104,-48.26754695,2019,10906.61753
5717,Oil_thermal,2.4,-10.90721611,-37.04821278,2019,297793.7736
5721,Oil_thermal,0.508,-27.12098966,-52.64085455,2019,248282.6087
5725,Oil_thermal,0.755,-7.50611111,-63.02083333,2019,78286.22404
5729,Oil_thermal,0.12,-28.48846966,-49.31938455,2019,58649.43513
5737,Oil_thermal,0.96,-12.6933074,-38.31515078,2019,119117.5094
5741,Oil_thermal,2.032,-23.68611111,-46.62277778,2019,369370.7803
5745,Oil_thermal,0.12,-28.59437966,-49.32454455,2019,58649.43513
5749,Oil_thermal,0.365,-27.93989855,-52.91359011,2019,178392.0318
5753,Oil_thermal,3.2,-13.30588889,-56.57297222,2019,581686.2683
5757,Oil_thermal,1.016,-29.35843966,-51.95562455,2019,496565.2174
5761,Oil_thermal,0.08,-19.02377966,-48.32227455,2019,14542.15671
5765,Oil_thermal,2.8,-10.90721611,-37.04821278,2019,347426.0692
5769,Oil_thermal,0.365,-29.51278785,-51.98529726,2019,178392.0318
5773,Oil_thermal,3.6,-21.75512966,-42.54834455,2019,654397.0518
5777,Oil_thermal,2.4,-16.6591564,-49.25923646,2019,436264.7012
5781,Oil_thermal,1.32,-23.58869231,-46.83015485,2019,239945.5857
5785,Oil_thermal,2.76,-15.64267633,-56.12303455,2019,501704.4064
5789,Oil_thermal,1.44,-23.60351389,-46.93184611,2019,261758.8207
5793,Oil_thermal,0.265,-27.24138876,-48.63361102,2019,129517.5026
5797,Oil_thermal,0.2,-22.95181018,-43.37264679,2019,36355.39177
5801,Oil_thermal,3.409,-22.94580204,-43.36408073,2019,619677.6527
5805,Oil_thermal,0.8,-18.85438848,-48.29953748,2019,145421.5671
5813,Oil_thermal,0.276,-7.93695411,-34.86363426,2019,34246.28396
5817,Oil_thermal,3.2,-29.76146667,-55.86535,2019,1563984.937
5821,Oil_thermal,1.92,-7.92267837,-34.89741035,2019,238235.0189
5825,Oil_thermal,1.6,-31.77186305,-52.41754778,2019,781992.4683
5829,Oil_thermal,2.032,-26.91610805,-49.05763111,2019,993130.4348
5833,Oil_thermal,1.095,-10.7393398,-37.81717177,2019,135868.4092
5837,Oil_thermal,3,-23.64608966,-46.63864455,2019,545330.8765
5845,Oil_thermal,1.82,-23.64608966,-46.63864455,2019,330834.0651
5849,Oil_thermal,0.04,-23.54380245,-46.62676417,2019,7271.078353
5853,Oil_thermal,3.409,-22.94582779,-43.36363438,2019,619677.6527
5857,Oil_thermal,1.265,-23.5475,-46.63611111,2019,229947.8529
5861,Oil_thermal,3.2,-31.35444444,-54.03477221,2019,1563984.937
5865,Oil_thermal,0.042,-23.64608966,-46.63864455,2019,7634.632271
5869,Oil_thermal,0.3472,-30.02900967,-51.22053455,2019,169692.3656
5873,Oil_thermal,0.48,-19.02377966,-48.32227455,2019,87252.94024
5881,Oil_thermal,0.8,-23.42011988,-46.20757715,2019,145421.5671
5885,Oil_thermal,1.2,-19.02377966,-48.32227455,2019,218132.3506
5889,Oil_thermal,0.12,-18.95977887,-49.44139565,2019,21813.23506
5893,Oil_thermal,0.112,-23.529343,-46.60720123,2019,20359.01939
5897,Oil_thermal,0.347,-26.49048389,-49.07629889,2019,169594.6166
5901,Oil_thermal,0.694,-16.73050922,-43.85103588,2019,126153.2094
5905,Oil_thermal,0.324,-15.12572966,-46.14902455,2019,58895.73466
5909,Oil_thermal,0.265,-29.71976806,-52.42992889,2019,129517.5026
5913,Oil_thermal,0.184,-20.74981716,-44.73597529,2019,33446.96043
5917,Oil_thermal,0.18,-19.77345546,-47.94449577,2019,32719.85259
5921,Oil_thermal,0.365,-29.69071759,-51.07539543,2019,178392.0318
5925,Oil_thermal,4.96,-20.88382778,-51.35837222,2019,901613.7158
5929,Oil_thermal,0.053,-22.74424999,-50.60211115,2019,9634.178818
5933,Oil_thermal,1.041,-30.02900967,-51.22053455,2019,508783.8497
5937,Oil_thermal,8,-23.52878744,-46.56164567,2019,1454215.671
5941,Oil_thermal,1.683,-18.87244594,-48.25136662,2019,305930.6217
5945,Oil_thermal,0.508,-15.79408695,-47.887905,2019,92342.69509
5949,Oil_thermal,2.032,-6.07273,-49.90078111,2019,210698.8176
5953,Oil_thermal,1.15,-18.89331418,-48.23361865,2019,209043.5027
5957,Oil_thermal,0.113,-26.62236966,-48.97880455,2019,55228.21808
5961,Oil_thermal,0.134,-5.78492966,-35.71101455,2019,16626.81902
5965,Oil_thermal,0.38571,-19.96992211,-47.89209721,2019,70113.19079
5969,Oil_thermal,0.347,-28.6775,-49.36972222,2019,169594.6166
5973,Oil_thermal,1.6,-19.67737195,-51.18870805,2019,290843.1341
5977,Oil_thermal,0.185,-19.57693966,-47.96769455,2019,33628.73738
5981,Oil_thermal,1.6,-17.79454305,-50.92968111,2019,290843.1341
5985,Oil_thermal,0.72,-23.71030389,-46.55025694,2019,130879.4104
5989,Oil_thermal,0.08,-23.53492311,-46.76546349,2019,14542.15671
5993,Oil_thermal,4.352,-22.31000966,-42.86435455,2019,791093.3248
5997,Oil_thermal,0.12,-18.57312966,-48.21270455,2019,21813.23506
6001,Oil_thermal,0.508,-29.16689889,-51.17886,2019,248282.6087
6005,Oil_thermal,1.12,-15.85334195,-48.96252693,2019,203590.1939
6009,Oil_thermal,10.8,-25.20537886,-53.9512981,2019,5278449.161
6013,Oil_thermal,2,-22.77972222,-47.31972222,2019,363553.9177
6017,Oil_thermal,0.35,-23.64608966,-46.63864455,2019,63621.93559
6021,Oil_thermal,0.134,-18.57489855,-46.50831233,2019,24358.11248
6025,Oil_thermal,2,-23.64608966,-46.63864455,2019,363553.9177
6029,Oil_thermal,0.72,-18.81601966,-44.43838455,2019,130879.4104
6033,Oil_thermal,1.2,-10.93861111,-37.08277778,2019,148896.8868
6037,Oil_thermal,0.347,-18.12685694,-40.36342111,2019,63076.60472
6041,Oil_thermal,0.065,-18.91861064,-48.29722222,2019,11815.50232
6045,Oil_thermal,0.365,-8.15019966,-35.28311455,2019,45289.46973
6049,Oil_thermal,1.016,-28.59505226,-52.18871704,2019,496565.2174
6053,Oil_thermal,0.508,-29.13037299,-51.51269423,2019,248282.6087
6057,Oil_thermal,0.5,-23.93472222,-47.01638889,2019,90888.47942
6061,Oil_thermal,0.1,-19.7467597,-47.93449708,2019,18177.69588
6065,Oil_thermal,0.347,-30.04582,-52.89341306,2019,169594.6166
6069,Oil_thermal,0.508,-30.04582,-52.89341306,2019,248282.6087
6073,Oil_thermal,0.347,-30.04582,-52.89341306,2019,169594.6166
6077,Oil_thermal,0.265,-12.22928389,-38.96003305,2019,32881.39583
6081,Oil_thermal,0.5,-5.91037,-35.25920889,2019,62040.3695
6085,Oil_thermal,0.192,-18.96890417,-49.4650036,2019,34901.1761
6089,Oil_thermal,0.569,-22.92875224,-43.38529448,2019,103431.0896
6093,Oil_thermal,0.2,-19.57693966,-47.96769455,2019,36355.39177
6097,Oil_thermal,0.113,-15.88999959,-52.25666639,2019,20540.79635
6101,Oil_thermal,0.288,-19.02377966,-48.32227455,2019,52351.76414
6105,Oil_thermal,0.06,-19.02377966,-48.32227455,2019,10906.61753
6109,Oil_thermal,2.24,-18.72761,-49.113,2019,407180.3878
6113,Oil_thermal,0.144,-17.86902889,-41.50432463,2019,26175.88207
6117,Oil_thermal,0.26,-18.59631484,-48.67750023,2019,47262.0093
6121,Oil_thermal,0.208,-19.737596,-45.254115,2019,37809.60744
6125,Oil_thermal,0.175,-3.47489,-66.06304194,2019,18145.81352
6129,Oil_thermal,2,-23.42053744,-46.22331233,2019,363553.9177
6133,Oil_thermal,0.208,-19.86944444,-47.42194444,2019,37809.60744
6137,Oil_thermal,0.113,-19.74350193,-47.92169164,2019,20540.79635
6141,Oil_thermal,0.22,-20.89444047,-47.00933897,2019,39990.93094
6145,Oil_thermal,0.64,-19.76350556,-47.96142222,2019,116337.2537
6149,Oil_thermal,0.6944,-18.59257111,-46.51591611,2019,126225.9202
6153,Oil_thermal,0.36,-19.55401966,-42.59316455,2019,65439.70518
6157,Oil_thermal,0.347,-27.27212077,-48.839979,2019,169594.6166
6161,Oil_thermal,0.8,-19.033855,-46.15459805,2019,145421.5671
6165,Oil_thermal,0.232,-18.728768,-47.49593468,2019,42172.25445
6169,Oil_thermal,0.52,-19.76632824,-47.95100836,2019,94524.01859
6177,Oil_thermal,0.065,-23.61508618,-46.55299617,2019,11815.50232
6181,Oil_thermal,8.934,-23.54350967,-46.62664566,2019,1623995.35
6185,Oil_thermal,0.55,-22.879343,-43.094979,2019,99977.32736
6189,Oil_thermal,2.19,-23.93169762,-52.4963937,2019,1070352.191
6193,Oil_thermal,0.192,-16.722707,-43.865422,2019,34901.1761
6201,Oil_thermal,0.26,-27.81725889,-50.33022194,2019,127073.7761
6209,Oil_thermal,0.725,-23.64608966,-46.63864455,2019,131788.2952
6213,Oil_thermal,0.368,-19.43497966,-42.59145455,2019,66893.92085
6217,Oil_thermal,0.281,-19.95595186,-47.83718353,2019,51079.32543
6221,Oil_thermal,0.144,-19.43497966,-42.59145455,2019,26175.88207
6225,Oil_thermal,0.347,-29.68558194,-53.80867499,2019,169594.6166
6229,Oil_thermal,3.355,-22.92787,-47.12746,2019,609861.6969
6233,Oil_thermal,0.324,-30.58942966,-53.46847455,2019,158353.4748
6237,Oil_thermal,0.24,-19.59133,-46.94001,2019,43626.47012
6241,Oil_thermal,0.8,-21.75189889,-41.33047611,2019,145421.5671
6245,Oil_thermal,0.125,-19.02377966,-48.32227455,2019,22722.11985
6249,Oil_thermal,0.44,-25.09254694,-50.16144194,2019,215047.9288
6253,Oil_thermal,0.1128,-19.48103195,-42.52035111,2019,20504.44096
6257,Oil_thermal,0.168,-26.22626329,-51.07688947,2019,82109.20918
6261,Oil_thermal,0.4,-19.93752389,-43.92645306,2019,72710.78353
6265,Oil_thermal,2,-18.77943966,-41.95409455,2019,363553.9177
6269,Oil_thermal,0.265,-23.43888889,-46.45277778,2019,48170.89409
6273,Oil_thermal,0.208,-19.72373614,-50.26696878,2019,37809.60744
6277,Oil_thermal,0.27,-19.76761695,-43.85000694,2019,49079.77889
6281,Oil_thermal,0.205,-21.12723304,-44.23792153,2019,37264.27656
6285,Oil_thermal,0.508,-26.30451806,-48.84940889,2019,248282.6087
6289,Oil_thermal,0.265,-29.9906057,-51.20181369,2019,129517.5026
6293,Oil_thermal,3.2,-15.79408695,-47.887905,2019,581686.2683
6297,Oil_thermal,0.364,-19.92083305,-43.93777807,2019,66166.81302
6301,Oil_thermal,1.45,-23.64608966,-46.63864455,2019,263576.5903
6305,Oil_thermal,0.12,-28.60302305,-49.32712889,2019,58649.43513
6309,Oil_thermal,1,-26.86351959,-49.09083173,2019,488745.2927
6313,Oil_thermal,0.728,-22.97726805,-49.86858,2019,132333.626
6317,Oil_thermal,0.365,-23.41351694,-51.43828,2019,178392.0318
6321,Oil_thermal,2.65,-23.50890194,-46.87465305,2019,481708.9409
6325,Oil_thermal,0.36,-23.50128966,-46.86778455,2019,65439.70518
6329,Oil_thermal,0.265,-18.94081305,-46.99743806,2019,48170.89409
6333,Oil_thermal,0.8,-22.43269611,-46.95636694,2019,145421.5671
6337,Oil_thermal,0.244,-19.41325111,-42.41816611,2019,44353.57796
6341,Oil_thermal,0.256,-23.60232554,-46.63690476,2019,46534.90146
6345,Oil_thermal,1.04,-27.0965254,-48.92013613,2019,508295.1044
6349,Oil_thermal,0.24,-22.27308728,-48.07936407,2019,43626.47012
6353,Oil_thermal,0.1696,-19.57693966,-47.96769455,2019,30829.37222
6361,Oil_thermal,0.073,-18.91200411,-48.27078455,2019,13269.71799
6365,Oil_thermal,0.365,-23.51816984,-46.62747695,2019,66348.58997
6369,Oil_thermal,2,-21.77041966,-48.54025455,2019,363553.9177
6373,Oil_thermal,0.576,-23.52798333,-46.37749167,2019,104703.5283
6377,Oil_thermal,0.192,-23.59715111,-46.68715396,2019,34901.1761
6381,Oil_thermal,0.36,-19.44628801,-43.10470092,2019,65439.70518
6385,Oil_thermal,0.113,-22.56380296,-47.16364594,2019,20540.79635
6389,Oil_thermal,0.8,-10.85724226,-37.08230141,2019,99264.59119
6393,Oil_thermal,0.21,-18.72079264,-47.48906763,2019,38173.16136
6397,Oil_thermal,0.288,-19.80381646,-42.1520645,2019,52351.76414
6401,Oil_thermal,0.22,-19.02377966,-48.32227455,2019,39990.93094
6405,Oil_thermal,0.232,-13.67527778,-57.89194445,2019,42172.25445
6409,Oil_thermal,0.5,-18.95329302,-48.2679484,2019,90888.47942
6413,Oil_thermal,1.6,-19.86052472,-47.43013931,2019,290843.1341
6417,Oil_thermal,0.144,-19.67737195,-51.18870805,2019,26175.88207
6421,Oil_thermal,0.4,-20.12372716,-44.93068529,2019,72710.78353
6425,Oil_thermal,1.23,-12.86941966,-38.50519455,2019,152619.309
6429,Oil_thermal,0.4,-23.2323621,-45.92710166,2019,72710.78353
6433,Oil_thermal,0.16,-19.69889611,-46.17371,2019,29084.31341
6437,Oil_thermal,0.085,-3.50155427,-61.71741784,2019,8813.680853
6441,Oil_thermal,0.347,-18.96652966,-47.04178455,2019,63076.60472
6445,Oil_thermal,0.208,-20.03172966,-48.99099455,2019,37809.60744
6449,Oil_thermal,0.36,-23.39582694,-46.32049,2019,65439.70518
6453,Oil_thermal,0.134,-26.30451806,-48.84940889,2019,65491.86922
6457,Oil_thermal,0.168,-15.44489966,-55.92953455,2019,30538.52908
6461,Oil_thermal,0.6,-23.57940884,-46.63910498,2019,109066.1753
6465,Oil_thermal,1.456,-23.65008,-46.64811,2019,264667.2521
6469,Oil_thermal,0.508,-18.98864966,-49.53474455,2019,92342.69509
6473,Oil_thermal,0.425,-19.59333343,-46.94055553,2019,77255.2075
6477,Oil_thermal,0.134,-19.83026966,-44.59839455,2019,24358.11248
6481,Oil_thermal,0.184,-20.01879,-48.932375,2019,33446.96043
6485,Oil_thermal,0.8,-18.99598197,-45.95738221,2019,145421.5671
6489,Oil_thermal,0.192,-5.81818738,-42.78659719,2019,23823.50189
6497,Oil_thermal,0.364,-8.06276194,-34.88894194,2019,45165.38899
6501,Oil_thermal,0.184,-20.46488389,-45.42642806,2019,33446.96043
6505,Oil_thermal,0.87164,-18.75170226,-47.50683399,2019,158444.0684
6509,Oil_thermal,0.116,-19.78119274,-47.94539095,2019,21086.12722
6513,Oil_thermal,0.06,-19.9627,-44.16134722,2019,10906.61753
6517,Oil_thermal,0.113,-5.52652389,-47.47981111,2019,11717.01102
6521,Oil_thermal,0.508,-29.52656522,-51.2385901,2019,248282.6087
6525,Oil_thermal,0.72,-19.74919942,-47.94355624,2019,130879.4104
6529,Oil_thermal,1.2,-10.42212528,-36.92247056,2019,148896.8868
6533,Oil_thermal,0.5,-23.58554381,-46.72197608,2019,90888.47942
6537,Oil_thermal,4.8,-16.67331,-49.25581389,2019,872529.4024
6541,Oil_thermal,0.73,-27.09831,-48.91516305,2019,356784.0637
6545,Oil_thermal,0.347,-23.64731306,-46.85086,2019,63076.60472
6549,Oil_thermal,0.1344,-27.35888194,-53.40077694,2019,65687.36734
6553,Oil_thermal,1.3,-23.57176337,-46.70334952,2019,236310.0465
6557,Oil_thermal,18,-23.86694444,-46.42,2019,3271985.259
6561,Oil_thermal,0.641,-23.64608966,-46.63864455,2019,116519.0306
6565,Oil_thermal,0.4,-18.59296966,-46.49824455,2019,72710.78353
6573,Oil_thermal,2.24,-22.880765,-42.020075,2019,407180.3878
6577,Oil_thermal,0.0096,-23.64777772,-46.85777772,2019,1745.058805
6581,Oil_thermal,0.365,-29.68632611,-51.128605,2019,178392.0318
6585,Oil_thermal,4.6,-0.00840729,-51.08146896,2019,476975.6697
6589,Oil_thermal,1.5,-20.11648884,-44.83570435,2019,272665.4383
6593,Oil_thermal,0.225,-23.56111111,-46.47833333,2019,40899.81574
6597,Oil_thermal,1.48,-23.5866425,-46.78155671,2019,269029.8991
6601,Oil_thermal,0.508,-26.35517633,-52.84164566,2019,248282.6087
6605,Oil_thermal,1.016,-23.46277778,-46.53333333,2019,184685.3902
6609,Oil_thermal,0.192,-26.11138888,-49.80527777,2019,93839.0962
6613,Oil_thermal,0.3648,-5.09088704,-42.80336503,2019,45264.65358
6617,Oil_thermal,0.347,-28.6627518,-49.4279314,2019,169594.6166
6621,Oil_thermal,0.48,-5.08517633,-42.79247899,2019,59558.75472
6625,Oil_thermal,0.092,-18.96076799,-49.45586788,2019,16723.48021
6629,Oil_thermal,0.134,-5.08517633,-42.79247899,2019,16626.81902
6633,Oil_thermal,0.092,-19.94344611,-44.066345,2019,16723.48021
6637,Oil_thermal,0.4,-18.59296966,-46.49824455,2019,72710.78353
6641,Oil_thermal,0.04,-15.79083961,-47.91949064,2019,7271.078353
6645,Oil_thermal,0.8,-16.68989722,-49.24017778,2019,145421.5671
6649,Oil_thermal,1.45,-23.61820133,-46.69118455,2019,263576.5903
6653,Oil_thermal,1.9,-23.61820133,-46.69118455,2019,345376.2218
6657,Oil_thermal,1.524,-3.89478889,-38.60228055,2019,189099.0462
6661,Oil_thermal,0.368,-18.91444022,-48.18616233,2019,66893.92085
6665,Oil_thermal,0.093,-23.64608966,-46.63864455,2019,16905.25717
6669,Oil_thermal,3.2,-20.034535,-44.14586694,2019,581686.2683
6673,Oil_thermal,3,-3.723805,-38.58992806,2019,372242.217
6677,Oil_thermal,0.256,-18.85703744,-48.27482622,2019,46534.90146
6681,Oil_thermal,0.17893,-18.89909855,-48.27232899,2019,32525.35124
6685,Oil_thermal,1.45,-23.61820133,-46.69118455,2019,263576.5903
6689,Oil_thermal,0.00024,-28.62496389,-49.04912889,2019,117.2988703
6693,Oil_thermal,0.192,-1.36555555,-48.37222222,2019,19908.54969
6697,Oil_thermal,0.3,-21.47732194,-44.34088611,2019,54533.08765
6701,Oil_thermal,0.36,-19.02377966,-48.32227455,2019,65439.70518
6705,Oil_thermal,0.48,-19.88335966,-44.07446455,2019,87252.94024
6709,Oil_thermal,0.24,-27.72501546,-52.28390392,2019,117298.8703
6713,Oil_thermal,0.325,-19.89849855,-49.35854288,2019,59077.51162
6717,Oil_thermal,0.4,-19.02377966,-48.32227455,2019,72710.78353
6721,Oil_thermal,0.44,-19.58185146,-47.98022218,2019,79981.86189
6725,Oil_thermal,0.18,-19.82210137,-47.89313212,2019,32719.85259
6729,Oil_thermal,0.1,-23.60878744,-46.75747899,2019,18177.69588
6733,Oil_thermal,1.56,-19.94557372,-44.11347144,2019,283572.0558
6737,Oil_thermal,1.12,-20.92621244,-46.98524749,2019,203590.1939
6741,Oil_thermal,0.4,-15.64487485,-56.12460492,2019,72710.78353
6745,Oil_thermal,0.208,-31.76827179,-52.3432695,2019,101659.0209
6749,Oil_thermal,0.3,-30.0496437,-51.20273339,2019,146623.5878
6753,Oil_thermal,1.04,-27.09449949,-52.63887445,2019,508295.1044
6757,Oil_thermal,0.32,-8.11486773,-35.28509335,2019,39705.83648
6761,Oil_thermal,1,-9.57264463,-35.74148984,2019,124080.739
6765,Oil_thermal,1.12,-3.75722864,-38.53396928,2019,138970.4277
6769,Oil_thermal,0.4,-23.03709173,-45.56014859,2019,72710.78353
6773,Oil_thermal,1,-28.27086517,-52.385605,2019,488745.2927
6777,Oil_thermal,0.32,-7.94224033,-34.86475448,2019,39705.83648
6781,Oil_thermal,1,-29.69888972,-53.836506,2019,124080.739
6785,Oil_thermal,0.72,-12.31666666,-38.76666666,2019,89338.13207
6789,Oil_thermal,1,-23.05394902,-45.60452672,2019,181776.9588
6793,Oil_thermal,1,-23.11301364,-47.21746855,2019,181776.9588
6797,Oil_thermal,1.64,-12.78704652,-38.40328509,2019,203492.4119
6801,Oil_thermal,2.8,-22.72372194,-47.64684611,2019,508975.4847
6805,Oil_thermal,0.288,-23.93373694,-46.33137111,2019,52351.76414
6809,Oil_thermal,0.288,-23.65989855,-46.52886788,2019,52351.76414
6813,Oil_thermal,0.36,-23.71030389,-46.55025694,2019,65439.70518
6817,Oil_thermal,0.368,-15.79408695,-47.887905,2019,66893.92085
6821,Oil_thermal,2.72,-23.65463004,-45.43810408,2019,494433.328
6825,Oil_thermal,2.72,-23.46663736,-46.5811782,2019,494433.328
6829,Oil_thermal,0.208,-23.54350966,-46.62664566,2019,37809.60744
6833,Oil_thermal,2.24,-23.65989855,-46.52886788,2019,407180.3878
6837,Oil_thermal,2.08,-23.54350966,-46.62664566,2019,378096.0744
6841,Oil_thermal,0.288,-23.54329314,-46.68316284,2019,52351.76414
6845,Oil_thermal,0.52,-23.50656522,-46.86664566,2019,94524.01859
6849,Oil_thermal,0.4,-23.09056944,-45.92853888,2019,72710.78353
6853,Oil_thermal,0.704,-23.54350966,-46.62664566,2019,127970.979
6857,Oil_thermal,0.9,-23.30488,-45.96959305,2019,163599.263
6861,Oil_thermal,0.8,-5.88468683,-35.21329932,2019,99264.59119
6865,Oil_thermal,0.56,-12.90755402,-38.46167397,2019,69485.21384
6869,Oil_thermal,0.062,-23.30128744,-45.95636788,2019,11270.17145
6873,Oil_thermal,1.12,-23.54350966,-46.62664566,2019,203590.1939
6877,Oil_thermal,1.0176,-23.65989855,-46.52886788,2019,184976.2333
6881,Oil_thermal,0.56,-23.50890194,-46.87465305,2019,101795.0969
6885,Oil_thermal,1.92,-23.47746263,-46.64557723,2019,349011.761
6889,Oil_thermal,0.56,-23.64734966,-46.84203455,2019,101795.0969
6893,Oil_thermal,0.56,-23.64731306,-46.85086,2019,101795.0969
6897,Oil_thermal,1.12,-23.51055555,-46.90944444,2019,203590.1939
6901,Oil_thermal,0.065,-23.17517633,-45.87775677,2019,11815.50232
6905,Oil_thermal,0.044,-23.10066389,-45.70773,2019,7998.186189
6909,Oil_thermal,1.68,-22.87665194,-43.227875,2019,305385.2908
6913,Oil_thermal,0.508,-26.30444444,-48.84555556,2019,248282.6087
6917,Oil_thermal,0.11,-23.58797633,-46.66442344,2019,19995.46547
6925,Oil_thermal,4.0496,-23.46638889,-46.86527777,2019,736123.9725
6929,Oil_thermal,0.06,-23.09057,-45.92854,2019,10906.61753
6933,Oil_thermal,2.7,-22.77307911,-47.36595955,2019,490797.7889
6937,Oil_thermal,0.644,-22.81722222,-43.23694444,2019,117064.3615
6941,Oil_thermal,0.6813,-23.58083333,-46.67888889,2019,123844.6421
6945,Oil_thermal,1.68,-28.25600968,-52.40303454,2019,821092.0918
6949,Oil_thermal,10,-23.64618484,-46.63857317,2019,1817769.588
6957,Oil_thermal,0.52,-18.885,-48.25861111,2019,94524.01859
6961,Oil_thermal,0.08,-23.58555557,-46.74055554,2019,14542.15671
6965,Oil_thermal,0.168,-28.51778755,-49.3208391,2019,82109.20918
6969,Oil_thermal,0.0424,-23.68416667,-46.45944447,2019,7707.343055
6973,Oil_thermal,0.2416,-21.39593911,-45.16385007,2019,43917.31325
6977,Oil_thermal,0.2416,-21.37209999,-45.30692776,2019,43917.31325
6981,Oil_thermal,0.2416,-21.38177855,-45.34894406,2019,43917.31325
6985,Oil_thermal,0.5136,-19.36769435,-45.26982094,2019,93360.64606
6989,Oil_thermal,0.0624,-23.21799308,-45.90749205,2019,11342.88223
6993,Oil_thermal,0.8,-18.98573189,-47.46720122,2019,145421.5671
6997,Oil_thermal,3.65,-22.71861111,-46.78555556,2019,663485.8997
7001,Oil_thermal,3.8744,-23.52585953,-46.67860641,2019,704276.6493
7005,Oil_thermal,0.368,-10.98050353,-37.04517626,2019,45661.71195
7009,Oil_thermal,0.0026,-29.176425,-54.848741,2019,1270.737761
7025,Oil_thermal,6.72,-9.70083333,-64.51916667,2019,1221541.163
7029,Oil_thermal,18,-10.2125,-63.82944444,2019,3271985.259
7033,Oil_thermal,3.52,-10.56805555,-63.60722222,2019,639854.8951
7037,Oil_thermal,12,-9.36333333,-62.58555555,2019,2181323.506
7041,Oil_thermal,15,-9.41638889,-61.99472222,2019,2726654.383
7045,Oil_thermal,4.84,-9.73777773,-66.60611112,2019,879800.4808
7049,Oil_thermal,4.84,-9.86388889,-62.16583333,2019,879800.4808
7053,Oil_thermal,4.84,-9.77194444,-66.3425,2019,879800.4808
7057,Oil_thermal,9.2,-9.65085866,-65.72997307,2019,1672348.021
7061,Oil_thermal,0.88,-12.23028539,-60.68947998,2019,159963.7238
7065,Oil_thermal,0.88,-12.13177694,-61.85307694,2019,159963.7238
7069,Oil_thermal,2.2,-11.00471129,-60.84337837,2019,399909.3094
7073,Oil_thermal,0.26,-18.94861827,-47.00763568,2019,47262.0093
7077,Oil_thermal,12.51,3.83310848,-51.83660567,2019,1297166.441
7081,Oil_thermal,5.44,-24.55867975,-54.10295871,2019,2658774.392
7089,Oil_thermal,0.508,-19.29862078,-48.927979,2019,92342.69509
7093,Oil_thermal,0.18,-19.59583333,-46.93152777,2019,32719.85259
7097,Oil_thermal,1,-28.92378666,-49.67414555,2019,488745.2927
7101,Oil_thermal,0.204,-21.14944444,-42.93888889,2019,37082.4996
7105,Oil_thermal,4,-23.59517566,-46.68803455,2019,727107.8353
7109,Oil_thermal,0.8,-7.16872222,-34.899,2019,99264.59119
7113,Oil_thermal,0.96,-26.76073188,-49.15775677,2019,469195.481
7117,Oil_thermal,0.972,-27.00156522,-49.36386789,2019,475060.4245
7121,Oil_thermal,2.4,-23.41656522,-47.15275678,2019,436264.7012
7129,Oil_thermal,3.2,-22.59555556,-48.78694444,2019,581686.2683
7137,Oil_thermal,0.08,-28.605555,-49.402222,2019,39099.62342
7141,Oil_thermal,3.2,-22.80613611,-43.2582,2019,581686.2683
7145,Oil_thermal,0.72,-12.88519445,-38.30861111,2019,89338.13207
7149,Oil_thermal,1,-12.91586111,-38.44313889,2019,124080.739
7153,Oil_thermal,0.8,-10.94608333,-37.04866665,2019,99264.59119
7157,Oil_thermal,3.421,-21.32694444,-46.7425,2019,621858.9762
7161,Oil_thermal,1.44,-12.97916667,-38.46972222,2019,178676.2641
7165,Oil_thermal,1.08,-12.99138889,-38.44861111,2019,134007.1981
7169,Oil_thermal,0.5,-12.23083333,-38.95888889,2019,62040.3695
7173,Oil_thermal,0.576,-12.2575,-38.96666667,2019,71470.50566
7181,Oil_thermal,1.08,-9.63119444,-35.69991667,2019,134007.1981
7185,Oil_thermal,0.72,-10.90777778,-37.08583333,2019,89338.13207
7189,Oil_thermal,1.08,-9.64888888,-35.70583332,2019,134007.1981
7197,Oil_thermal,2,-21.84376945,-46.49227777,2019,363553.9177
7201,Oil_thermal,0.12,-21.78141111,-46.60638055,2019,21813.23506
7205,Oil_thermal,0.72,-12.94950001,-38.47783332,2019,89338.13207
7209,Oil_thermal,0.36,-19.96944444,-43.965,2019,65439.70518
7213,Oil_thermal,0.6056,-20.85653028,-41.09382201,2019,110084.1263
7217,Oil_thermal,0.96,-19.95416667,-43.94,2019,174505.8805
7221,Oil_thermal,0.6,-14.80988889,-39.03533333,2019,74448.44339
7225,Oil_thermal,0.1,-21.78141111,-46.60638055,2019,18177.69588
7229,Oil_thermal,2.24,-21.126843,-48.96275678,2019,407180.3878
7233,Oil_thermal,0.4,-13.8595,-40.07547222,2019,49632.2956
7237,Oil_thermal,0.136,-19.94555556,-43.93916667,2019,24721.6664
7241,Oil_thermal,0.088,-19.94355556,-43.94594444,2019,15996.37238
7245,Oil_thermal,0.576,-10.995,-37.065,2019,71470.50566
7249,Oil_thermal,0.508,-19.96394444,-43.95563889,2019,92342.69509
7253,Oil_thermal,1.08,-10.9413889,-37.05805555,2019,134007.1981
7257,Oil_thermal,1.8016,-23.58223188,-46.67361789,2019,327489.369
7261,Oil_thermal,2.48,-6.84239855,-51.42359011,2019,257152.1002
7265,Oil_thermal,0.368,-20.06311111,-43.9795,2019,66893.92085
7269,Oil_thermal,0.72,-23.58667633,-46.67928455,2019,130879.4104
7273,Oil_thermal,1.416,-23.62881522,-46.70150678,2019,257396.1737
7281,Oil_thermal,0.704,-23.95378744,-46.32220122,2019,127970.979
7285,Oil_thermal,0.904,-23.66517633,-46.56581233,2019,164326.3708
7289,Oil_thermal,0.1,-9.38980555,-40.4885,2019,12408.0739
7293,Oil_thermal,0.36,-9.41305556,-40.50658333,2019,44669.06604
7297,Oil_thermal,0.72,-25.45777778,-49.27083333,2019,351896.6108
7309,Oil_thermal,0.72,-14.86761111,-40.82211111,2019,89338.13207
7313,Oil_thermal,0.48,-9.75572222,-36.66413889,2019,59558.75472
7317,Oil_thermal,2.16,-20.46334167,-54.59180833,2019,392638.2311
7321,Oil_thermal,2.8992,-29.1775,-51.21944444,2019,1416970.353
7325,Oil_thermal,2.5,-23.28611111,-51.15111111,2019,1221863.232
7329,Oil_thermal,0.544,-22.89267633,-43.11414566,2019,98886.66561
7333,Oil_thermal,1.53,-12.93666667,-38.395,2019,189843.5307
7337,Oil_thermal,2.64,-27.11472179,-48.94588306,2019,1290287.573
7341,Oil_thermal,0.508,-26.90806522,-48.925729,2019,248282.6087
7345,Oil_thermal,0.496,-25.45777773,-49.2708334,2019,242417.6652
7349,Oil_thermal,0.52,-21.78083333,-43.35944444,2019,94524.01859
7353,Oil_thermal,0.704,-23.48944437,-47.4444439,2019,127970.979
7357,Oil_thermal,0.36,-23.00857222,-47.02156111,2019,65439.70518
7361,Oil_thermal,0.128,-23.57861105,-48.03722207,2019,23267.45073
7365,Oil_thermal,1.08,-23.53027758,-47.46388904,2019,196319.1155
7369,Oil_thermal,0.736,-9.42133333,-40.50080556,2019,91323.4239
7373,Oil_thermal,0.24,-21.77743582,-46.59689949,2019,43626.47012
7377,Oil_thermal,1.824,-26.55536944,-49.12963056,2019,891471.4139
7381,Oil_thermal,0.72,-23.18573187,-46.86692345,2019,130879.4104
7385,Oil_thermal,2.512,-15.624825,-56.08677778,2019,456623.7206
7389,Oil_thermal,0.14,-23.64502464,-46.58192476,2019,25448.77424
7393,Oil_thermal,0.4,-14.79976063,-39.28952217,2019,49632.2956
7397,Oil_thermal,0.288,-26.89971025,-49.01036652,2019,140758.6443
7401,Oil_thermal,0.14,-23.64320833,-46.58409444,2019,25448.77424
7405,Oil_thermal,0.704,-23.64295411,-46.52470122,2019,127970.979
7409,Oil_thermal,0.5382,-5.82739855,-35.17275678,2019,66780.25373
7413,Oil_thermal,0.72,-23.61333365,-46.5780557,2019,130879.4104
7417,Oil_thermal,0.352,-23.57290493,-46.65491022,2019,63985.48951
7421,Oil_thermal,0.42,-23.62912778,-46.54394722,2019,76346.32271
7425,Oil_thermal,0.19,-26.90105555,-49.24144444,2019,92861.60561
7429,Oil_thermal,0.4,-22.60402854,-42.1568138,2019,72710.78353
7433,Oil_thermal,0.22,-23.64497928,-46.58213493,2019,39990.93094
7437,Oil_thermal,0.208,-15.57656944,-56.07211944,2019,37809.60744
7441,Oil_thermal,0.6,-8.76641389,-63.884125,2019,109066.1753
7445,Oil_thermal,1.44,-23.5879166,-46.68222264,2019,261758.8207
7449,Oil_thermal,0.405,-25.43517633,-49.27220121,2019,197941.8435
7453,Oil_thermal,0.4,-19.75638889,-47.91499999,2019,72710.78353
7457,Oil_thermal,0.56,-11.84954722,-55.50910556,2019,101795.0969
7461,Oil_thermal,0.72,-28.29586472,-52.74336667,2019,351896.6108
7465,Oil_thermal,0.288,-11.84358056,-55.49358056,2019,52351.76414
7469,Oil_thermal,0.352,-19.74361111,-47.93222222,2019,63985.48951
7473,Oil_thermal,1.4592,-2.53333333,-44.225,2019,151304.9776
7477,Oil_thermal,0.32,-19.80861111,-43.17888889,2019,58168.62683
7481,Oil_thermal,1.28,-22.37010664,-47.38070198,2019,232674.5073
7485,Oil_thermal,0.32,-19.61888889,-44.04166667,2019,58168.62683
7489,Oil_thermal,4.3768,-23.37356385,-46.02785816,2019,795601.3934
7493,Oil_thermal,1.2,-29.22837726,-51.35834994,2019,586494.3513
7497,Oil_thermal,0.7248,-21.59976966,-46.87013455,2019,131751.9398
7501,Oil_thermal,1.2,-12.89053055,-38.31634722,2019,148896.8868
7505,Oil_thermal,2.8,-23.41628744,-51.96109011,2019,1368486.82
7509,Oil_thermal,1.408,-23.96222226,-46.37972218,2019,255941.958
7513,Oil_thermal,0.368,-20.06144445,-43.97502778,2019,66893.92085
7517,Oil_thermal,2.4,-19.63805556,-44.01388889,2019,436264.7012
7521,Oil_thermal,0.8,-11.89306944,-55.50483889,2019,145421.5671
7525,Oil_thermal,0.736,-12.25861111,-38.95777778,2019,91323.4239
7529,Oil_thermal,0.544,-23.26527785,-47.27999994,2019,98886.66561
7533,Oil_thermal,0.144,-16.47253846,-54.60826229,2019,26175.88207
7537,Oil_thermal,0.508,-22.42633333,-45.46286111,2019,92342.69509
7541,Oil_thermal,0.352,-19.47055556,-44.25083333,2019,63985.48951
7545,Oil_thermal,0.72,-11.67233333,-39.00169444,2019,89338.13207
7549,Oil_thermal,0.1,-16.6547371,-49.3305996,2019,18177.69588
7553,Oil_thermal,1.4784,-29.23105972,-51.3580404,2019,722561.0407
7557,Oil_thermal,0.508,-18.90455556,-48.29383333,2019,92342.69509
7561,Oil_thermal,1.24,-25.52468967,-49.32917539,2019,606044.163
7565,Oil_thermal,0.508,-21.58972222,-45.43638889,2019,92342.69509
7569,Oil_thermal,0.168,-19.46472226,-44.24249999,2019,30538.52908
7573,Oil_thermal,0.208,-23.59325278,-46.63515833,2019,37809.60744
7581,Oil_thermal,0.72,-9.61166667,-35.71972221,2019,89338.13207
7585,Oil_thermal,0.424,-26.23,-49.34583333,2019,207228.0041
7589,Oil_thermal,0.36,-23.18722248,-46.88833298,2019,65439.70518
7593,Oil_thermal,0.32,-19.62388889,-43.22166667,2019,58168.62683
7597,Oil_thermal,0.184,-15.60509722,-56.12513888,2019,33446.96043
7601,Oil_thermal,0.352,-15.72268054,-55.13904999,2019,63985.48951
7605,Oil_thermal,0.284,-15.55336113,-56.05776981,2019,51624.65631
7609,Oil_thermal,0.508,-22.23383333,-45.9291111,2019,92342.69509
7613,Oil_thermal,0.084,-15.88748889,-52.256625,2019,15269.26454
7617,Oil_thermal,0.352,-16.71972222,-43.85944444,2019,63985.48951
7621,Oil_thermal,0.508,-19.76583333,-47.94944444,2019,92342.69509
7625,Oil_thermal,0.288,-19.53972222,-42.64805556,2019,52351.76414
7629,Oil_thermal,0.76,-21.18180559,-42.60622193,2019,138150.4887
7633,Oil_thermal,0.324,-18.92194444,-48.2825,2019,58895.73466
7637,Oil_thermal,0.208,-16.46338611,-54.64011944,2019,37809.60744
7641,Oil_thermal,1.3512,-23.72305556,-46.54333333,2019,245617.0268
7645,Oil_thermal,0.508,-19.74575,-47.93863889,2019,92342.69509
7649,Oil_thermal,0.508,-16.73347222,-43.84591666,2019,92342.69509
7653,Oil_thermal,0.208,-15.558575,-56.04972778,2019,37809.60744
7657,Oil_thermal,0.508,-21.56,-45.4425,2019,92342.69509
7661,Oil_thermal,0.76,-20.35194444,-40.29833333,2019,138150.4887
7665,Oil_thermal,0.324,-18.59583333,-46.51777778,2019,58895.73466
7669,Oil_thermal,0.352,-18.89472223,-48.27333333,2019,63985.48951
7673,Oil_thermal,0.508,-21.79055555,-46.5675,2019,92342.69509
7677,Oil_thermal,0.16,-15.64429722,-56.125275,2019,29084.31341
7681,Oil_thermal,0.84,-27.84725667,-53.37946167,2019,410546.0459
7685,Oil_thermal,0.4,-15.62072222,-56.07278333,2019,72710.78353
7689,Oil_thermal,0.168,-19.57583333,-42.64277778,2019,30538.52908
7693,Oil_thermal,0.44,-21.14508861,-47.78382278,2019,79981.86189
7697,Oil_thermal,1.44,-22.4888455,-47.39027955,2019,261758.8207
7701,Oil_thermal,0.264,-18.93,-48.27694444,2019,47989.11713
7705,Oil_thermal,0.32,-21.78833333,-46.54611111,2019,58168.62683
7709,Oil_thermal,0.184,-19.56666667,-44.07611111,2019,33446.96043
7713,Oil_thermal,1.8248,-22.96055556,-43.3875,2019,331706.5945
7717,Oil_thermal,0.352,-18.92888889,-48.24305555,2019,63985.48951
7721,Oil_thermal,0.168,-19.47491667,-42.54908333,2019,30538.52908
7725,Oil_thermal,0.4,-18.64555555,-48.18666666,2019,72710.78353
7729,Oil_thermal,0.4,-18.58575,-46.51288889,2019,72710.78353
7733,Oil_thermal,0.3648,-19.48,-42.52611111,2019,66312.23458
7737,Oil_thermal,0.4,-18.88661111,-48.25147222,2019,72710.78353
7741,Oil_thermal,0.508,-18.91230556,-48.27202778,2019,92342.69509
7745,Oil_thermal,0.324,-18.95125,-48.23797222,2019,58895.73466
7749,Oil_thermal,0.508,-18.95416667,-46.99527778,2019,92342.69509
7753,Oil_thermal,1.7736,-25.43888889,-49.2675,2019,866838.6512
7757,Oil_thermal,0.4,-19.76327778,-47.93602778,2019,72710.78353
7761,Oil_thermal,0.508,-16.72277778,-43.86833333,2019,92342.69509
7765,Oil_thermal,1.052,-22.36630046,-47.38093806,2019,191229.3607
7769,Oil_thermal,0.4,-10.1433333,-48.29500007,2019,41476.14519
7773,Oil_thermal,2.2,-22.885,-43.28472222,2019,399909.3094
7777,Oil_thermal,0.312,-19.88972222,-43.96805556,2019,56714.41116
7781,Oil_thermal,0.24,-19.47333333,-44.27111111,2019,43626.47012
7785,Oil_thermal,0.7248,-21.23372294,-50.44480471,2019,131751.9398
7789,Oil_thermal,0.32,-21.40692471,-42.67656106,2019,58168.62683
7793,Oil_thermal,0.48,-19.51,-42.63055555,2019,87252.94024
7797,Oil_thermal,0.4,-19.45575,-44.24994444,2019,72710.78353
7801,Oil_thermal,2.592,-25.43888889,-49.2675,2019,1266827.799
7805,Oil_thermal,0.5,-15.57221908,-56.07834765,2019,90888.47942
7809,Oil_thermal,4.14,-20.93355555,-48.48238889,2019,752556.6096
7813,Oil_thermal,0.92,-15.17777778,-47.74222222,2019,167234.8021
7817,Oil_thermal,0.248,-16.71672222,-43.86327779,2019,45080.68579
7821,Oil_thermal,0.4,-17.21513889,-46.87883333,2019,72710.78353
7825,Oil_thermal,0.508,-17.74505556,-48.62297222,2019,92342.69509
7829,Oil_thermal,0.28273,-22.92712078,-47.06886788,2019,51393.79957
7833,Oil_thermal,0.184,-7.19416667,-48.19583333,2019,19079.02679
7837,Oil_thermal,1.088,-26.70599667,-49.16321333,2019,531754.8785
7841,Oil_thermal,0.248,-19.47624855,-46.52351039,2019,45080.68579
7845,Oil_thermal,0.26,-7.19132889,-48.208705,2019,26959.49437
7849,Oil_thermal,0.204,-11.85756389,-55.49348611,2019,37082.4996
7853,Oil_thermal,0.496,-10.14638897,-48.35749992,2019,51430.42003
7857,Oil_thermal,0.092,-10.29388916,-48.17222365,2019,9539.513393
7861,Oil_thermal,0.096,-7.15583333,-48.18861111,2019,9954.274845
7865,Oil_thermal,1.52,-26.90555555,-48.82333333,2019,742892.8449
7869,Oil_thermal,0.12,-7.18805555,-48.19944444,2019,12442.84356
7873,Oil_thermal,0.4,-8.8669492,-48.48608076,2019,41476.14519
7877,Oil_thermal,1.12,-10.28749843,-48.29555556,2019,116133.2065
7881,Oil_thermal,0.184,-6.33111111,-47.42083333,2019,19079.02679
7885,Oil_thermal,0.184,-10.16694707,-48.87610711,2019,19079.02679
7889,Oil_thermal,0.32,-18.93834855,-46.98754011,2019,58168.62683
7893,Oil_thermal,0.4,-17.33797222,-44.92438889,2019,72710.78353
7897,Oil_thermal,0.36,-22.97055556,-46.99583333,2019,65439.70518
7901,Oil_thermal,0.32,-18.92777778,-48.29888888,2019,58168.62683
7905,Oil_thermal,0.48,-19.46175,-42.53505556,2019,87252.94024
7909,Oil_thermal,2,-12.57972222,-60.90666667,2019,363553.9177
7913,Oil_thermal,3,-20.50321137,-43.91684278,2019,545330.8765
7917,Oil_thermal,4.928,-16.63416667,-49.33,2019,895796.8531
7921,Oil_thermal,2.128,-20.27055555,-45.62305555,2019,386821.3684
7925,Oil_thermal,0.464,-19.83294419,-44.08416671,2019,84344.5089
7929,Oil_thermal,0.288,-7.19132889,-48.208705,2019,29862.82454
7933,Oil_thermal,0.64,-22.72111119,-47.64611128,2019,116337.2537
7937,Oil_thermal,0.5504,-19.82111127,-43.9472222,2019,100050.0381
7941,Oil_thermal,0.508,-21.2441389,-44.99744444,2019,92342.69509
7945,Oil_thermal,0.508,-18.91247222,-48.32627778,2019,92342.69509
7949,Oil_thermal,0.8,-21.74444446,-54.51722222,2019,145421.5671
7953,Oil_thermal,0.144,-26.74913,-49.27237889,2019,70379.32215
7957,Oil_thermal,0.084,-19.94588889,-43.93919444,2019,15269.26454
7961,Oil_thermal,0.4,-18.16975,-47.9545,2019,72710.78353
7965,Oil_thermal,0.36,-17.54230555,-39.74130556,2019,44669.06604
7969,Oil_thermal,0.32,-16.74166667,-43.86944445,2019,58168.62683
7973,Oil_thermal,0.704,-21.98548189,-42.23817344,2019,127970.979
7977,Oil_thermal,3.12,-20.11697472,-44.21414222,2019,567144.1116
7981,Oil_thermal,0.856,-19.92378744,-43.94006233,2019,155601.0768
7985,Oil_thermal,0.1,-19.49444444,-44.2625,2019,18177.69588
7989,Oil_thermal,1.104,-20.16017633,-44.90914566,2019,200681.7626
7993,Oil_thermal,1.2,-9.42525,-40.5055,2019,148896.8868
7997,Oil_thermal,1.44,-19.45444445,-44.22555556,2019,261758.8207
8005,Oil_thermal,2.24,-18.86277778,-41.80611111,2019,407180.3878
8009,Oil_thermal,1.2,-12.90058334,-38.33255554,2019,148896.8868
8013,Oil_thermal,2,-19.54878741,-44.06636786,2019,363553.9177
8017,Oil_thermal,0.52,-18.75288889,-44.426,2019,94524.01859
8021,Oil_thermal,0.4,-23.86521546,-46.41763738,2019,72710.78353
8025,Oil_thermal,0.5448,-26.88638829,-48.73697305,2019,266268.4355
8029,Oil_thermal,0.648,-20.06206522,-44.60414566,2019,117791.4693
8033,Oil_thermal,0.4,-23.86521546,-46.41763738,2019,72710.78353
8037,Oil_thermal,0.208,-19.42726596,-44.19276793,2019,37809.60744
8041,Oil_thermal,0.4,-16.69489499,-54.68584952,2019,72710.78353
8045,Oil_thermal,0.728,-22.3155,-49.0664,2019,132333.626
8049,Oil_thermal,0.092,-22.77444444,-47.3225,2019,16723.48021
8053,Oil_thermal,0.368,-10.10212077,-48.92331233,2019,38158.05357
8057,Oil_thermal,1,-14.62823189,-57.54025678,2019,181776.9588
8061,Oil_thermal,2,-8.39294444,-34.97122222,2019,248161.478
8065,Oil_thermal,0.208,-7.17805556,-48.19166667,2019,21567.5955
8069,Oil_thermal,0.16,-10.22361109,-48.35138885,2019,16590.45808
8073,Oil_thermal,0.672,-22.41810681,-45.49505012,2019,122154.1163
8077,Oil_thermal,0.5,-22.91388889,-48.46444445,2019,90888.47942
8081,Oil_thermal,0.4,-7.19888889,-48.21694445,2019,41476.14519
8085,Oil_thermal,0.8,-12.94475,-38.45966667,2019,99264.59119
8089,Oil_thermal,0.36,-29.86249029,-51.18045629,2019,175948.3054
8093,Oil_thermal,0.36,-25.39008233,-49.18767705,2019,175948.3054
8101,Oil_thermal,0.72,-19.56888863,-44.07805544,2019,130879.4104
8105,Oil_thermal,1.2,-23.75874,-46.5812,2019,218132.3506
8109,Oil_thermal,0.72,-12.24927778,-38.95525,2019,89338.13207
8113,Oil_thermal,1.3648,-23.11111111,-45.68583333,2019,248089.1934
8117,Oil_thermal,0.8,-23.28528549,-51.31145548,2019,390996.2342
8121,Oil_thermal,0.208,-19.44388889,-44.23944444,2019,37809.60744
8125,Oil_thermal,2.756,-23.67222222,-46.68666667,2019,500977.2985
8129,Oil_thermal,1.44,-21.16333333,-47.815,2019,261758.8207
8133,Oil_thermal,0.8,-31.40194444,-53.90166666,2019,390996.2342
8137,Oil_thermal,2.1888,-20.44271941,-45.13036638,2019,397873.4075
8141,Oil_thermal,1.8248,-19.88028466,-46.84444566,2019,331706.5945
8145,Oil_thermal,1.44,-23.48611111,-47.47194445,2019,261758.8207
8149,Oil_thermal,0.4,-5.07307778,-37.71548611,2019,49632.2956
8153,Oil_thermal,0.4,-16.44613536,-54.66734557,2019,72710.78353
8157,Oil_thermal,3.024,-22.82333333,-43.31972222,2019,549693.5235
8161,Oil_thermal,0.32,-19.44366666,-42.55616667,2019,58168.62683
8165,Oil_thermal,0.368,-21.15484456,-42.21301898,2019,66893.92085
8169,Oil_thermal,1.8248,-18.16253222,-47.90849778,2019,331706.5945
8173,Oil_thermal,1.2,-22.39305556,-41.80777778,2019,218132.3506
8177,Oil_thermal,2.5392,-19.95138889,-44.01166667,2019,461568.0539
8181,Oil_thermal,0.8,-23.83789167,-46.37689444,2019,145421.5671
8185,Oil_thermal,1.6,-20.27839389,-40.24133389,2019,290843.1341
8189,Oil_thermal,1.28,-1.45583333,-48.50444444,2019,132723.6646
8193,Oil_thermal,2.56,-20.26401161,-40.24306344,2019,465349.0146
8197,Oil_thermal,0.288,-22.98166667,-47.01277778,2019,52351.76414
8201,Oil_thermal,3.22,-20.26142566,-40.24728755,2019,585321.8074
8205,Oil_thermal,0.144,-22.75512765,-47.42276117,2019,26175.88207
8209,Oil_thermal,0.144,-22.28352389,-46.38008111,2019,26175.88207
8213,Oil_thermal,0.423,-23.21027776,-47.28305554,2019,76891.65359
8217,Oil_thermal,1.2112,-23.57625,-51.42383333,2019,591968.2985
8221,Oil_thermal,0.4,-22.79091111,-47.29346944,2019,72710.78353
8225,Oil_thermal,0.4,-22.82405411,-47.07158733,2019,72710.78353
8229,Oil_thermal,0.56,-22.58601944,-47.157775,2019,101795.0969
8233,Oil_thermal,0.184,-22.7246,-47.36256944,2019,33446.96043
8237,Oil_thermal,0.48,-22.2649,-45.93997,2019,87252.94024
8241,Oil_thermal,0.64,-10.85077778,-37.07888888,2019,79411.67295
8245,Oil_thermal,2.4,-19.92663889,-43.95786112,2019,436264.7012
8249,Oil_thermal,0.72,-21.56194444,-49.84388889,2019,130879.4104
8253,Oil_thermal,0.72,-19.56416389,-46.98637222,2019,130879.4104
8257,Oil_thermal,3.15,-23.6625,-46.50611111,2019,572597.4203
8261,Oil_thermal,0.72,-1.45003088,-48.488338,2019,74657.06134
8265,Oil_thermal,0.144,-22.25333,-45.70398806,2019,26175.88207
8269,Oil_thermal,0.24,-22.78088056,-47.141975,2019,43626.47012
8273,Oil_thermal,0.32,-22.32024332,-49.06801871,2019,58168.62683
8277,Oil_thermal,0.704,-20.32138889,-40.33777778,2019,127970.979
8281,Oil_thermal,0.56,-22.84721111,-47.212425,2019,101795.0969
8285,Oil_thermal,0.48,-22.79187778,-47.29477778,2019,87252.94024
8289,Oil_thermal,0.4,-22.90066111,-47.172625,2019,72710.78353
8297,Oil_thermal,0.72,-30.03472222,-51.18916667,2019,351896.6108
8301,Oil_thermal,0.6,-3.75194445,-38.50722222,2019,74448.44339
8305,Oil_thermal,1.0944,-19.29862078,-49.65053454,2019,534882.8483
8309,Oil_thermal,0.416,-15.59777778,-56.09166667,2019,75619.21487
8313,Oil_thermal,3,-22.99805555,-43.60611111,2019,545330.8765
8317,Oil_thermal,1.12,-11.72722222,-61.72444444,2019,203590.1939
8321,Oil_thermal,1.7978,-27.595,-48.54861111,2019,878666.2872
8325,Oil_thermal,3.264,-21.84989856,-47.46970122,2019,593319.9936
8329,Oil_thermal,1.08,-12.97694444,-38.5075,2019,134007.1981
8333,Oil_thermal,0.48,-20.45833333,-54.61333334,2019,87252.94024
8337,Oil_thermal,2.144,-15.79639498,-47.88917352,2019,389729.7997
8341,Oil_thermal,0.848,-18.62052778,-46.56616667,2019,154146.8611
8345,Oil_thermal,0.22,-29.165,-51.18055556,2019,107523.9644
8349,Oil_thermal,0.044,-29.68632611,-51.128605,2019,21504.79288
8353,Oil_thermal,1.32,-8.06276195,-34.88894194,2019,163786.5755
8357,Oil_thermal,0.48,-22.92986667,-47.09373333,2019,87252.94024
8361,Oil_thermal,0.208,-20.14175,-44.88655556,2019,37809.60744
8365,Oil_thermal,0.4,-22.71688333,-47.29474444,2019,72710.78353
8369,Oil_thermal,0.4,-23.29038056,-47.67868056,2019,72710.78353
8373,Oil_thermal,0.292,-20.14777778,-44.89177778,2019,53078.87198
8377,Oil_thermal,0.72,-2.53064111,-44.29401,2019,74657.06134
8381,Oil_thermal,0.576,-20.14327778,-44.89972222,2019,104703.5283
8385,Oil_thermal,0.72,-20.46796171,-54.60499167,2019,130879.4104
8389,Oil_thermal,0.36,-19.39740552,-40.06214719,2019,65439.70518
8393,Oil_thermal,0.24,-22.73018889,-47.34210556,2019,43626.47012
8397,Oil_thermal,0.636,-5.84194444,-35.21138889,2019,78915.35
8401,Oil_thermal,0.208,-20.12466668,-44.88469444,2019,37809.60744
8405,Oil_thermal,0.352,-10.1925,-48.335,2019,36499.00777
8409,Oil_thermal,0.368,-20.469,-45.43052778,2019,66893.92085
8413,Oil_thermal,0.352,-21.75333333,-43.35027778,2019,63985.48951
8417,Oil_thermal,0.8,-3.73638889,-38.49972222,2019,99264.59119
8421,Oil_thermal,0.279,-22.89222222,-43.12472222,2019,50715.77151
8425,Oil_thermal,3.648,-14.86611112,-40.83944442,2019,452646.5358
8429,Oil_thermal,0.1,-29.68465556,-53.80859583,2019,48874.52927
8433,Oil_thermal,0.368,-19.86341667,-44.60036111,2019,66893.92085
8437,Oil_thermal,0.16,-19.60563889,-46.94041667,2019,29084.31341
8441,Oil_thermal,0.292,-20.02666667,-45.53611113,2019,53078.87198
8445,Oil_thermal,0.368,-20.06952778,-44.57905555,2019,66893.92085
8449,Oil_thermal,0.56,-22.67974167,-47.67751111,2019,101795.0969
8453,Oil_thermal,0.4,-22.73000833,-47.31276389,2019,72710.78353
8457,Oil_thermal,0.184,-19.59838886,-46.93725004,2019,33446.96043
8461,Oil_thermal,0.12,-20.08877779,-45.28980559,2019,21813.23506
8465,Oil_thermal,0.176,-15.7025,-47.89361111,2019,31992.74475
8469,Oil_thermal,1.2,-8.06276194,-34.88894194,2019,148896.8868
8473,Oil_thermal,1.08,-26.11583333,-50.30805556,2019,527844.9161
8477,Oil_thermal,0.36,-12.99861111,-38.46638889,2019,44669.06604
8481,Oil_thermal,0.144,-20.13908333,-44.87430556,2019,26175.88207
8485,Oil_thermal,0.4,-20.15788889,-44.90472222,2019,72710.78353
8489,Oil_thermal,0.4,-15.6025,-47.681575,2019,72710.78353
8493,Oil_thermal,0.208,-20.729195,-46.60555478,2019,37809.60744
8497,Oil_thermal,0.368,-20.69172221,-44.82625,2019,66893.92085
8501,Oil_thermal,0.144,-20.13275002,-44.91425001,2019,26175.88207
8505,Oil_thermal,0.316,-17.05244609,-48.95714505,2019,57441.51899
8509,Oil_thermal,4.44,-1.44627242,-48.48970473,2019,460385.2116
8513,Oil_thermal,2.736,-1.36555556,-48.37222222,2019,283696.8331
8517,Oil_thermal,0.12,-20.07522136,-44.57305482,2019,21813.23506
8521,Oil_thermal,2.748,-19.916843,-43.92831233,2019,499523.0829
8525,Oil_thermal,0.496,-20.11577777,-44.8915,2019,90161.37158
8529,Oil_thermal,0.144,-21.57360583,-45.44009472,2019,26175.88207
8533,Oil_thermal,2.748,-13.82888889,-56.08222222,2019,499523.0829
8537,Oil_thermal,0.36,-26.89239856,-49.11164566,2019,175948.3054
8541,Oil_thermal,0.96,-12.6975,-38.32416667,2019,119117.5094
8545,Oil_thermal,4.8,-23.56388888,-46.64722222,2019,872529.4024
8549,Oil_thermal,0.368,-21.2589826,-44.97856186,2019,66893.92085
8553,Oil_thermal,0.144,-22.23030306,-45.93714389,2019,26175.88207
8557,Oil_thermal,2.4,-22.41972222,-44.29027778,2019,436264.7012
8561,Oil_thermal,3.395,-22.94111111,-47.15,2019,617132.7752
8565,Oil_thermal,1.524,-2.526843,-44.29720122,2019,158024.1132
8569,Oil_thermal,1.28,-22.74666667,-42.78222222,2019,232674.5073
8573,Oil_thermal,1.76,-25.45805555,-49.25694444,2019,860191.7152
8577,Oil_thermal,3.1056,-7.794343,-34.91664566,2019,385345.143
8581,Oil_thermal,2.736,-22.83888889,-43.32444444,2019,497341.7594
8585,Oil_thermal,0.184,-22.42601083,-45.46189972,2019,33446.96043
8589,Oil_thermal,1.32,-23.59663227,-46.85851202,2019,239945.5857
8593,Oil_thermal,1.092,-22.55527778,-47.36916667,2019,198500.439
8597,Oil_thermal,0.4264,-23.47250002,-46.53138883,2019,77509.69525
8601,Oil_thermal,2.748,-22.24527778,-45.95888889,2019,499523.0829
8605,Oil_thermal,1.44,-12.43031,-38.94977195,2019,178676.2641
8613,Oil_thermal,1.76,-12.54916667,-38.29722222,2019,218382.1006
8617,Oil_thermal,0.4,-28.84052464,-49.71747625,2019,195498.1171
8621,Oil_thermal,0.8,-23.09152778,-50.37286111,2019,390996.2342
8625,Oil_thermal,1.48,-8.11194444,-34.9325,2019,183639.4937
8629,Oil_thermal,1.944,-22.90444445,-47.0625,2019,353374.408
8633,Oil_thermal,0.1872,-26.86777778,-49.22805555,2019,91493.1188
8637,Oil_thermal,3.264,-22.82694444,-43.05388889,2019,593319.9936
8641,Oil_thermal,2,-23.68082502,-46.69168776,2019,363553.9177
8645,Oil_thermal,0.1,-19.43555556,-44.22111111,2019,18177.69588
8649,Oil_thermal,2,-24.47583333,-47.82833333,2019,363553.9177
8653,Oil_thermal,0.144,-21.42876555,-45.9415925,2019,26175.88207
8657,Oil_thermal,0.092,-19.94032407,-43.95616058,2019,16723.48021
8661,Oil_thermal,0.496,-22.87665194,-43.227875,2019,90161.37158
8665,Oil_thermal,3.7392,-23.49156522,-47.45109011,2019,679700.4045
8669,Oil_thermal,0.4,-15.65960555,-47.84394445,2019,72710.78353
8673,Oil_thermal,0.368,-21.54027778,-45.44333333,2019,66893.92085
8677,Oil_thermal,1.0992,-22.47795411,-47.44720121,2019,199809.2331
8681,Oil_thermal,0.508,-19.82557384,-44.62580043,2019,92342.69509
8685,Oil_thermal,0.8,-22.95418725,-47.1161617,2019,145421.5671
8689,Oil_thermal,0.8,-22.7522441,-47.38881794,2019,145421.5671
8693,Oil_thermal,0.76,-24.00582998,-46.42763376,2019,138150.4887
8697,Oil_thermal,1.5,-28.91583333,-49.66111112,2019,733117.9391
8701,Oil_thermal,0.8,-21.19480928,-47.75607603,2019,145421.5671
8705,Oil_thermal,0.72,-20.81846099,-49.3728453,2019,130879.4104
8709,Oil_thermal,0.288,-23.48974219,-47.44170167,2019,52351.76414
8713,Oil_thermal,0.248,-22.51805556,-44.10666667,2019,45080.68579
8717,Oil_thermal,4.8,-22.90055555,-43.18805556,2019,872529.4024
8721,Oil_thermal,0.26,-20.14916667,-44.87977778,2019,47262.0093
8725,Oil_thermal,0.144,-20.69983333,-44.8235,2019,26175.88207
8729,Oil_thermal,1.6608,-19.32963056,-40.07009444,2019,301895.1732
8733,Oil_thermal,0.72,-22.67692424,-47.68657349,2019,130879.4104
8737,Oil_thermal,0.4,-23.52556624,-46.81995441,2019,72710.78353
8741,Oil_thermal,0.8,-29.70436471,-53.73931107,2019,390996.2342
8745,Oil_thermal,0.8,-32.06631425,-52.14800023,2019,390996.2342
8749,Oil_thermal,0.3636,-23.52524333,-46.57422,2019,66094.10223
8753,Oil_thermal,3.2,-7.86015833,-34.90966944,2019,397058.3648
8757,Oil_thermal,0.72,-29.80603043,-51.16516294,2019,351896.6108
8761,Oil_thermal,0.8,-15.58636111,-56.08635555,2019,145421.5671
8765,Oil_thermal,0.72,-23.55986118,-46.44722606,2019,130879.4104
8769,Oil_thermal,0.8,-23.54824492,-46.94650595,2019,145421.5671
8773,Oil_thermal,0.72,-5.86610872,-35.21795506,2019,89338.13207
8777,Oil_thermal,0.12,-10.20055555,-48.30694444,2019,12442.84356
8781,Oil_thermal,0.36,-23.49344099,-46.42126675,2019,65439.70518
8785,Oil_thermal,0.8,-29.94499915,-51.01131799,2019,390996.2342
8789,Oil_thermal,0.72,-23.43907212,-46.507135,2019,130879.4104
8793,Oil_thermal,0.368,-19.96783333,-44.21,2019,66893.92085
8797,Oil_thermal,0.531,-23.98281771,-46.26434228,2019,96523.56514
8801,Oil_thermal,0.508,-2.52573179,-44.2933121,2019,52674.70439
8805,Oil_thermal,2.1424,-22.00954167,-47.45011389,2019,389438.9566
8809,Oil_thermal,0.8,-31.74090745,-52.36508539,2019,390996.2342
8813,Oil_thermal,0.64,-30.03111111,-51.22694444,2019,312796.9873
8817,Oil_thermal,0.64,-9.65722222,-35.73611111,2019,79411.67295
8821,Oil_thermal,0.72,-22.18064842,-49.96970146,2019,130879.4104
8825,Oil_thermal,1,-23.49600028,-46.45616639,2019,181776.9588
8829,Oil_thermal,4.352,-22.23111111,-49.90916667,2019,791093.3248
8833,Oil_thermal,0.8,-12.14512213,-44.99078593,2019,99264.59119
8837,Oil_thermal,1.8,-3.7488889,-38.45388887,2019,223345.3302
8841,Oil_thermal,0.0648,-23.51861111,-51.43027778,2019,31670.69497
8845,Oil_thermal,0.2,-23.31333333,-51.16083333,2019,97749.05854
8849,Oil_thermal,0.36,-23.65683171,-46.52228143,2019,65439.70518
8853,Oil_thermal,0.3496,-5.07025441,-42.8160323,2019,43378.62635
8857,Oil_thermal,0.3496,-3.73083333,-38.5288889,2019,43378.62635
8861,Oil_thermal,0.56,-10.17861111,-48.33472222,2019,58066.60326
8865,Oil_thermal,0.9168,-29.17416666,-51.21777778,2019,448081.6844
8869,Oil_thermal,0.4048,-30.0275,-51.20388889,2019,197844.0945
8873,Oil_thermal,0.8,-9.74716229,-36.63539637,2019,99264.59119
8877,Oil_thermal,2.2992,-30.06972222,-51.22500001,2019,1123723.177
8881,Oil_thermal,0.72,-23.01480175,-45.52371351,2019,130879.4104
8885,Oil_thermal,0.8,-3.85654571,-38.47121182,2019,99264.59119
8889,Oil_thermal,0.12,-16.89416667,-49.00138886,2019,21813.23506
8893,Oil_thermal,0.3496,-9.66083334,-35.72722222,2019,43378.62635
8897,Oil_thermal,0.72,-22.84265667,-43.3752025,2019,130879.4104
8901,Oil_thermal,3.1056,-12.08434306,-38.34359011,2019,385345.143
8905,Oil_thermal,0.4,-22.75902778,-47.33982222,2019,72710.78353
8909,Oil_thermal,0.72,-23.52263002,-46.30214268,2019,130879.4104
8913,Oil_thermal,0.72,-29.9986936,-51.14110137,2019,351896.6108
8917,Oil_thermal,0.72,-23.60220421,-46.91732129,2019,130879.4104
8921,Oil_thermal,0.72,-23.69093037,-46.57452086,2019,130879.4104
8925,Oil_thermal,0.404,-31.75194444,-52.37694444,2019,197453.0983
8929,Oil_thermal,0.64,-29.7075,-53.8125,2019,312796.9873
8933,Oil_thermal,1.6,-20.25597071,-40.23533753,2019,290843.1341
8937,Oil_thermal,1.48,-23.52374413,-46.57644945,2019,269029.8991
8941,Oil_thermal,0.6496,-8.25427778,-35.01,2019,80602.84805
8945,Oil_thermal,0.952,-22.85391361,-43.31152556,2019,173051.6648
8949,Oil_thermal,0.8,-5.06229348,-42.81117601,2019,99264.59119
8953,Oil_thermal,0.432,-22.29855075,-49.0661844,2019,78527.64622
8957,Oil_thermal,1.05,-8.27694444,-35.03666667,2019,130284.7759
8961,Oil_thermal,1.68,-23.52472222,-46.6625,2019,305385.2908
8965,Oil_thermal,0.8,-23.67724083,-46.43759917,2019,145421.5671
8969,Oil_thermal,0.24,-22.83221667,-47.24558333,2019,43626.47012
8973,Oil_thermal,0.72,-20.63101667,-47.28713056,2019,130879.4104
8977,Oil_thermal,0.264,-23.20527778,-45.88555555,2019,47989.11713
8981,Oil_thermal,1.08,-23.58126194,-46.60055404,2019,196319.1155
8985,Oil_thermal,0.144,-20.83194444,-49.35777778,2019,26175.88207
8989,Oil_thermal,0.76,-5.89134806,-35.256295,2019,94301.36163
8993,Oil_thermal,1.12,-22.91111111,-47.09638889,2019,203590.1939
8997,Oil_thermal,0.144,-25.09805556,-50.14694445,2019,70379.32215
9001,Oil_thermal,0.3496,-5.79194444,-35.21111111,2019,43378.62635
9005,Oil_thermal,0.136,-23.49944444,-46.82583334,2019,24721.6664
9009,Oil_thermal,1.84,-26.88816625,-49.20985508,2019,899291.3386
9013,Oil_thermal,0.5,-26.89795407,-49.0697012,2019,244372.6464
9017,Oil_thermal,0.0648,-23.39638889,-51.95555556,2019,31670.69497
9021,Oil_thermal,0.8,-22.89235144,-43.677741,2019,145421.5671
9025,Oil_thermal,0.3496,-8.05472222,-34.87861111,2019,43378.62635
9029,Oil_thermal,0.4,-2.91019444,-41.73886109,2019,49632.2956
9033,Oil_thermal,0.72,-22.33523974,-41.74024792,2019,130879.4104
9037,Oil_thermal,0.044,-22.22444448,-54.80666665,2019,7998.186189
9041,Oil_thermal,0.256,-21.15416667,-47.82083333,2019,46534.90146
9049,Oil_thermal,0.184,-20.72266667,-46.60711111,2019,33446.96043
9053,Oil_thermal,2.1744,-22.8960718,-47.20337316,2019,395255.8193
9057,Oil_thermal,0.052,-22.21823212,-54.81470148,2019,9452.401859
9061,Oil_thermal,0.1296,-24.97249999,-53.44861111,2019,63341.38994
9065,Oil_thermal,1.028,-23.14281457,-47.24665621,2019,186866.7137
9069,Oil_thermal,0.76,-16.63175412,-49.27551733,2019,138150.4887
9073,Oil_thermal,0.72,-10.25814694,-48.31142833,2019,74657.06134
9077,Oil_thermal,1.22672,-26.2165,-49.40208333,2019,599553.6255
9081,Oil_thermal,1.12,-15.83265018,-48.08079066,2019,203590.1939
9085,Oil_thermal,0.8,-23.47293326,-46.90698566,2019,145421.5671
9089,Oil_thermal,0.8,-18.90226196,-48.2793572,2019,145421.5671
9093,Oil_thermal,0.72,-12.96762417,-38.47966472,2019,89338.13207
9097,Oil_thermal,1.12,-23.27415092,-45.97394847,2019,203590.1939
9101,Oil_thermal,0.368,-20.89725,-45.26705555,2019,66893.92085
9109,Oil_thermal,1.80115,-24.77583339,-49.88555544,2019,880303.584
9117,Oil_thermal,0.8,-23.18010066,-45.86629341,2019,145421.5671
9121,Oil_thermal,2.2224,-23.74944622,-46.56221176,2019,403981.1133
9125,Oil_thermal,0.144,-23.41877974,-51.94629501,2019,70379.32215
9129,Oil_thermal,0.5655,-1.40611045,-48.43694598,2019,58636.90026
9133,Oil_thermal,0.6,-15.78722204,-47.85416682,2019,109066.1753
9137,Oil_thermal,2.88,-12.67728,-38.48317,2019,357352.5283
9141,Oil_thermal,0.36,-23.66863483,-46.73640833,2019,65439.70518
9145,Oil_thermal,0.864,-22.93722222,-43.37416667,2019,157055.2924
9149,Oil_thermal,0.8,-17.80571806,-50.92243139,2019,145421.5671
9153,Oil_thermal,0.8,-20.356955,-40.33413,2019,145421.5671
9157,Oil_thermal,0.68,-19.52527778,-44.09166667,2019,123608.332
9161,Oil_thermal,1.36,-5.75089889,-35.252255,2019,168749.805
9165,Oil_thermal,0.96,-5.84981306,-35.20597194,2019,119117.5094
9169,Oil_thermal,0.4,-5.80090889,-35.21553111,2019,49632.2956
9173,Oil_thermal,0.8,-5.75592345,-35.2429712,2019,99264.59119
9177,Oil_thermal,0.56,-5.77083333,-35.26861111,2019,69485.21384
9181,Oil_thermal,2.544,-19.96225111,-44.16038,2019,462440.5833
9185,Oil_thermal,0.4,-5.75089889,-35.252255,2019,49632.2956
9189,Oil_thermal,2.7528,-26.63472222,-48.70472222,2019,1345418.042
9193,Oil_thermal,1.08,-5.79358305,-35.20355194,2019,134007.1981
9197,Oil_thermal,0.264,-11.86464722,-55.50443056,2019,47989.11713
9201,Oil_thermal,1.6,-22.82777778,-43.05194445,2019,290843.1341
9205,Oil_thermal,0.32,-18.91694444,-48.28055556,2019,58168.62683
9209,Oil_thermal,0.36,-22.95166631,-43.18527793,2019,65439.70518
9213,Oil_thermal,1.12,-5.884255,-35.22898611,2019,138970.4277
9217,Oil_thermal,2.4,-23.28472222,-45.94166667,2019,436264.7012
9221,Oil_thermal,0.6675,-0.61860502,-47.35055523,2019,69213.31728
9225,Oil_thermal,4,-23.13138889,-45.75305556,2019,727107.8353
9229,Oil_thermal,1.1,-22.99239856,-43.24997901,2019,199954.6547
9233,Oil_thermal,0.738,-1.44555555,-48.4775,2019,76523.48787
9237,Oil_thermal,2.0552,-22.95444444,-43.18722222,2019,373588.0058
9241,Oil_thermal,0.4,-16.74964691,-49.30408193,2019,72710.78353
9245,Oil_thermal,2.576,-23.62767633,-46.72636789,2019,468257.446
9249,Oil_thermal,0.6375,-1.39055573,-48.42555543,2019,66102.60639
9257,Oil_thermal,0.72,-16.09352103,-47.98323016,2019,130879.4104
9261,Oil_thermal,0.8504,-22.96611111,-47.13638889,2019,154583.1258
9265,Oil_thermal,1.025,-1.45722257,-48.49472218,2019,106282.622
9269,Oil_thermal,2.392,-1.29749919,-47.93750081,2019,248027.3482
9273,Oil_thermal,1.2,-5.88721111,-35.21008,2019,148896.8868
9277,Oil_thermal,3.64,-23.55027778,-46.72111111,2019,661668.1302
9281,Oil_thermal,1,-23.68718898,-46.566969,2019,181776.9588
9285,Oil_thermal,3.7,-2.99940555,-60.00175278,2019,383654.343
9289,Oil_thermal,0.392,-5.08888889,-42.80944444,2019,48639.64968
9293,Oil_thermal,4.352,-1.40166667,-48.43444445,2019,451260.4597
9297,Oil_thermal,0.4312,-22.36888889,-46.95361111,2019,78382.22465
9301,Oil_thermal,0.4,-23.0952,-47.71755833,2019,72710.78353
9305,Oil_thermal,0.112,-22.73640833,-47.38004167,2019,20359.01939
9309,Oil_thermal,0.64,-5.78805556,-35.20277778,2019,79411.67295
9313,Oil_thermal,2.4,-22.89444468,-43.11249786,2019,436264.7012
9317,Oil_thermal,3.5,-23.59277778,-46.83361111,2019,636219.3559
9321,Oil_thermal,1.524,-30.02781666,-51.1578222,2019,744847.8261
9325,Oil_thermal,0.36,-15.62153255,-56.06474051,2019,65439.70518
9329,Oil_thermal,0.86,-1.36361111,-48.37416667,2019,89173.71216
9333,Oil_thermal,4.536,-7.50839849,-34.97467356,2019,562830.2321
9337,Oil_thermal,0.324,-19.5286111,-42.62444444,2019,58895.73466
9341,Oil_thermal,0.092,-31.45,-52.64055556,2019,44964.56693
9345,Oil_thermal,0.092,-31.625,-52.31777778,2019,44964.56693
9349,Oil_thermal,2.56,-20.26800194,-40.25252889,2019,465349.0146
9353,Oil_thermal,0.208,-20.89391667,-45.27238889,2019,37809.60744
9357,Oil_thermal,1.524,-1.44966443,-48.49818018,2019,158024.1132
9361,Oil_thermal,2.8992,-23.33906522,-51.17664567,2019,1416970.353
9365,Oil_thermal,2.4,-5.12611111,-42.80861111,2019,297793.7736
9369,Oil_thermal,1,-5.08239855,-42.779979,2019,124080.739
9373,Oil_thermal,1,-22.237075,-45.885458,2019,181776.9588
9377,Oil_thermal,0.06,-31.89104689,-52.31975082,2019,29324.71756
9381,Oil_thermal,4,-5.0804541,-42.77942344,2019,496322.956
9385,Oil_thermal,1.0488,-12.83239572,-38.40802815,2019,130135.8791
9389,Oil_thermal,0.36,-18.40952778,-49.20780556,2019,65439.70518
9393,Oil_thermal,0.36,-29.86249029,-51.18045629,2019,175948.3054
9397,Oil_thermal,1.44,-19.92361122,-43.93833319,2019,261758.8207
9401,Oil_thermal,1.2,-16.72333388,-49.26416653,2019,218132.3506
9405,Oil_thermal,2.016,-25.42333334,-49.28027778,2019,985310.5101
9409,Oil_thermal,1.8,-3.85527778,-38.59666667,2019,223345.3302
9413,Oil_thermal,0.144,-20.16083334,-44.88186111,2019,26175.88207
9417,Oil_thermal,0.184,-19.58447222,-46.94405556,2019,33446.96043
9421,Oil_thermal,0.12,-20.29213889,-45.53930556,2019,21813.23506
9425,Oil_thermal,0.735,-16.40148583,-48.93706361,2019,133606.0647
9429,Oil_thermal,0.4,-28.84489861,-49.61997888,2019,195498.1171
9433,Oil_thermal,0.096,-6.32683253,-47.44583276,2019,9954.274845
9437,Oil_thermal,0.144,-28.66962078,-49.36136791,2019,70379.32215
9441,Oil_thermal,0.72,-20.22614611,-40.27016472,2019,130879.4104
9445,Oil_thermal,0.8,-23.65611111,-46.6625,2019,145421.5671
9449,Oil_thermal,0.8,-23.54527778,-46.5575,2019,145421.5671
9453,Oil_thermal,0.16,-27.59027778,-48.53249999,2019,78199.24683
9457,Oil_thermal,0.6056,-22.76777778,-42.07972222,2019,110084.1263
9461,Oil_thermal,0.092,-31.58117,-52.34116,2019,44964.56693
9465,Oil_thermal,0.36,-9.79000006,-36.6575,2019,44669.06604
9469,Oil_thermal,3.028,-22.71,-42.24861111,2019,550420.6313
9473,Oil_thermal,0.343,-16.61472667,-49.25874389,2019,62349.49688
9477,Oil_thermal,0.288,-20.14888889,-44.87936111,2019,52351.76414
9481,Oil_thermal,0.12,-22.832576,-42.132255,2019,21813.23506
9485,Oil_thermal,0.72,-22.90823864,-47.09254637,2019,130879.4104
9489,Oil_thermal,0.12,-22.7775,-41.94222222,2019,21813.23506
9493,Oil_thermal,0.108,-26.91610805,-49.05763111,2019,52784.49161
9497,Oil_thermal,0.2392,-1.44944454,-48.49777723,2019,24802.73482
9501,Oil_thermal,1.23265,-1.3563889,-48.39916681,2019,127813.9259
9505,Oil_thermal,3.028,-22.63749999,-42.29805555,2019,550420.6313
9509,Oil_thermal,0.8,-21.72561917,-43.39304028,2019,145421.5671
9513,Oil_thermal,3.969,-12.84291278,-38.44785889,2019,492476.4531
9517,Oil_thermal,0.08,-22.83861111,-42.21916667,2019,14542.15671
9521,Oil_thermal,1.8326,-23.17280194,-47.26693,2019,333124.4548
9525,Oil_thermal,0.72,-8.02858139,-34.94378694,2019,89338.13207
9529,Oil_thermal,1.6,-19.94472222,-44.11861111,2019,290843.1341
9533,Oil_thermal,1.2,-15.61488918,-56.10277068,2019,218132.3506
9537,Oil_thermal,0.092,-22.77444444,-47.3225,2019,16723.48021
9541,Oil_thermal,0.2695,-12.828205,-38.43353083,2019,33439.75916
9545,Oil_thermal,0.208,-22.83111111,-42.02333333,2019,37809.60744
9549,Oil_thermal,0.9,-23.51305556,-46.655,2019,163599.263
9553,Oil_thermal,0.508,-16.35744446,-46.89936109,2019,92342.69509
9557,Oil_thermal,0.144,-22.775,-41.91944444,2019,26175.88207
9561,Oil_thermal,0.288,-22.82666667,-42.12527778,2019,52351.76414
9565,Oil_thermal,0.72,-22.84584558,-47.09009242,2019,130879.4104
9569,Oil_thermal,1.44,-22.85361111,-47.02722222,2019,261758.8207
9573,Oil_thermal,0.72,-23.67407582,-46.61317822,2019,130879.4104
9577,Oil_thermal,0.4096,-23.976843,-46.22220122,2019,74455.84234
9581,Oil_thermal,0.664,-23.53517633,-46.759979,2019,120699.9007
9585,Oil_thermal,0.76,-29.70763152,-51.13617614,2019,371446.4225
9589,Oil_thermal,0.4096,-23.62583333,-46.68638889,2019,74455.84234
9593,Oil_thermal,0.72,-23.65611111,-46.59555556,2019,130879.4104
9597,Oil_thermal,0.06,-31.61903882,-52.31023499,2019,29324.71756
9601,Oil_thermal,1.08,-15.73503048,-47.90486744,2019,196319.1155
9605,Oil_thermal,0.72,-18.87932622,-41.95881726,2019,130879.4104
9609,Oil_thermal,1.08,-23.46833333,-46.52166667,2019,196319.1155
9613,Oil_thermal,1.44,-23.52277778,-46.60083333,2019,261758.8207
9617,Oil_thermal,0.184,-22.87722221,-42.0513889,2019,33446.96043
9621,Oil_thermal,0.66,-22.88767633,-47.01442344,2019,119972.7928
9625,Oil_thermal,0.8192,-23.72722222,-46.55222222,2019,148911.6847
9629,Oil_thermal,0.72,-23.50472222,-46.8325,2019,130879.4104
9633,Oil_thermal,0.72,-23.64608966,-46.63864455,2019,130879.4104
9637,Oil_thermal,0.368,-23.51295411,-46.61914566,2019,66893.92085
9641,Oil_thermal,0.12,-22.88472222,-42.05277778,2019,21813.23506
9645,Oil_thermal,2.5504,-23.53555556,-46.77138889,2019,463603.9558
9649,Oil_thermal,0.36,-23.09962078,-45.70025678,2019,65439.70518
9653,Oil_thermal,0.72,-22.75816639,-43.43205028,2019,130879.4104
9657,Oil_thermal,1,-23.66972222,-46.53527778,2019,181776.9588
9661,Oil_thermal,0.508,-5.53111111,-47.48472222,2019,52674.70439
9665,Oil_thermal,4,-15.61027772,-56.15444444,2019,727107.8353
9669,Oil_thermal,1.44,-23.96722222,-46.36944444,2019,261758.8207
9673,Oil_thermal,0.8,-3.71144676,-40.33656264,2019,99264.59119
9677,Oil_thermal,0.864,-22.78525306,-43.30988806,2019,157055.2924
9681,Oil_thermal,1.08,-18.35194444,-49.21972222,2019,196319.1155
9685,Oil_thermal,0.72,-8.29681417,-35.9725375,2019,89338.13207
9689,Oil_thermal,0.29766,-22.92666667,-47.08111111,2019,54107.72957
9693,Oil_thermal,0.8,-21.71046667,-41.30906583,2019,145421.5671
9697,Oil_thermal,3.99999,-16.59035047,-49.86455253,2019,727106.0176
9701,Oil_thermal,0.369,-23.52305556,-46.82638889,2019,67075.69781
9705,Oil_thermal,0.63,-23.20230076,-46.98044915,2019,114519.4841
9709,Oil_thermal,0.8,-12.23436765,-38.97389048,2019,99264.59119
9713,Oil_thermal,0.576,-20.46638889,-54.60055555,2019,104703.5283
9717,Oil_thermal,0.48,-19.70111111,-43.95555556,2019,87252.94024
9721,Oil_thermal,0.092,-31.0263889,-52.04944443,2019,44964.56693
9725,Oil_thermal,0.208,-22.88972222,-42.04916667,2019,37809.60744
9729,Oil_thermal,0.369,-23.2175,-45.89055555,2019,67075.69781
9733,Oil_thermal,0.3608,-22.81132333,-45.19821667,2019,65585.12675
9737,Oil_thermal,0.414,-21.99190944,-47.88519195,2019,75255.66096
9741,Oil_thermal,0.414,-23.25502466,-47.31948049,2019,75255.66096
9745,Oil_thermal,0.2296,-23.66609167,-46.72204722,2019,41735.98975
9749,Oil_thermal,0.369,-23.67472222,-46.71277778,2019,67075.69781
9753,Oil_thermal,0.46,-22.93237887,-45.444683,2019,83617.40106
9757,Oil_thermal,0.4232,-23.21712524,-47.29914999,2019,76928.00898
9761,Oil_thermal,0.4232,-23.11440801,-47.21906517,2019,76928.00898
9765,Oil_thermal,0.02,-23.58527778,-46.88916667,2019,3635.539177
9769,Oil_thermal,2.6,-17.59472222,-44.71833334,2019,472620.093
9773,Oil_thermal,0.4232,-22.36780277,-46.95436389,2019,76928.00898
9777,Oil_thermal,0.414,-23.68028889,-46.59765833,2019,75255.66096
9781,Oil_thermal,0.4232,-22.74967222,-47.37226667,2019,76928.00898
9785,Oil_thermal,0.414,-22.822145,-47.26580306,2019,75255.66096
9789,Oil_thermal,0.084,-22.62027778,-42.00555556,2019,15269.26454
9793,Oil_thermal,0.414,-24.186121,-46.79099099,2019,75255.66096
9797,Oil_thermal,0.506,-22.73557472,-47.60834778,2019,91979.14117
9801,Oil_thermal,3.36,-26.77861111,-53.20194444,2019,1642184.184
9805,Oil_thermal,0.369,-22.84416667,-47.10055556,2019,67075.69781
9809,Oil_thermal,0.72,-7.22769668,-39.34704082,2019,89338.13207
9813,Oil_thermal,0.414,-23.29000833,-45.95378333,2019,75255.66096
9817,Oil_thermal,1.2,-22.69916667,-43.46527778,2019,218132.3506
9821,Oil_thermal,2.6,-9.55462078,-35.73664566,2019,322609.9214
9825,Oil_thermal,1.56,-22.82954694,-43.032335,2019,283572.0558
9829,Oil_thermal,1.08,-5.14850966,-42.78470122,2019,134007.1981
9833,Oil_thermal,0.72,-23.76747075,-46.71790581,2019,130879.4104
9837,Oil_thermal,3.6744,-23.21209167,-47.57558917,2019,667921.2575
9841,Oil_thermal,1,-10.84472222,-61.99333333,2019,181776.9588
9845,Oil_thermal,1.656,-22.99667912,-47.10702894,2019,301022.6438
9849,Oil_thermal,0.416,-22.97833336,-45.46416667,2019,75619.21487
9853,Oil_thermal,0.32,-23.53414778,-46.21692778,2019,58168.62683
9857,Oil_thermal,0.3608,-23.43297778,-46.40434722,2019,65585.12675
9861,Oil_thermal,9.26,-16.98862222,-48.96139722,2019,1683254.639
9865,Oil_thermal,0.5715,-3.87972222,-38.62138889,2019,70912.14233
9869,Oil_thermal,1.2,-21.18080556,-43.98241667,2019,218132.3506
9873,Oil_thermal,2.44,-7.81867745,-35.30713881,2019,302757.0031
9877,Oil_thermal,0.4,-22.52722222,-43.54749998,2019,72710.78353
9881,Oil_thermal,0.1476,-23.43131436,-46.4129506,2019,26830.27912
9885,Oil_thermal,0.36,-11.82921389,-55.51398889,2019,65439.70518
9889,Oil_thermal,0.5136,-19.78273444,-45.27658111,2019,93360.64606
9893,Oil_thermal,0.0816,-23.48443056,-46.54353333,2019,14832.99984
9897,Oil_thermal,0.2304,-15.80388921,-47.89606661,2019,41881.41132
9901,Oil_thermal,0.272,-15.83172917,-47.91095984,2019,49443.3328
9905,Oil_thermal,0.36,-15.75950833,-47.87851667,2019,65439.70518
9909,Oil_thermal,0.2107,-23.79743661,-47.69166344,2019,38300.40523
9913,Oil_thermal,0.4,-15.96556649,-48.02278683,2019,72710.78353
9917,Oil_thermal,0.36,-20.38138891,-44.48444452,2019,65439.70518
9921,Oil_thermal,0.508,-28.2775,-54.26916667,2019,248282.6087
9925,Oil_thermal,0.12922,-1.42138889,-48.48138889,2019,13398.8687
9929,Oil_thermal,1,-8.11922222,-34.90519444,2019,124080.739
9933,Oil_thermal,4,-29.9725,-51.194125,2019,1954981.171
9937,Oil_thermal,0.76,-23.54406528,-46.61525666,2019,138150.4887
9941,Oil_thermal,0.9376,-22.75566694,-47.32508472,2019,170434.0766
9945,Oil_thermal,2.16,-8.33833333,-35.02222222,2019,268014.3962
9949,Oil_thermal,1.224,-20.44583333,-43.9325,2019,222494.9976
9953,Oil_thermal,0.72,-23.43669644,-46.71992284,2019,130879.4104
9957,Oil_thermal,3.624,-26.24653333,-52.70111111,2019,1771212.941
9961,Oil_thermal,0.4504,-19.89027777,-44.58055556,2019,81872.34226
9969,Oil_thermal,2.8,-26.949292,-52.530506,2019,1368486.82
9973,Oil_thermal,0.72,-5.17154885,-37.37351718,2019,89338.13207
9977,Oil_thermal,0.288,-15.77992681,-47.87441298,2019,52351.76414
9981,Oil_thermal,0.12,-22.87527777,-42.03888889,2019,21813.23506
9985,Oil_thermal,2.1984,-23.02138889,-43.48861111,2019,399618.4663
9989,Oil_thermal,2.1792,-18.90999982,-48.25944432,2019,396128.3487
9993,Oil_thermal,1.2,-22.75416667,-46.09444445,2019,218132.3506
9997,Oil_thermal,0.72,-21.81786917,-48.17245916,2019,130879.4104
10001,Oil_thermal,0.288,-15.72078871,-47.88292216,2019,52351.76414
10005,Oil_thermal,0.72,-23.61166667,-46.74083333,2019,130879.4104
10009,Oil_thermal,0.28,-23.01722222,-45.55166667,2019,50897.54847
10013,Oil_thermal,4,-23.20805555,-46.77777778,2019,727107.8353
10017,Oil_thermal,0.36,-15.81552126,-48.01062189,2019,65439.70518
10021,Oil_thermal,0.12,-22.84944444,-42.24027778,2019,21813.23506
10025,Oil_thermal,0.369,-23.02502339,-45.5735844,2019,67075.69781
10029,Oil_thermal,1.5408,-22.77861111,-42.16583333,2019,280081.9382
10033,Oil_thermal,1.524,-22.8388889,-43.37000014,2019,277028.0853
10037,Oil_thermal,1.44,-23.59663227,-46.85851202,2019,261758.8207
10041,Oil_thermal,0.16,-26.29861111,-48.84472222,2019,78199.24683
10045,Oil_thermal,0.72,-9.4512525,-40.4881825,2019,89338.13207
10049,Oil_thermal,1.6,-28.40067633,-54.96256233,2019,781992.4683
10053,Oil_thermal,2.4,-21.23046044,-50.50778638,2019,436264.7012
10057,Oil_thermal,2.16,-14.45906522,-54.029979,2019,392638.2311
10061,Oil_thermal,1.104,-28.43170411,-53.877979,2019,539574.8032
10065,Oil_thermal,0.00018,-2.42083333,-54.71666667,2019,18.66426533
10069,Oil_thermal,0.266,-18.91314137,-46.96980695,2019,48352.67105
10077,Oil_thermal,1.012,-22.75611111,-45.10916667,2019,183958.2823
10081,Oil_thermal,0.32,-16.65363889,-49.2531111,2019,58168.62683
10085,Oil_thermal,0.36,-16.67583333,-49.26330556,2019,65439.70518
10089,Oil_thermal,0.72,-17.78966664,-50.92019442,2019,130879.4104
10093,Oil_thermal,0.36,-16.65961112,-49.2594722,2019,65439.70518
10097,Oil_thermal,3.12,-27.854843,-54.470729,2019,1524885.313
10101,Oil_thermal,0.32,-16.69766667,-49.3139722,2019,58168.62683
10105,Oil_thermal,0.56,-16.70394444,-49.2683889,2019,101795.0969
10109,Oil_thermal,0.508,-28.65248466,-55.89593955,2019,248282.6087
10113,Oil_thermal,0.36,-16.77025002,-49.35202776,2019,65439.70518
10117,Oil_thermal,0.4,-16.73075001,-49.23422221,2019,72710.78353
10121,Oil_thermal,0.36,-16.68472221,-49.29308331,2019,65439.70518
10125,Oil_thermal,0.32,-17.88713891,-51.71405553,2019,58168.62683
10129,Oil_thermal,0.01,-1.07333333,-61.54611111,2019,1036.90363
10133,Oil_thermal,0.4,-16.70880558,-49.27380553,2019,72710.78353
10137,Oil_thermal,0.56,-16.66366666,-49.29799999,2019,101795.0969
10141,Oil_thermal,0.4,-15.54647222,-47.32477778,2019,72710.78353
10145,Oil_thermal,0.32,-21.78208331,-43.35788885,2019,58168.62683
10149,Oil_thermal,4,-19.94169378,-44.01165197,2019,727107.8353
10153,Oil_thermal,0.56,-16.65922222,-49.18738888,2019,101795.0969
10157,Oil_thermal,0.56,-17.549,-52.54505556,2019,101795.0969
10161,Oil_thermal,0.36,-21.74022222,-43.36905556,2019,65439.70518
10165,Oil_thermal,0.4,-16.33341667,-48.93161111,2019,72710.78353
10169,Oil_thermal,0.168,-21.75855556,-43.34677778,2019,30538.52908
10173,Oil_thermal,0.3472,-21.14972222,-42.42611111,2019,63112.96011
10177,Oil_thermal,0.56,-16.65419444,-49.32988889,2019,101795.0969
10181,Oil_thermal,0.36,-21.75469444,-43.35422222,2019,65439.70518
10185,Oil_thermal,0.36,-16.78683333,-49.27938889,2019,65439.70518
10189,Oil_thermal,3.186,-23.82777778,-46.36166667,2019,579141.3908
10193,Oil_thermal,0.6728,-23.59944444,-46.63694444,2019,122299.5379
10209,Oil_thermal,0.508,-21.76961111,-43.36966667,2019,92342.69509
10213,Oil_thermal,0.208,-19.95575,-47.89625,2019,37809.60744
10217,Oil_thermal,1.694,-8.02027778,-62.87277778,2019,307930.1683
10221,Oil_thermal,0.198,-8.22,-63.18416667,2019,35991.83785
10225,Oil_thermal,0.286,-8.17305555,-62.77916664,2019,51988.21023
10229,Oil_thermal,0.077,-8.02277778,-62.77277778,2019,13996.82583
10233,Oil_thermal,0.742,-8.15888889,-63.32111112,2019,134878.5035
10237,Oil_thermal,0.234,-8.23555552,-63.25250002,2019,42535.80837
10241,Oil_thermal,1.682,-8.435,-63.49583333,2019,305748.8448
10245,Oil_thermal,0.232,-12.85105927,-62.90259268,2019,42172.25445
10249,Oil_thermal,0.662,-13.08583327,-62.27777774,2019,120336.3467
10253,Oil_thermal,0.66,-11.88444444,-65.01916667,2019,119972.7928
10257,Oil_thermal,0.56,-15.56623611,-54.30894444,2019,101795.0969
10261,Oil_thermal,0.1,-23.52972222,-46.66277778,2019,18177.69588
10265,Oil_thermal,0.36,-21.75894444,-43.35011111,2019,65439.70518
10269,Oil_thermal,0.4,-27.59023889,-48.51507778,2019,195498.1171
10273,Oil_thermal,2.916,-22.4475,-47.54833333,2019,530061.612
10277,Oil_thermal,2.6,-27.18344085,-52.23343761,2019,1270737.761
10281,Oil_thermal,0.092,-22.85483333,-47.05111111,2019,16723.48021
10285,Oil_thermal,0.184,-22.85277778,-47.04972222,2019,33446.96043
10289,Oil_thermal,0.0648,-23.30480556,-45.97216667,2019,11779.14693
10293,Oil_thermal,0.0648,-19.98395186,-43.8498016,2019,11779.14693
10297,Oil_thermal,0.56,-16.64302,-49.27479,2019,101795.0969
10301,Oil_thermal,0.092,-22.93086111,-45.46141667,2019,16723.48021
10305,Oil_thermal,0.144,-8.06166667,-34.92027778,2019,17867.62641
10309,Oil_thermal,0.0648,-23.57003333,-48.028425,2019,11779.14693
10313,Oil_thermal,0.46,-22.92051667,-48.46655555,2019,83617.40106
10317,Oil_thermal,0.092,-23.99286111,-46.25772222,2019,16723.48021
10321,Oil_thermal,1.016,-22.75308333,-47.29783333,2019,184685.3902
10325,Oil_thermal,0.184,-22.01486111,-47.87825,2019,33446.96043
10329,Oil_thermal,0.092,-23.26356111,-47.30037222,2019,16723.48021
10333,Oil_thermal,0.256,-16.49865,-49.43028001,2019,46534.90146
10337,Oil_thermal,0.508,-21.75477778,-43.35072222,2019,92342.69509
10341,Oil_thermal,0.1128,-22.72141667,-47.63288889,2019,20504.44096
10345,Oil_thermal,0.084,-21.14133333,-47.98297222,2019,15269.26454
10349,Oil_thermal,0.288,-15.59888889,-56.10027778,2019,52351.76414
10353,Oil_thermal,0.5496,-4.85361111,-43.35333333,2019,56988.22349
10357,Oil_thermal,0.064,-8.1275,-34.91527778,2019,7941.167295
10361,Oil_thermal,0.184,-21.79144444,-48.20263889,2019,33446.96043
10365,Oil_thermal,0.72,-16.74158333,-49.27661111,2019,130879.4104
10369,Oil_thermal,2.4,-7.19925,-48.30195194,2019,248856.8711
10373,Oil_thermal,1.794,-22.925,-43.36111111,2019,326107.8641
10377,Oil_thermal,0.184,-10.91405556,-37.0545,2019,22830.85597
10381,Oil_thermal,0.0416,-23.75966,-46.03011,2019,7561.921487
10389,Oil_thermal,0.44,-22.88925,-43.28780556,2019,79981.86189
10393,Oil_thermal,0.48,-23.19913889,-45.90027778,2019,87252.94024
10397,Oil_thermal,0.184,-21.7675,-41.32361111,2019,33446.96043
10401,Oil_thermal,0.24,-23.03183333,-45.56869444,2019,43626.47012
10405,Oil_thermal,0.208,-23.60444444,-46.61805556,2019,37809.60744
10409,Oil_thermal,0.208,-23.66863889,-46.68097222,2019,37809.60744
10413,Oil_thermal,0.208,-23.515,-46.43555556,2019,37809.60744
10417,Oil_thermal,0.368,-22.85280556,-43.25613888,2019,66893.92085
10421,Oil_thermal,0.1,-23.63675,-46.51897222,2019,18177.69588
10425,Oil_thermal,0.384,-9.64675,-35.71288889,2019,47647.00377
10429,Oil_thermal,0.092,-23.49055556,-46.58,2019,16723.48021
10433,Oil_thermal,0.392,-22.8325,-43.07561111,2019,71256.56786
10437,Oil_thermal,0.368,-22.92016667,-43.21216667,2019,66893.92085
10441,Oil_thermal,0.1,-23.68416667,-46.62363889,2019,18177.69588
10445,Oil_thermal,0.368,-22.95483333,-43.19044444,2019,66893.92085
10449,Oil_thermal,0.06,-31.33138931,-54.10979024,2019,29324.71756
10453,Oil_thermal,0.092,-22.95713889,-46.97697222,2019,16723.48021
10457,Oil_thermal,0.208,-23.58694444,-46.71694444,2019,37809.60744
10461,Oil_thermal,0.184,-22.87933333,-43.40608333,2019,33446.96043
10465,Oil_thermal,0.092,-23.64972222,-46.66638889,2019,16723.48021
10469,Oil_thermal,0.044,-22.39769444,-47.56433333,2019,7998.186189
10473,Oil_thermal,0.144,-30.07005556,-51.23127778,2019,70379.32215
10477,Oil_thermal,0.144,-24.01772222,-46.4555,2019,26175.88207
10481,Oil_thermal,0.184,-22.92319,-43.45026,2019,33446.96043
10485,Oil_thermal,0.0648,-23.44027778,-46.5475,2019,11779.14693
10489,Oil_thermal,0.208,-23.48722222,-46.73166667,2019,37809.60744
10493,Oil_thermal,0.208,-23.485,-46.62361111,2019,37809.60744
10497,Oil_thermal,0.092,-23.53138889,-46.2,2019,16723.48021
10501,Oil_thermal,0.0648,-23.66772222,-46.53977778,2019,11779.14693
10505,Oil_thermal,0.144,-23.65008,-46.64811,2019,26175.88207
10509,Oil_thermal,0.208,-23.61472222,-46.74361111,2019,37809.60744
10513,Oil_thermal,0.616,-15.79213889,-47.90990179,2019,111974.6066
10517,Oil_thermal,0.1344,-23.55166667,-46.65472222,2019,24430.82327
10521,Oil_thermal,0.8,-23.51266667,-46.70527778,2019,145421.5671
10525,Oil_thermal,0.368,-23.01419444,-43.46644444,2019,66893.92085
10529,Oil_thermal,0.484,-12.98997222,-38.45944444,2019,60055.07767
10533,Oil_thermal,0.2912,-23.52111111,-46.66527778,2019,52933.45041
10537,Oil_thermal,0.092,-23.55663889,-46.66227778,2019,16723.48021
10541,Oil_thermal,0.092,-22.92319,-43.45026,2019,16723.48021
10545,Oil_thermal,0.12,-20.36438889,-40.30094444,2019,21813.23506
10549,Oil_thermal,0.32,-23.65008,-46.64811,2019,58168.62683
10553,Oil_thermal,0.144,-23.61,-46.69472222,2019,26175.88207
10557,Oil_thermal,0.0688,-7.12166667,-34.83816667,2019,8536.754843
10561,Oil_thermal,0.184,-22.56997222,-47.422,2019,33446.96043
10565,Oil_thermal,2.4,-23.54722222,-46.63416667,2019,436264.7012
10569,Oil_thermal,0.1876,-23.58277778,-46.68313889,2019,34101.35748
10573,Oil_thermal,0.24,-23.5475,-46.63611111,2019,43626.47012
10577,Oil_thermal,1.6192,-19.92238889,-43.92211111,2019,294333.2517
10581,Oil_thermal,0.144,-21.22982778,-50.44735833,2019,26175.88207
10585,Oil_thermal,0.208,-23.54694444,-46.57722222,2019,37809.60744
10589,Oil_thermal,0.168,-18.57888889,-46.51805556,2019,30538.52908
10597,Oil_thermal,0.208,-23.5725,-46.57027778,2019,37809.60744
10605,Oil_thermal,0.8624,-23.53805556,-46.77666667,2019,156764.4493
10609,Oil_thermal,0.896,-23.49911111,-46.85066667,2019,162872.1551
10613,Oil_thermal,0.72,-22.93183333,-43.32608333,2019,130879.4104
10617,Oil_thermal,0.184,-22.53283333,-43.19308333,2019,33446.96043
10621,Oil_thermal,0.5496,-5.08916667,-42.80194444,2019,68194.77415
10625,Oil_thermal,0.208,-23.52972222,-46.6875,2019,37809.60744
10629,Oil_thermal,0.32,-21.74153574,-43.36321834,2019,58168.62683
10633,Oil_thermal,0.092,-24.08057,-49.30356,2019,16723.48021
10637,Oil_thermal,0.12,-20.30311111,-40.31455556,2019,21813.23506
10641,Oil_thermal,0.24,-7.16427778,-34.86027778,2019,29779.37736
10645,Oil_thermal,0.12,-20.80638889,-49.39083333,2019,21813.23506
10653,Oil_thermal,0.56,-12.93247222,-38.50707778,2019,69485.21384
10657,Oil_thermal,0.52,-22.90666667,-47.08583333,2019,94524.01859
10661,Oil_thermal,0.72,-12.89024444,-38.31338611,2019,89338.13207
10665,Oil_thermal,0.736,-12.93888889,-38.38641111,2019,91323.4239
10669,Oil_thermal,0.184,-21.69891667,-43.42463889,2019,33446.96043
10673,Oil_thermal,0.36,-19.7480555,-47.98055559,2019,65439.70518
10677,Oil_thermal,3.92,-15.65261885,-56.12292242,2019,712565.6786
10681,Oil_thermal,0.648,-23.43889,-46.475836,2019,117791.4693
10685,Oil_thermal,0.0296,-21.67222222,-51.08111111,2019,5380.597981
10689,Oil_thermal,0.24,-22.24111111,-51.42611111,2019,43626.47012
10693,Oil_thermal,0.26,-26.90494195,-48.70266826,2019,127073.7761
10697,Oil_thermal,0.16,-23.51138891,-47.4888889,2019,29084.31341
10701,Oil_thermal,0.4232,-22.31219167,-49.05798889,2019,76928.00898
10705,Oil_thermal,0.0504,-23.61194445,-46.65916666,2019,9161.558725
10709,Oil_thermal,2.16,-8.33805555,-35.02277778,2019,268014.3962
10713,Oil_thermal,2,-10.32666666,-56.97944445,2019,363553.9177
10717,Oil_thermal,3,-7.14003794,-34.99055165,2019,372242.217
10721,Oil_thermal,0.08,-23.49701509,-46.8298032,2019,14542.15671
10725,Oil_thermal,0.256,-23.63297223,-46.71197222,2019,46534.90146
10729,Oil_thermal,1.35,-23.42555558,-46.41416667,2019,245398.8944
10733,Oil_thermal,4.48,-22.78085437,-45.14807569,2019,814360.7756
10737,Oil_thermal,2.4,-16.39805555,-48.965,2019,436264.7012
10741,Oil_thermal,3.036,-12.68462139,-38.30055556,2019,376709.1236
10749,Oil_thermal,0.1,-23.53777779,-46.63416666,2019,18177.69588
10753,Oil_thermal,0.0912,-23.52055557,-46.66583333,2019,16578.05865
10757,Oil_thermal,1.2,-10.67000034,-37.80500011,2019,148896.8868
10761,Oil_thermal,2.25,-23.4330555,-46.32805553,2019,408998.1574
10765,Oil_thermal,0.0176,-30.06476249,-51.22350139,2019,8601.917152
10769,Oil_thermal,5.04,-0.15667598,-50.38664855,2019,522599.4294
10773,Oil_thermal,8.04,-1.51251578,-52.58307508,2019,833670.5183
10777,Oil_thermal,3.8,-0.98596678,-49.94593211,2019,394023.3793
10781,Oil_thermal,1.2,-3.60724188,-55.32992016,2019,124428.4356
10785,Oil_thermal,1.3,-0.16089936,-50.0014821,2019,134797.4719
10789,Oil_thermal,2.4,-1.25324775,-48.55351001,2019,248856.8711
10793,Oil_thermal,2.432,-2.16973152,-56.74221191,2019,252174.9627
10797,Oil_thermal,7.015,-1.40416262,-51.63833053,2019,727387.8962
10801,Oil_thermal,3.2,-6.22873371,-57.76063407,2019,331809.1615
10805,Oil_thermal,21.63,-2.16304346,-56.10055107,2019,2242822.551
10809,Oil_thermal,5.226,-1.54083174,-49.25027579,2019,541885.8369
10813,Oil_thermal,5.48,-2.00250287,-49.86222416,2019,568223.1891
10817,Oil_thermal,8.04,-1.74832844,-52.23833037,2019,833670.5183
10821,Oil_thermal,3.96,-1.79416556,-53.4755554,2019,410613.8374
10825,Oil_thermal,1.6,-0.71848205,-49.18068195,2019,165904.5808
10829,Oil_thermal,15.99,-9.3432816,-50.33387252,2019,1658008.904
10833,Oil_thermal,6.06,-1.72110873,-49.52888922,2019,628363.5996
10837,Oil_thermal,5.24,-2.10444103,-56.48749194,2019,543337.502
10841,Oil_thermal,0.192,-19.80916667,-47.92530544,2019,34901.1761
10845,Oil_thermal,0.22,-23.65388889,-46.71638888,2019,39990.93094
10849,Oil_thermal,5,-23.56500095,-46.63833143,2019,908884.7942
10857,Oil_thermal,0.891,-2.67277786,-65.67416667,2019,92388.11341
10861,Oil_thermal,0.891,-3.86277778,-62.48166667,2019,92388.11341
10865,Oil_thermal,0.891,-1.82611111,-66.59888889,2019,92388.11341
10869,Oil_thermal,1.408,-3.5294557,-64.41118006,2019,145996.0311
10873,Oil_thermal,2.464,-1.87777778,-66.99388889,2019,255493.0544
10877,Oil_thermal,2.816,-6.43944444,-68.24611111,2019,291992.0621
10881,Oil_thermal,3.168,-3.47226134,-66.06544538,2019,328491.0699
10885,Oil_thermal,4.095,-7.05472225,-71.691389,2019,424612.0364
10889,Oil_thermal,4.224,-1.83481271,-65.60696942,2019,437988.0932
10893,Oil_thermal,3.872,-3.23472222,-64.78666667,2019,401489.0854
10897,Oil_thermal,4.224,-2.98611111,-65.15777778,2019,437988.0932
10901,Oil_thermal,4.095,-7.44083333,-70.02972222,2019,424612.0364
10905,Oil_thermal,8.448,-6.66055555,-69.87611111,2019,875976.1864
10909,Oil_thermal,9.531,-4.87722222,-66.89638889,2019,988272.8495
10913,Oil_thermal,29.652,-3.35444444,-64.67027778,2019,3074626.643
10917,Oil_thermal,0.63,-4.04166666,-69.5286111,2019,65324.92867
10921,Oil_thermal,0.891,-2.93083333,-69.69638887,2019,92388.11341
10925,Oil_thermal,0.63,-5.13694389,-72.81111111,2019,65324.92867
10929,Oil_thermal,0.891,-3.05361111,-69.00222222,2019,92388.11341
10933,Oil_thermal,1.408,-3.07861112,-68.06277778,2019,145996.0311
10937,Oil_thermal,3.872,-3.36916667,-68.19111093,2019,401489.0854
10941,Oil_thermal,4.928,-2.8877777,-67.79416658,2019,510986.1087
10945,Oil_thermal,5.984,-2.74222222,-66.76833333,2019,620483.132
10949,Oil_thermal,4.928,-4.49781,-69.4507,2019,510986.1087
10953,Oil_thermal,6.336,-2.52416661,-66.03861108,2019,656982.1398
10957,Oil_thermal,19.062,-4.25749934,-69.93861144,2019,1976545.699
10961,Oil_thermal,10.59,-4.35611111,-70.03527778,2019,1098080.944
10965,Oil_thermal,0.22,-23.59888892,-46.76027775,2019,39990.93094
10969,Oil_thermal,1.088,-22.96649429,-43.18819252,2019,197773.3312
10973,Oil_thermal,0.8,-23.7128376,-46.54705943,2019,145421.5671
10989,Oil_thermal,0.4,-16.67888889,-49.25388888,2019,72710.78353
10993,Oil_thermal,1.32,-10.94666667,-37.075,2019,163786.5755
10997,Oil_thermal,0.504,-10.96888889,-37.05416666,2019,62536.69245
11005,Oil_thermal,0.1344,-29.70388888,-53.80055556,2019,65687.36734
11009,Oil_thermal,1.1144,-23.528838,-46.66322658,2019,202572.2429
11017,Oil_thermal,0.168,-1.45689444,-48.47871111,2019,17419.98098
11021,Oil_thermal,0.0848,-23.21000001,-45.88583332,2019,15414.68611
11025,Oil_thermal,0.10625,-23.20861111,-45.90166666,2019,19313.80188
11033,Oil_thermal,0.8,-18.57500744,-46.5136126,2019,145421.5671
11037,Oil_thermal,1.6,-8.03148929,-34.90254682,2019,198529.1824
11041,Oil_thermal,1.6,-23.63042116,-46.70786582,2019,290843.1341
11045,Oil_thermal,0.24,-27.65083333,-52.24777777,2019,117298.8703
11049,Oil_thermal,0.04,-23.65916666,-46.535,2019,7271.078353
11061,Oil_thermal,0.76,-23.6435602,-46.64273247,2019,138150.4887
11069,Oil_thermal,2.25,-23.53191287,-46.61974485,2019,408998.1574
11073,Oil_thermal,0.3472,-23.30625014,-45.96277647,2019,63112.96011
11077,Oil_thermal,1.8,-23.55805318,-46.6574979,2019,327198.5259
11085,Oil_thermal,1.8248,-19.76894242,-44.11691785,2019,331706.5945
11089,Oil_thermal,0.044,-27.6212164,-52.26137997,2019,21504.79288
11101,Oil_thermal,0.0506,-27.62110933,-52.2613871,2019,24730.51181
11105,Oil_thermal,1.6,-22.86694087,-43.60444087,2019,290843.1341
11109,Oil_thermal,0.6056,-21.38952607,-42.69340124,2019,110084.1263
11117,Oil_thermal,0.8215,-2.76512348,-57.75970602,2019,85181.63318
11121,Oil_thermal,2.103,-2.45623488,-57.10763924,2019,218060.8333
11125,Oil_thermal,0.8215,-2.44408848,-57.28882348,2019,85181.63318
11129,Oil_thermal,10.212,-2.62313763,-60.94733315,2019,1058885.987
11133,Oil_thermal,5.427,-2.91318555,-59.0427175,2019,562727.5998
11137,Oil_thermal,10.614,-3.11449277,-59.01879612,2019,1100569.513
11141,Oil_thermal,5.914,-2.57527146,-57.86419416,2019,613224.8066
11145,Oil_thermal,1.744,-2.79335328,-57.21898529,2019,180835.993
11149,Oil_thermal,7.375,-2.80653741,-57.06510345,2019,764716.4269
11153,Oil_thermal,5.914,-2.96537386,-57.5863244,2019,613224.8066
11157,Oil_thermal,30.388,-3.37707371,-57.72706191,2019,3150942.75
11161,Oil_thermal,5.914,-7.71559029,-66.99410287,2019,613224.8066
11165,Oil_thermal,1.616,-3.69305556,-61.06444444,2019,167563.6266
11169,Oil_thermal,8.349,-5.62138889,-63.18777778,2019,865710.8404
11173,Oil_thermal,1.091,-6.25036111,-64.24633333,2019,113126.186
11177,Oil_thermal,0.8215,-3.54722222,-58.92972222,2019,85181.63318
11181,Oil_thermal,0.8215,-3.27540639,-60.93412139,2019,85181.63318
11185,Oil_thermal,1.1875,-3.18686597,-59.501154,2019,123132.306
11189,Oil_thermal,10.212,-3.43187485,-60.45961901,2019,1058885.987
11193,Oil_thermal,19.697,-7.28121389,-64.77726944,2019,2042389.079
11197,Oil_thermal,1.412,-4.28977,-61.8039825,2019,146410.7925
11201,Oil_thermal,15.801,-3.41094333,-59.9083125,2019,1638411.425
11205,Oil_thermal,15.801,-3.81153095,-60.36110945,2019,1638411.425
11209,Oil_thermal,8.836,-3.19755722,-59.82844599,2019,916208.0472
11213,Oil_thermal,1.45,-3.31227667,-61.11511,2019,150351.0263
11217,Oil_thermal,5.427,-6.524411,-64.385392,2019,562727.5998
11221,Oil_thermal,10.127,-3.89247835,-61.37047689,2019,1050072.306
11225,Oil_thermal,1.412,-3.42044936,-61.36289291,2019,146410.7925
11229,Oil_thermal,18.723,-8.76931107,-67.32919716,2019,1941394.666
11233,Oil_thermal,13.65,-5.8151832,-61.29239035,2019,1415373.455
11237,Oil_thermal,6.175,-7.20932222,-59.89181944,2019,640287.9913
11241,Oil_thermal,21.223,-7.48501389,-63.02585,2019,2200620.573
11245,Oil_thermal,9.218,-3.88630556,-59.07238889,2019,955817.7659
11249,Oil_thermal,10.518,-4.40491667,-59.59077778,2019,1090615.238
11253,Oil_thermal,11.066,-0.12944444,-67.08972222,2019,1147437.557
11257,Oil_thermal,11.066,-3.60569444,-59.13347222,2019,1147437.557
11261,Oil_thermal,1.6,-22.86709078,-43.6044266,2019,290843.1341
11265,Oil_thermal,1.6,-22.86739773,-43.60441946,2019,290843.1341
11269,Oil_thermal,0.728,-23.56748651,-46.59172818,2019,132333.626
11273,Oil_thermal,1.6,-22.86723355,-43.60441946,2019,290843.1341
11277,Oil_thermal,0.32,-23.56611711,-46.69000185,2019,58168.62683
11281,Oil_thermal,1.092,-23.60796962,-46.72539345,2019,198500.439
11285,Oil_thermal,1.2,-23.4966625,-46.84666369,2019,218132.3506
11289,Oil_thermal,0.6056,-21.40824745,-42.6822496,2019,110084.1263
11293,Oil_thermal,2.6,-23.6293577,-46.57944907,2019,472620.093
11297,Oil_thermal,0.675,-23.6836111,-46.55722222,2019,122699.4472
11301,Oil_thermal,0.4,-23.61733023,-46.49617585,2019,72710.78353
11305,Oil_thermal,2.032,-20.31638443,-45.48507894,2019,369370.7803
11309,Oil_thermal,0.364,-23.56756667,-46.59171944,2019,66166.81302
11313,Oil_thermal,1.44,-23.59030953,-46.68225714,2019,261758.8207
11325,Oil_thermal,2.4,-23.4022222,-46.8341667,2019,436264.7012
11329,Oil_thermal,0.2504,-23.615,-46.6922222,2019,45516.95049
11333,Oil_thermal,0.32,-10.9432222,-37.048375,2019,39705.83648
11337,Oil_thermal,0.8,-23.6213889,-46.7866667,2019,145421.5671
11341,Oil_thermal,1.2,-16.0014383,-56.1684722,2019,218132.3506
11345,Oil_thermal,0.1824,-23.4735917,-46.5340028,2019,33156.11729
11357,Oil_thermal,29.52,-0.01428905,-51.18078158,2019,3060939.515
11361,Oil_thermal,24.48,0.03510479,-51.08255073,2019,2538340.086
11365,Oil_thermal,36,-0.01376398,-51.18081887,2019,3732853.067
11369,Oil_thermal,2.4,-23.69111111,-46.54916667,2019,436264.7012
11373,Oil_thermal,0.56,-10.89444444,-37.05944445,2019,69485.21384
11377,Oil_thermal,1.84,-27.58138889,-49.00722222,2019,899291.3386
11381,Oil_thermal,0.136,-19.748161,-47.976036,2019,24721.6664
